Time,Precipitation (mm),Temperature (°C),Humidity,cloud cover,wind speed,shortwave_radiation
2024-04-29 00:00:00,0.0,13.4,93.0,0.0,3.8,0.0
2024-04-29 01:00:00,0.0,12.8,95.0,0.0,6.5,0.0
2024-04-29 02:00:00,0.0,12.2,97.0,0.0,6.9,0.0
2024-04-29 03:00:00,0.0,11.7,98.0,0.0,6.6,0.0
2024-04-29 04:00:00,0.0,11.3,98.0,0.0,5.9,0.0
2024-04-29 05:00:00,0.0,11.9,96.0,10.0,4.2,0.0
2024-04-29 06:00:00,0.0,12.1,95.0,100.0,7.9,0.0
2024-04-29 07:00:00,0.0,13.6,92.0,100.0,6.6,34.0
2024-04-29 08:00:00,0.0,13.9,92.0,100.0,5.5,133.0
2024-04-29 09:00:00,0.0,15.2,84.0,98.0,2.8,295.0
2024-04-29 10:00:00,0.0,17.3,72.0,32.0,5.8,565.0
2024-04-29 11:00:00,0.0,19.0,66.0,13.0,10.5,794.0
2024-04-29 12:00:00,0.0,19.9,63.0,3.0,15.4,927.0
2024-04-29 13:00:00,0.0,20.1,59.0,0.0,17.4,979.0
2024-04-29 14:00:00,0.0,20.2,58.0,0.0,17.3,965.0
2024-04-29 15:00:00,0.0,20.0,60.0,1.0,17.8,886.0
2024-04-29 16:00:00,0.0,19.6,61.0,1.0,16.2,748.0
2024-04-29 17:00:00,0.0,19.0,65.0,1.0,14.2,562.0
2024-04-29 18:00:00,0.0,17.9,73.0,0.0,12.5,350.0
2024-04-29 19:00:00,0.0,17.0,79.0,0.0,7.6,138.0
2024-04-29 20:00:00,0.0,16.2,84.0,0.0,5.1,9.0
2024-04-29 21:00:00,0.0,15.6,89.0,0.0,5.2,0.0
2024-04-29 22:00:00,0.0,15.0,94.0,0.0,4.9,0.0
2024-04-29 23:00:00,0.0,14.4,97.0,0.0,5.4,0.0
2024-04-30 00:00:00,0.0,13.9,98.0,0.0,5.8,0.0
2024-04-30 01:00:00,0.0,13.5,97.0,0.0,6.6,0.0
2024-04-30 02:00:00,0.0,13.0,97.0,5.0,6.5,0.0
2024-04-30 03:00:00,0.0,12.8,97.0,10.0,4.7,0.0
2024-04-30 04:00:00,0.0,12.8,97.0,12.0,4.1,0.0
2024-04-30 05:00:00,0.0,12.0,98.0,33.0,5.6,0.0
2024-04-30 06:00:00,0.0,13.0,97.0,100.0,5.9,0.0
2024-04-30 07:00:00,0.0,13.2,97.0,100.0,6.2,25.0
2024-04-30 08:00:00,0.0,13.8,94.0,100.0,6.2,82.0
2024-04-30 09:00:00,0.0,14.9,87.0,100.0,5.2,197.0
2024-04-30 10:00:00,0.0,15.9,81.0,100.0,4.0,306.0
2024-04-30 11:00:00,0.0,17.4,73.0,51.0,6.6,510.0
2024-04-30 12:00:00,0.0,19.2,65.0,15.0,13.5,877.0
2024-04-30 13:00:00,0.0,19.6,64.0,5.0,18.3,975.0
2024-04-30 14:00:00,0.0,19.7,61.0,0.0,19.4,965.0
2024-04-30 15:00:00,0.0,19.6,62.0,0.0,18.6,888.0
2024-04-30 16:00:00,0.0,19.1,64.0,0.0,17.8,749.0
2024-04-30 17:00:00,0.0,18.5,67.0,0.0,16.0,564.0
2024-04-30 18:00:00,0.0,17.1,74.0,1.0,15.3,348.0
2024-04-30 19:00:00,0.0,16.1,79.0,1.0,12.6,138.0
2024-04-30 20:00:00,0.0,15.4,84.0,2.0,10.2,9.0
2024-04-30 21:00:00,0.0,15.2,85.0,2.0,10.4,0.0
2024-04-30 22:00:00,0.0,14.9,86.0,7.0,10.6,0.0
2024-04-30 23:00:00,0.0,14.4,89.0,6.0,10.5,0.0
2024-05-01 00:00:00,0.0,14.0,90.0,0.0,9.3,0.0
2024-05-01 01:00:00,0.0,13.5,91.0,0.0,8.1,0.0
2024-05-01 02:00:00,0.0,13.1,92.0,0.0,7.9,0.0
2024-05-01 03:00:00,0.0,12.9,92.0,1.0,9.7,0.0
2024-05-01 04:00:00,0.0,12.4,93.0,4.0,8.4,0.0
2024-05-01 05:00:00,0.0,12.1,94.0,18.0,8.6,0.0
2024-05-01 06:00:00,0.0,12.5,93.0,34.0,8.0,0.0
2024-05-01 07:00:00,0.0,13.4,88.0,27.0,9.3,44.0
2024-05-01 08:00:00,0.0,15.3,79.0,18.0,7.8,220.0
2024-05-01 09:00:00,0.0,17.0,69.0,68.0,5.8,415.0
2024-05-01 10:00:00,0.0,18.1,63.0,98.0,7.4,475.0
2024-05-01 11:00:00,0.0,19.3,60.0,55.0,10.1,720.0
2024-05-01 12:00:00,0.0,19.5,62.0,14.0,16.9,811.0
2024-05-01 13:00:00,0.0,19.8,58.0,0.0,19.2,953.0
2024-05-01 14:00:00,0.0,19.8,57.0,0.0,18.5,959.0
2024-05-01 15:00:00,0.0,19.6,61.0,0.0,18.4,882.0
2024-05-01 16:00:00,0.0,19.3,63.0,0.0,16.9,745.0
2024-05-01 17:00:00,0.0,18.7,66.0,0.0,15.3,560.0
2024-05-01 18:00:00,0.0,17.0,71.0,15.0,12.9,332.0
2024-05-01 19:00:00,0.0,16.1,74.0,8.0,9.6,132.0
2024-05-01 20:00:00,0.0,15.4,78.0,0.0,7.8,9.0
2024-05-01 21:00:00,0.0,15.1,79.0,1.0,6.7,0.0
2024-05-01 22:00:00,0.0,14.9,80.0,0.0,5.8,0.0
2024-05-01 23:00:00,0.0,14.7,82.0,1.0,3.7,0.0
2024-05-02 00:00:00,0.0,14.3,86.0,0.0,2.9,0.0
2024-05-02 01:00:00,0.0,13.8,87.0,0.0,4.7,0.0
2024-05-02 02:00:00,0.0,13.3,90.0,0.0,5.6,0.0
2024-05-02 03:00:00,0.0,12.9,91.0,0.0,7.1,0.0
2024-05-02 04:00:00,0.0,12.6,92.0,0.0,7.9,0.0
2024-05-02 05:00:00,0.0,12.3,93.0,0.0,8.0,0.0
2024-05-02 06:00:00,0.0,13.0,92.0,2.0,7.9,0.0
2024-05-02 07:00:00,0.0,13.9,85.0,0.0,8.5,51.0
2024-05-02 08:00:00,0.0,15.5,78.0,1.0,6.9,233.0
2024-05-02 09:00:00,0.0,17.3,69.0,51.0,6.2,441.0
2024-05-02 10:00:00,0.0,18.9,62.0,57.0,7.2,580.0
2024-05-02 11:00:00,0.0,19.8,60.0,42.0,12.2,727.0
2024-05-02 12:00:00,0.0,19.8,62.0,0.0,17.9,916.0
2024-05-02 13:00:00,0.0,20.0,60.0,0.0,17.8,976.0
2024-05-02 14:00:00,0.0,19.9,60.0,0.0,18.0,961.0
2024-05-02 15:00:00,0.0,19.6,62.0,0.0,17.6,880.0
2024-05-02 16:00:00,0.0,19.2,64.0,0.0,15.1,742.0
2024-05-02 17:00:00,0.0,18.9,65.0,0.0,13.0,561.0
2024-05-02 18:00:00,0.0,16.9,71.0,0.0,14.0,344.0
2024-05-02 19:00:00,0.0,16.2,76.0,7.0,12.1,138.0
2024-05-02 20:00:00,0.0,15.8,78.0,26.0,7.3,10.0
2024-05-02 21:00:00,0.0,15.7,79.0,40.0,3.5,0.0
2024-05-02 22:00:00,0.0,15.6,79.0,97.0,0.4,0.0
2024-05-02 23:00:00,0.0,15.7,79.0,100.0,4.1,0.0
2024-05-03 00:00:00,0.0,15.5,79.0,99.0,5.0,0.0
2024-05-03 01:00:00,0.0,15.2,81.0,27.0,4.7,0.0
2024-05-03 02:00:00,0.0,14.4,85.0,2.0,6.3,0.0
2024-05-03 03:00:00,0.0,13.9,88.0,8.0,6.7,0.0
2024-05-03 04:00:00,0.0,13.7,89.0,84.0,9.1,0.0
2024-05-03 05:00:00,0.0,13.4,91.0,92.0,8.8,0.0
2024-05-03 06:00:00,0.0,14.8,84.0,100.0,9.4,0.0
2024-05-03 07:00:00,0.0,14.9,84.0,100.0,9.7,18.0
2024-05-03 08:00:00,0.0,15.5,78.0,100.0,8.6,93.0
2024-05-03 09:00:00,0.0,16.3,73.0,100.0,6.8,191.0
2024-05-03 10:00:00,0.0,17.5,67.0,100.0,5.8,365.0
2024-05-03 11:00:00,0.0,19.0,60.0,58.0,7.3,536.0
2024-05-03 12:00:00,0.0,20.0,57.0,0.0,15.6,880.0
2024-05-03 13:00:00,0.0,19.6,62.0,0.0,19.8,972.0
2024-05-03 14:00:00,0.0,19.8,60.0,0.0,18.4,965.0
2024-05-03 15:00:00,0.0,19.7,60.0,0.0,17.3,890.0
2024-05-03 16:00:00,0.0,19.3,61.0,0.0,15.8,753.0
2024-05-03 17:00:00,0.0,18.7,64.0,0.0,13.9,567.0
2024-05-03 18:00:00,0.0,17.5,70.0,9.0,10.8,347.0
2024-05-03 19:00:00,0.0,16.8,73.0,21.0,8.2,140.0
2024-05-03 20:00:00,0.0,16.2,76.0,11.0,8.0,10.0
2024-05-03 21:00:00,0.0,15.9,78.0,7.0,6.6,0.0
2024-05-03 22:00:00,0.0,15.5,80.0,11.0,6.5,0.0
2024-05-03 23:00:00,0.0,15.0,81.0,4.0,6.8,0.0
2024-05-04 00:00:00,0.0,14.7,82.0,1.0,6.5,0.0
2024-05-04 01:00:00,0.0,14.6,82.0,97.0,6.2,0.0
2024-05-04 02:00:00,0.0,14.5,81.0,100.0,6.6,0.0
2024-05-04 03:00:00,0.0,14.6,80.0,100.0,7.4,0.0
2024-05-04 04:00:00,0.0,14.4,81.0,100.0,6.9,0.0
2024-05-04 05:00:00,0.0,13.7,85.0,28.0,4.6,0.0
2024-05-04 06:00:00,0.0,14.9,80.0,100.0,8.8,0.0
2024-05-04 07:00:00,0.0,15.0,80.0,100.0,10.0,29.0
2024-05-04 08:00:00,0.0,16.0,75.0,54.0,8.8,140.0
2024-05-04 09:00:00,0.0,17.5,65.0,100.0,7.6,379.0
2024-05-04 10:00:00,0.0,18.2,62.0,100.0,8.5,410.0
2024-05-04 11:00:00,0.0,18.7,61.0,99.0,11.6,549.0
2024-05-04 12:00:00,0.0,18.5,65.0,54.0,15.0,528.0
2024-05-04 13:00:00,0.0,19.3,62.0,38.0,16.6,796.0
2024-05-04 14:00:00,0.0,19.3,62.0,18.0,15.8,842.0
2024-05-04 15:00:00,0.0,19.1,61.0,65.0,15.4,822.0
2024-05-04 16:00:00,0.0,18.8,64.0,88.0,15.5,620.0
2024-05-04 17:00:00,0.0,18.4,67.0,99.0,16.5,505.0
2024-05-04 18:00:00,0.0,16.5,74.0,100.0,14.0,85.0
2024-05-04 19:00:00,0.0,16.4,74.0,100.0,11.3,55.0
2024-05-04 20:00:00,0.1,16.3,75.0,100.0,15.9,4.0
2024-05-04 21:00:00,0.0,15.8,79.0,73.0,12.6,0.0
2024-05-04 22:00:00,0.0,15.0,81.0,94.0,12.5,0.0
2024-05-04 23:00:00,0.0,15.0,79.0,100.0,13.5,0.0
2024-05-05 00:00:00,0.1,15.2,77.0,100.0,13.0,0.0
2024-05-05 01:00:00,0.1,15.1,75.0,100.0,12.7,0.0
2024-05-05 02:00:00,0.0,14.9,77.0,100.0,11.9,0.0
2024-05-05 03:00:00,0.0,15.0,78.0,100.0,10.4,0.0
2024-05-05 04:00:00,0.0,15.2,79.0,100.0,15.1,0.0
2024-05-05 05:00:00,0.2,15.2,82.0,100.0,19.7,0.0
2024-05-05 06:00:00,0.3,14.9,83.0,100.0,22.9,0.0
2024-05-05 07:00:00,0.4,14.7,84.0,100.0,24.5,15.0
2024-05-05 08:00:00,0.0,14.7,62.0,100.0,26.0,107.0
2024-05-05 09:00:00,0.0,15.1,59.0,32.0,26.4,193.0
2024-05-05 10:00:00,0.0,16.1,58.0,3.0,26.1,582.0
2024-05-05 11:00:00,0.0,16.6,55.0,0.0,25.8,829.0
2024-05-05 12:00:00,0.0,17.0,52.0,0.0,26.8,940.0
2024-05-05 13:00:00,0.0,17.0,51.0,0.0,26.7,981.0
2024-05-05 14:00:00,0.0,16.9,49.0,0.0,25.4,981.0
2024-05-05 15:00:00,0.0,16.8,49.0,0.0,24.3,904.0
2024-05-05 16:00:00,0.0,16.5,52.0,0.0,22.5,765.0
2024-05-05 17:00:00,0.0,15.9,56.0,3.0,19.7,579.0
2024-05-05 18:00:00,0.0,15.6,52.0,52.0,14.5,314.0
2024-05-05 19:00:00,0.0,15.0,55.0,58.0,11.3,118.0
2024-05-05 20:00:00,0.0,14.6,58.0,100.0,7.1,9.0
2024-05-05 21:00:00,0.0,14.7,60.0,22.0,2.6,0.0
2024-05-05 22:00:00,0.0,14.3,63.0,1.0,3.9,0.0
2024-05-05 23:00:00,0.0,13.2,70.0,0.0,6.5,0.0
2024-05-06 00:00:00,0.0,12.3,74.0,15.0,8.7,0.0
2024-05-06 01:00:00,0.0,11.4,76.0,21.0,11.2,0.0
2024-05-06 02:00:00,0.0,10.5,78.0,63.0,11.5,0.0
2024-05-06 03:00:00,0.0,10.0,79.0,30.0,12.5,0.0
2024-05-06 04:00:00,0.0,10.1,75.0,7.0,11.4,0.0
2024-05-06 05:00:00,0.0,9.7,73.0,0.0,9.9,0.0
2024-05-06 06:00:00,0.0,9.6,77.0,9.0,8.1,0.0
2024-05-06 07:00:00,0.0,11.2,71.0,1.0,6.5,62.0
2024-05-06 08:00:00,0.0,14.4,55.0,0.0,5.0,254.0
2024-05-06 09:00:00,0.0,16.7,44.0,0.0,4.7,474.0
2024-05-06 10:00:00,0.0,18.4,41.0,1.0,8.6,677.0
2024-05-06 11:00:00,0.0,19.0,45.0,0.0,16.2,839.0
2024-05-06 12:00:00,0.0,19.0,48.0,0.0,18.7,947.0
2024-05-06 13:00:00,0.0,19.4,47.0,0.0,17.3,995.0
2024-05-06 14:00:00,0.0,19.7,49.0,0.0,18.0,979.0
2024-05-06 15:00:00,0.0,20.0,49.0,0.0,19.5,897.0
2024-05-06 16:00:00,0.0,19.8,50.0,0.0,19.6,758.0
2024-05-06 17:00:00,0.0,19.2,51.0,0.0,17.9,575.0
2024-05-06 18:00:00,0.0,18.3,51.0,0.0,16.1,361.0
2024-05-06 19:00:00,0.0,17.0,60.0,0.0,14.2,151.0
2024-05-06 20:00:00,0.0,16.0,69.0,0.0,10.3,13.0
2024-05-06 21:00:00,0.0,15.5,74.0,0.0,9.4,0.0
2024-05-06 22:00:00,0.0,15.1,78.0,0.0,8.1,0.0
2024-05-06 23:00:00,0.0,14.4,83.0,0.0,6.1,0.0
2024-05-07 00:00:00,0.0,13.3,88.0,0.0,4.9,0.0
2024-05-07 01:00:00,0.0,12.4,90.0,0.0,4.4,0.0
2024-05-07 02:00:00,0.0,11.9,89.0,0.0,5.6,0.0
2024-05-07 03:00:00,0.0,11.5,87.0,0.0,6.6,0.0
2024-05-07 04:00:00,0.0,11.2,87.0,0.0,6.5,0.0
2024-05-07 05:00:00,0.0,11.3,87.0,0.0,8.8,0.0
2024-05-07 06:00:00,0.0,11.0,90.0,0.0,8.6,0.0
2024-05-07 07:00:00,0.0,12.5,81.0,0.0,9.0,63.0
2024-05-07 08:00:00,0.0,15.2,70.0,2.0,10.2,250.0
2024-05-07 09:00:00,0.0,17.0,67.0,0.0,10.6,463.0
2024-05-07 10:00:00,0.0,18.6,61.0,0.0,12.6,662.0
2024-05-07 11:00:00,0.0,19.1,59.0,0.0,17.3,824.0
2024-05-07 12:00:00,0.0,19.5,50.0,0.0,20.8,935.0
2024-05-07 13:00:00,0.0,19.7,53.0,0.0,21.3,987.0
2024-05-07 14:00:00,0.0,19.6,55.0,0.0,19.6,972.0
2024-05-07 15:00:00,0.0,19.3,57.0,0.0,17.6,894.0
2024-05-07 16:00:00,0.0,18.9,61.0,0.0,16.4,758.0
2024-05-07 17:00:00,0.0,18.4,63.0,0.0,14.3,576.0
2024-05-07 18:00:00,0.0,17.4,68.0,0.0,14.3,365.0
2024-05-07 19:00:00,0.0,16.4,77.0,0.0,12.1,153.0
2024-05-07 20:00:00,0.0,15.7,81.0,30.0,10.2,13.0
2024-05-07 21:00:00,0.0,15.5,82.0,50.0,8.7,0.0
2024-05-07 22:00:00,0.0,15.2,83.0,63.0,10.8,0.0
2024-05-07 23:00:00,0.0,14.9,84.0,80.0,12.6,0.0
2024-05-08 00:00:00,0.0,14.7,84.0,58.0,13.4,0.0
2024-05-08 01:00:00,0.0,14.5,86.0,41.0,12.3,0.0
2024-05-08 02:00:00,0.0,14.3,86.0,17.0,11.3,0.0
2024-05-08 03:00:00,0.0,13.7,89.0,26.0,10.6,0.0
2024-05-08 04:00:00,0.0,13.2,92.0,39.0,9.7,0.0
2024-05-08 05:00:00,0.0,13.0,92.0,48.0,8.9,0.0
2024-05-08 06:00:00,0.0,13.0,87.0,1.0,8.0,0.0
2024-05-08 07:00:00,0.0,14.3,81.0,8.0,15.4,62.0
2024-05-08 08:00:00,0.0,15.8,70.0,54.0,18.6,243.0
2024-05-08 09:00:00,0.0,16.9,64.0,94.0,16.0,405.0
2024-05-08 10:00:00,0.0,17.7,63.0,30.0,14.9,569.0
2024-05-08 11:00:00,0.0,18.7,60.0,16.0,15.1,789.0
2024-05-08 12:00:00,0.0,19.3,59.0,11.0,16.4,903.0
2024-05-08 13:00:00,0.0,19.5,59.0,4.0,19.3,976.0
2024-05-08 14:00:00,0.0,19.7,58.0,1.0,19.5,969.0
2024-05-08 15:00:00,0.0,19.6,60.0,0.0,19.8,891.0
2024-05-08 16:00:00,0.0,19.2,61.0,0.0,19.7,753.0
2024-05-08 17:00:00,0.0,18.7,63.0,0.0,18.0,572.0
2024-05-08 18:00:00,0.0,17.3,69.0,8.0,17.4,347.0
2024-05-08 19:00:00,0.0,16.6,73.0,5.0,15.0,146.0
2024-05-08 20:00:00,0.0,16.1,76.0,1.0,12.2,13.0
2024-05-08 21:00:00,0.0,15.9,77.0,7.0,9.8,0.0
2024-05-08 22:00:00,0.0,15.7,78.0,8.0,7.6,0.0
2024-05-08 23:00:00,0.0,15.4,80.0,14.0,6.8,0.0
2024-05-09 00:00:00,0.0,15.0,83.0,8.0,8.9,0.0
2024-05-09 01:00:00,0.0,14.4,86.0,2.0,9.2,0.0
2024-05-09 02:00:00,0.0,13.9,88.0,2.0,7.4,0.0
2024-05-09 03:00:00,0.0,13.5,89.0,5.0,8.0,0.0
2024-05-09 04:00:00,0.0,12.9,92.0,5.0,7.0,0.0
2024-05-09 05:00:00,0.0,12.4,93.0,8.0,6.1,0.0
2024-05-09 06:00:00,0.0,13.8,88.0,2.0,6.9,0.0
2024-05-09 07:00:00,0.0,15.1,81.0,32.0,11.6,61.0
2024-05-09 08:00:00,0.0,16.4,74.0,100.0,14.9,222.0
2024-05-09 09:00:00,0.0,16.9,71.0,100.0,10.9,242.0
2024-05-09 10:00:00,0.0,17.8,66.0,98.0,9.0,340.0
2024-05-09 11:00:00,0.0,19.0,60.0,46.0,7.7,557.0
2024-05-09 12:00:00,0.0,20.2,56.0,11.0,11.5,835.0
2024-05-09 13:00:00,0.0,20.0,59.0,0.0,19.5,968.0
2024-05-09 14:00:00,0.0,19.8,58.0,0.0,19.6,969.0
2024-05-09 15:00:00,0.0,20.0,58.0,0.0,20.7,891.0
2024-05-09 16:00:00,0.0,19.7,59.0,0.0,18.1,754.0
2024-05-09 17:00:00,0.0,19.2,60.0,0.0,15.8,571.0
2024-05-09 18:00:00,0.0,17.6,65.0,0.0,14.7,363.0
2024-05-09 19:00:00,0.0,16.8,69.0,0.0,11.0,154.0
2024-05-09 20:00:00,0.0,16.1,73.0,0.0,9.0,14.0
2024-05-09 21:00:00,0.0,15.8,74.0,0.0,6.2,0.0
2024-05-09 22:00:00,0.0,15.7,75.0,2.0,5.1,0.0
2024-05-09 23:00:00,0.0,15.5,77.0,2.0,4.1,0.0
2024-05-10 00:00:00,0.0,14.8,83.0,0.0,3.8,0.0
2024-05-10 01:00:00,0.0,14.4,85.0,2.0,2.6,0.0
2024-05-10 02:00:00,0.0,14.0,87.0,5.0,3.2,0.0
2024-05-10 03:00:00,0.0,13.4,89.0,2.0,6.6,0.0
2024-05-10 04:00:00,0.0,12.9,90.0,4.0,8.7,0.0
2024-05-10 05:00:00,0.0,12.2,92.0,2.0,8.4,0.0
2024-05-10 06:00:00,0.0,12.5,92.0,12.0,5.9,0.0
2024-05-10 07:00:00,0.0,14.2,84.0,11.0,4.0,57.0
2024-05-10 08:00:00,0.0,15.6,77.0,100.0,3.1,209.0
2024-05-10 09:00:00,0.0,16.7,72.0,100.0,0.7,289.0
2024-05-10 10:00:00,0.0,18.2,65.0,100.0,4.7,467.0
2024-05-10 11:00:00,0.0,19.6,62.0,5.0,12.3,724.0
2024-05-10 12:00:00,0.0,20.0,61.0,43.0,16.9,907.0
2024-05-10 13:00:00,0.0,19.6,64.0,37.0,17.3,918.0
2024-05-10 14:00:00,0.0,19.7,62.0,26.0,16.9,903.0
2024-05-10 15:00:00,0.0,19.5,62.0,26.0,17.0,846.0
2024-05-10 16:00:00,0.0,19.0,62.0,7.0,15.6,716.0
2024-05-10 17:00:00,0.0,18.5,62.0,4.0,14.8,570.0
2024-05-10 18:00:00,0.0,17.4,67.0,12.0,14.8,357.0
2024-05-10 19:00:00,0.0,16.5,74.0,18.0,16.6,153.0
2024-05-10 20:00:00,0.0,16.0,77.0,20.0,12.9,14.0
2024-05-10 21:00:00,0.0,15.7,78.0,9.0,9.1,0.0
2024-05-10 22:00:00,0.0,15.6,79.0,16.0,7.3,0.0
2024-05-10 23:00:00,0.0,15.4,81.0,86.0,6.4,0.0
2024-05-11 00:00:00,0.0,15.5,81.0,100.0,8.0,0.0
2024-05-11 01:00:00,0.0,15.5,82.0,100.0,9.7,0.0
2024-05-11 02:00:00,0.0,15.4,83.0,100.0,11.0,0.0
2024-05-11 03:00:00,0.0,15.5,83.0,100.0,11.7,0.0
2024-05-11 04:00:00,0.0,15.5,82.0,74.0,12.2,0.0
2024-05-11 05:00:00,0.0,15.2,84.0,33.0,11.9,0.0
2024-05-11 06:00:00,0.0,15.5,85.0,94.0,11.7,0.0
2024-05-11 07:00:00,0.0,15.8,82.0,96.0,10.3,38.0
2024-05-11 08:00:00,0.0,16.4,78.0,93.0,8.3,146.0
2024-05-11 09:00:00,0.0,17.6,71.0,97.0,7.7,326.0
2024-05-11 10:00:00,0.0,19.1,64.0,49.0,9.5,567.0
2024-05-11 11:00:00,0.0,20.0,63.0,11.0,14.6,775.0
2024-05-11 12:00:00,0.0,20.0,64.0,11.0,19.2,910.0
2024-05-11 13:00:00,0.0,19.9,63.0,10.0,19.6,966.0
2024-05-11 14:00:00,0.0,19.9,62.0,6.0,19.7,950.0
2024-05-11 15:00:00,0.0,19.7,63.0,2.0,18.4,875.0
2024-05-11 16:00:00,0.0,19.3,65.0,1.0,17.1,750.0
2024-05-11 17:00:00,0.0,18.8,66.0,3.0,14.8,570.0
2024-05-11 18:00:00,0.0,16.6,76.0,11.0,14.2,310.0
2024-05-11 19:00:00,0.0,15.8,79.0,11.0,9.9,143.0
2024-05-11 20:00:00,0.0,15.4,81.0,11.0,5.7,15.0
2024-05-11 21:00:00,0.0,15.2,82.0,19.0,4.4,0.0
2024-05-11 22:00:00,0.0,15.1,83.0,30.0,3.3,0.0
2024-05-11 23:00:00,0.0,14.9,84.0,45.0,2.6,0.0
2024-05-12 00:00:00,0.0,14.8,84.0,99.0,0.8,0.0
2024-05-12 01:00:00,0.0,14.9,84.0,45.0,1.1,0.0
2024-05-12 02:00:00,0.0,14.4,89.0,27.0,2.1,0.0
2024-05-12 03:00:00,0.0,14.1,89.0,100.0,2.5,0.0
2024-05-12 04:00:00,0.0,14.1,90.0,100.0,2.4,0.0
2024-05-12 05:00:00,0.0,14.5,87.0,100.0,3.1,0.0
2024-05-12 06:00:00,0.0,14.6,88.0,100.0,4.2,0.0
2024-05-12 07:00:00,0.0,14.7,87.0,100.0,4.4,26.0
2024-05-12 08:00:00,0.0,15.1,84.0,100.0,5.0,108.0
2024-05-12 09:00:00,0.0,16.2,77.0,100.0,4.4,278.0
2024-05-12 10:00:00,0.0,18.0,68.0,73.0,1.5,516.0
2024-05-12 11:00:00,0.0,20.1,60.0,27.0,7.6,797.0
2024-05-12 12:00:00,0.0,21.0,57.0,7.0,15.6,925.0
2024-05-12 13:00:00,0.0,20.7,58.0,0.0,19.0,981.0
2024-05-12 14:00:00,0.0,20.8,57.0,0.0,17.9,968.0
2024-05-12 15:00:00,0.0,20.9,58.0,0.0,16.9,889.0
2024-05-12 16:00:00,0.0,20.6,61.0,0.0,18.3,753.0
2024-05-12 17:00:00,0.0,20.0,63.0,0.0,16.4,573.0
2024-05-12 18:00:00,0.0,17.5,72.0,1.0,14.8,367.0
2024-05-12 19:00:00,0.0,16.6,78.0,0.0,11.6,159.0
2024-05-12 20:00:00,0.0,16.0,82.0,2.0,9.1,17.0
2024-05-12 21:00:00,0.0,15.9,83.0,30.0,6.6,0.0
2024-05-12 22:00:00,0.0,15.7,83.0,41.0,4.3,0.0
2024-05-12 23:00:00,0.0,15.6,84.0,21.0,3.1,0.0
2024-05-13 00:00:00,0.0,15.3,85.0,100.0,2.7,0.0
2024-05-13 01:00:00,0.0,15.0,88.0,100.0,2.5,0.0
2024-05-13 02:00:00,0.0,15.0,87.0,100.0,1.1,0.0
2024-05-13 03:00:00,0.0,14.8,89.0,100.0,2.6,0.0
2024-05-13 04:00:00,0.0,14.6,88.0,100.0,2.9,0.0
2024-05-13 05:00:00,0.0,14.5,88.0,100.0,2.1,0.0
2024-05-13 06:00:00,0.0,14.8,90.0,100.0,2.0,0.0
2024-05-13 07:00:00,0.0,14.9,89.0,100.0,2.8,30.0
2024-05-13 08:00:00,0.0,15.2,86.0,100.0,3.9,98.0
2024-05-13 09:00:00,0.0,16.1,81.0,100.0,4.3,224.0
2024-05-13 10:00:00,0.0,17.6,73.0,100.0,4.9,415.0
2024-05-13 11:00:00,0.0,19.3,65.0,100.0,11.9,767.0
2024-05-13 12:00:00,0.0,19.4,65.0,100.0,15.9,891.0
2024-05-13 13:00:00,0.0,19.5,63.0,89.0,17.0,935.0
2024-05-13 14:00:00,0.0,19.6,61.0,77.0,18.1,926.0
2024-05-13 15:00:00,0.0,19.5,60.0,99.0,18.5,880.0
2024-05-13 16:00:00,0.0,18.9,64.0,74.0,18.2,710.0
2024-05-13 17:00:00,0.0,18.4,66.0,33.0,15.5,542.0
2024-05-13 18:00:00,0.0,17.4,70.0,2.0,13.9,370.0
2024-05-13 19:00:00,0.0,16.4,75.0,3.0,12.6,163.0
2024-05-13 20:00:00,0.0,15.6,79.0,2.0,11.5,18.0
2024-05-13 21:00:00,0.0,15.2,81.0,3.0,9.2,0.0
2024-05-13 22:00:00,0.0,15.0,83.0,11.0,7.7,0.0
2024-05-13 23:00:00,0.0,14.6,85.0,15.0,6.2,0.0
2024-05-14 00:00:00,0.0,14.4,86.0,47.0,3.6,0.0
2024-05-14 01:00:00,0.0,14.3,86.0,100.0,2.3,0.0
2024-05-14 02:00:00,0.0,14.2,84.0,100.0,0.7,0.0
2024-05-14 03:00:00,0.0,14.1,84.0,100.0,2.6,0.0
2024-05-14 04:00:00,0.0,14.0,84.0,100.0,2.9,0.0
2024-05-14 05:00:00,0.0,13.8,83.0,100.0,1.6,0.0
2024-05-14 06:00:00,0.0,14.0,82.0,100.0,3.0,0.0
2024-05-14 07:00:00,0.0,14.2,82.0,100.0,1.8,35.0
2024-05-14 08:00:00,0.0,14.8,78.0,100.0,1.8,152.0
2024-05-14 09:00:00,0.0,16.0,70.0,54.0,4.3,306.0
2024-05-14 10:00:00,0.0,17.7,62.0,8.0,8.7,596.0
2024-05-14 11:00:00,0.0,18.6,59.0,1.0,16.0,812.0
2024-05-14 12:00:00,0.0,18.5,58.0,1.0,18.2,942.0
2024-05-14 13:00:00,0.0,19.0,54.0,3.0,15.1,991.0
2024-05-14 14:00:00,0.0,19.1,56.0,2.0,16.0,970.0
2024-05-14 15:00:00,0.0,18.8,60.0,2.0,17.7,886.0
2024-05-14 16:00:00,0.0,18.3,63.0,1.0,18.3,756.0
2024-05-14 17:00:00,0.0,17.6,66.0,2.0,16.2,562.0
2024-05-14 18:00:00,0.0,16.8,70.0,48.0,14.0,326.0
2024-05-14 19:00:00,0.0,16.1,73.0,25.0,11.5,138.0
2024-05-14 20:00:00,0.0,15.5,76.0,40.0,7.5,16.0
2024-05-14 21:00:00,0.0,15.4,76.0,58.0,5.1,0.0
2024-05-14 22:00:00,0.0,15.4,75.0,100.0,4.8,0.0
2024-05-14 23:00:00,0.0,15.3,75.0,100.0,3.9,0.0
2024-05-15 00:00:00,0.0,15.2,75.0,98.0,5.2,0.0
2024-05-15 01:00:00,0.0,15.0,75.0,100.0,6.8,0.0
2024-05-15 02:00:00,0.0,14.9,75.0,100.0,9.1,0.0
2024-05-15 03:00:00,0.0,14.6,78.0,100.0,8.6,0.0
2024-05-15 04:00:00,0.0,14.5,79.0,100.0,6.2,0.0
2024-05-15 05:00:00,0.0,14.3,80.0,100.0,4.3,0.0
2024-05-15 06:00:00,0.0,14.5,79.0,100.0,4.3,0.0
2024-05-15 07:00:00,0.0,14.9,77.0,100.0,5.6,31.0
2024-05-15 08:00:00,0.0,15.4,74.0,100.0,3.7,116.0
2024-05-15 09:00:00,0.0,16.0,70.0,100.0,1.8,219.0
2024-05-15 10:00:00,0.0,17.1,64.0,100.0,3.9,354.0
2024-05-15 11:00:00,0.0,18.1,61.0,100.0,8.1,485.0
2024-05-15 12:00:00,0.0,18.3,61.0,100.0,11.5,459.0
2024-05-15 13:00:00,0.0,18.9,61.0,100.0,13.7,688.0
2024-05-15 14:00:00,0.0,18.5,63.0,98.0,15.3,602.0
2024-05-15 15:00:00,0.0,19.0,62.0,99.0,13.7,776.0
2024-05-15 16:00:00,0.0,18.8,63.0,99.0,14.2,562.0
2024-05-15 17:00:00,0.0,18.1,67.0,100.0,15.5,383.0
2024-05-15 18:00:00,0.0,16.3,71.0,95.0,11.2,158.0
2024-05-15 19:00:00,0.0,16.2,71.0,98.0,8.1,86.0
2024-05-15 20:00:00,0.0,15.9,73.0,100.0,3.5,9.0
2024-05-15 21:00:00,0.0,16.0,72.0,100.0,5.8,0.0
2024-05-15 22:00:00,0.0,15.7,73.0,100.0,5.8,0.0
2024-05-15 23:00:00,0.0,15.5,74.0,100.0,7.4,0.0
2024-05-16 00:00:00,0.0,15.3,75.0,100.0,6.0,0.0
2024-05-16 01:00:00,0.0,15.2,76.0,100.0,5.5,0.0
2024-05-16 02:00:00,0.0,15.0,77.0,100.0,6.4,0.0
2024-05-16 03:00:00,0.0,14.8,78.0,93.0,5.4,0.0
2024-05-16 04:00:00,0.0,14.6,79.0,82.0,3.3,0.0
2024-05-16 05:00:00,0.0,14.3,81.0,99.0,1.5,0.0
2024-05-16 06:00:00,0.0,14.8,74.0,58.0,2.9,0.0
2024-05-16 07:00:00,0.0,15.2,73.0,65.0,2.9,57.0
2024-05-16 08:00:00,0.0,16.2,69.0,97.0,1.0,191.0
2024-05-16 09:00:00,0.0,17.3,64.0,100.0,4.1,346.0
2024-05-16 10:00:00,0.0,18.3,61.0,100.0,8.4,471.0
2024-05-16 11:00:00,0.0,19.1,58.0,78.0,11.0,603.0
2024-05-16 12:00:00,0.0,19.7,57.0,53.0,17.0,788.0
2024-05-16 13:00:00,0.0,20.0,58.0,16.0,19.4,902.0
2024-05-16 14:00:00,0.0,20.2,57.0,3.0,19.9,949.0
2024-05-16 15:00:00,0.0,20.0,56.0,3.0,20.1,881.0
2024-05-16 16:00:00,0.0,19.4,58.0,1.0,19.8,751.0
2024-05-16 17:00:00,0.0,18.7,63.0,0.0,18.8,574.0
2024-05-16 18:00:00,0.0,17.2,71.0,2.0,15.7,369.0
2024-05-16 19:00:00,0.0,16.2,75.0,2.0,13.7,161.0
2024-05-16 20:00:00,0.0,15.6,79.0,16.0,11.0,19.0
2024-05-16 21:00:00,0.0,15.5,80.0,64.0,9.9,0.0
2024-05-16 22:00:00,0.0,15.6,80.0,100.0,10.0,0.0
2024-05-16 23:00:00,0.0,15.5,80.0,100.0,9.4,0.0
2024-05-17 00:00:00,0.0,15.4,81.0,100.0,8.7,0.0
2024-05-17 01:00:00,0.0,15.2,81.0,100.0,7.9,0.0
2024-05-17 02:00:00,0.0,15.0,81.0,100.0,7.2,0.0
2024-05-17 03:00:00,0.0,14.8,82.0,100.0,6.8,0.0
2024-05-17 04:00:00,0.0,14.7,81.0,100.0,6.0,0.0
2024-05-17 05:00:00,0.0,14.6,82.0,100.0,4.7,0.0
2024-05-17 06:00:00,0.0,15.0,81.0,100.0,2.9,0.0
2024-05-17 07:00:00,0.0,15.2,81.0,100.0,3.4,19.0
2024-05-17 08:00:00,0.0,15.9,78.0,100.0,4.4,72.0
2024-05-17 09:00:00,0.0,16.8,75.0,100.0,4.3,175.0
2024-05-17 10:00:00,0.0,17.4,72.0,100.0,5.6,296.0
2024-05-17 11:00:00,0.0,17.9,70.0,100.0,10.8,386.0
2024-05-17 12:00:00,0.0,19.0,67.0,68.0,14.4,690.0
2024-05-17 13:00:00,0.0,19.5,65.0,34.0,15.1,883.0
2024-05-17 14:00:00,0.0,19.8,62.0,47.0,12.9,897.0
2024-05-17 15:00:00,0.0,19.9,61.0,1.0,15.7,854.0
2024-05-17 16:00:00,0.0,19.6,63.0,0.0,16.5,763.0
2024-05-17 17:00:00,0.0,18.9,66.0,0.0,17.2,585.0
2024-05-17 18:00:00,0.0,17.0,74.0,8.0,16.7,376.0
2024-05-17 19:00:00,0.0,16.4,76.0,17.0,13.7,164.0
2024-05-17 20:00:00,0.0,15.9,76.0,28.0,9.7,18.0
2024-05-17 21:00:00,0.0,15.8,76.0,98.0,9.3,0.0
2024-05-17 22:00:00,0.0,15.6,77.0,98.0,6.9,0.0
2024-05-17 23:00:00,0.0,15.5,78.0,100.0,5.7,0.0
2024-05-18 00:00:00,0.0,15.3,79.0,100.0,7.2,0.0
2024-05-18 01:00:00,0.0,15.1,80.0,100.0,4.6,0.0
2024-05-18 02:00:00,0.0,15.2,79.0,100.0,2.9,0.0
2024-05-18 03:00:00,0.0,15.3,77.0,100.0,2.9,0.0
2024-05-18 04:00:00,0.0,15.1,78.0,100.0,4.6,0.0
2024-05-18 05:00:00,0.0,15.1,78.0,78.0,3.6,0.0
2024-05-18 06:00:00,0.0,14.0,89.0,10.0,7.1,1.0
2024-05-18 07:00:00,0.0,14.9,83.0,93.0,7.7,69.0
2024-05-18 08:00:00,0.0,16.1,76.0,98.0,4.2,201.0
2024-05-18 09:00:00,0.0,17.4,67.0,74.0,2.4,375.0
2024-05-18 10:00:00,0.0,18.7,60.0,1.0,6.8,549.0
2024-05-18 11:00:00,0.0,19.6,61.0,1.0,12.8,792.0
2024-05-18 12:00:00,0.0,19.8,62.0,0.0,15.8,932.0
2024-05-18 13:00:00,0.0,20.2,60.0,0.0,15.9,991.0
2024-05-18 14:00:00,0.0,20.4,60.0,0.0,17.6,974.0
2024-05-18 15:00:00,0.0,20.2,61.0,0.0,19.1,896.0
2024-05-18 16:00:00,0.0,19.9,61.0,0.0,19.1,761.0
2024-05-18 17:00:00,0.0,19.2,62.0,1.0,18.6,580.0
2024-05-18 18:00:00,0.0,17.9,68.0,0.0,17.7,370.0
2024-05-18 19:00:00,0.0,17.2,72.0,22.0,15.6,164.0
2024-05-18 20:00:00,0.0,16.5,76.0,21.0,13.0,20.0
2024-05-18 21:00:00,0.0,16.1,78.0,14.0,11.0,0.0
2024-05-18 22:00:00,0.0,16.0,79.0,18.0,9.7,0.0
2024-05-18 23:00:00,0.0,15.8,80.0,12.0,8.2,0.0
2024-05-19 00:00:00,0.0,15.4,82.0,16.0,7.7,0.0
2024-05-19 01:00:00,0.0,15.1,85.0,11.0,5.4,0.0
2024-05-19 02:00:00,0.0,14.3,90.0,14.0,3.8,0.0
2024-05-19 03:00:00,0.0,14.0,91.0,48.0,3.7,0.0
2024-05-19 04:00:00,0.0,14.1,91.0,67.0,2.9,0.0
2024-05-19 05:00:00,0.0,14.3,90.0,64.0,2.4,0.0
2024-05-19 06:00:00,0.0,14.8,85.0,100.0,5.2,0.0
2024-05-19 07:00:00,0.0,14.9,83.0,31.0,4.6,34.0
2024-05-19 08:00:00,0.0,15.9,68.0,20.0,2.9,237.0
2024-05-19 09:00:00,0.0,17.2,62.0,50.0,2.7,413.0
2024-05-19 10:00:00,0.0,18.1,59.0,34.0,9.0,547.0
2024-05-19 11:00:00,0.0,18.8,56.0,2.0,14.5,821.0
2024-05-19 12:00:00,0.0,19.2,55.0,8.0,16.9,945.0
2024-05-19 13:00:00,0.0,19.2,55.0,13.0,19.8,992.0
2024-05-19 14:00:00,0.0,19.0,56.0,6.0,20.9,970.0
2024-05-19 15:00:00,0.0,19.0,54.0,1.0,19.2,896.0
2024-05-19 16:00:00,0.0,18.6,56.0,0.0,16.9,769.0
2024-05-19 17:00:00,0.0,18.4,56.0,0.0,13.9,591.0
2024-05-19 18:00:00,0.0,17.0,67.0,29.0,13.2,362.0
2024-05-19 19:00:00,0.0,16.3,70.0,8.0,10.1,156.0
2024-05-19 20:00:00,0.0,15.8,73.0,11.0,6.9,21.0
2024-05-19 21:00:00,0.0,15.6,75.0,3.0,7.5,0.0
2024-05-19 22:00:00,0.0,15.3,78.0,1.0,7.5,0.0
2024-05-19 23:00:00,0.0,15.1,80.0,4.0,8.2,0.0
2024-05-20 00:00:00,0.0,14.7,81.0,14.0,6.2,0.0
2024-05-20 01:00:00,0.0,14.3,83.0,31.0,4.3,0.0
2024-05-20 02:00:00,0.0,14.1,84.0,71.0,3.3,0.0
2024-05-20 03:00:00,0.0,14.2,84.0,100.0,6.3,0.0
2024-05-20 04:00:00,0.0,14.6,82.0,100.0,7.3,0.0
2024-05-20 05:00:00,0.0,14.6,81.0,100.0,5.9,0.0
2024-05-20 06:00:00,0.0,14.8,78.0,100.0,9.2,0.0
2024-05-20 07:00:00,0.0,14.8,77.0,100.0,6.3,20.0
2024-05-20 08:00:00,0.0,15.2,74.0,89.0,2.2,118.0
2024-05-20 09:00:00,0.0,16.6,65.0,92.0,3.1,388.0
2024-05-20 10:00:00,0.0,17.8,58.0,28.0,7.9,524.0
2024-05-20 11:00:00,0.0,18.4,60.0,55.0,14.5,754.0
2024-05-20 12:00:00,0.0,18.3,60.0,72.0,13.8,714.0
2024-05-20 13:00:00,0.0,18.7,59.0,19.0,16.3,843.0
2024-05-20 14:00:00,0.0,18.9,59.0,4.0,20.2,943.0
2024-05-20 15:00:00,0.0,18.9,57.0,2.0,19.2,895.0
2024-05-20 16:00:00,0.0,18.4,58.0,0.0,16.9,767.0
2024-05-20 17:00:00,0.0,17.9,59.0,0.0,16.7,592.0
2024-05-20 18:00:00,0.0,17.1,67.0,17.0,14.1,376.0
2024-05-20 19:00:00,0.0,16.4,70.0,36.0,13.9,164.0
2024-05-20 20:00:00,0.0,15.6,74.0,100.0,10.7,21.0
2024-05-20 21:00:00,0.0,15.6,74.0,100.0,7.3,0.0
2024-05-20 22:00:00,0.0,15.5,73.0,100.0,3.6,0.0
2024-05-20 23:00:00,0.0,15.4,74.0,100.0,1.5,0.0
2024-05-21 00:00:00,0.0,15.1,75.0,100.0,2.5,0.0
2024-05-21 01:00:00,0.0,14.7,77.0,61.0,4.6,0.0
2024-05-21 02:00:00,0.0,14.1,79.0,62.0,4.6,0.0
2024-05-21 03:00:00,0.0,13.9,79.0,100.0,4.6,0.0
2024-05-21 04:00:00,0.0,14.0,78.0,100.0,6.1,0.0
2024-05-21 05:00:00,0.0,14.1,77.0,94.0,8.8,0.0
2024-05-21 06:00:00,0.0,14.1,77.0,20.0,1.8,1.0
2024-05-21 07:00:00,0.0,14.7,71.0,12.0,0.8,77.0
2024-05-21 08:00:00,0.0,15.9,64.0,7.0,1.3,267.0
2024-05-21 09:00:00,0.0,17.3,56.0,4.0,4.3,483.0
2024-05-21 10:00:00,0.0,18.4,53.0,3.0,9.0,678.0
2024-05-21 11:00:00,0.0,19.5,51.0,2.0,15.4,839.0
2024-05-21 12:00:00,0.0,19.6,53.0,0.0,21.4,949.0
2024-05-21 13:00:00,0.0,19.9,54.0,0.0,22.0,1002.0
2024-05-21 14:00:00,0.0,20.0,54.0,0.0,21.3,986.0
2024-05-21 15:00:00,0.0,19.7,56.0,0.0,20.9,909.0
2024-05-21 16:00:00,0.0,19.0,60.0,0.0,19.8,775.0
2024-05-21 17:00:00,0.0,18.5,62.0,0.0,17.7,595.0
2024-05-21 18:00:00,0.0,17.1,65.0,0.0,13.6,389.0
2024-05-21 19:00:00,0.0,16.3,68.0,0.0,9.3,179.0
2024-05-21 20:00:00,0.0,15.6,71.0,0.0,7.6,24.0
2024-05-21 21:00:00,0.0,15.4,73.0,0.0,7.1,0.0
2024-05-21 22:00:00,0.0,15.3,74.0,0.0,3.9,0.0
2024-05-21 23:00:00,0.0,14.9,76.0,2.0,2.8,0.0
2024-05-22 00:00:00,0.0,14.1,82.0,11.0,1.8,0.0
2024-05-22 01:00:00,0.0,13.9,82.0,13.0,1.5,0.0
2024-05-22 02:00:00,0.0,13.2,87.0,6.0,2.6,0.0
2024-05-22 03:00:00,0.0,12.5,91.0,2.0,5.4,0.0
2024-05-22 04:00:00,0.0,12.0,93.0,4.0,7.2,0.0
2024-05-22 05:00:00,0.0,11.5,94.0,12.0,7.1,0.0
2024-05-22 06:00:00,0.0,13.4,87.0,0.0,6.2,1.0
2024-05-22 07:00:00,0.0,14.5,78.0,26.0,8.0,78.0
2024-05-22 08:00:00,0.0,15.8,70.0,49.0,5.5,215.0
2024-05-22 09:00:00,0.0,16.8,63.0,68.0,3.9,303.0
2024-05-22 10:00:00,0.0,18.3,56.0,100.0,7.9,505.0
2024-05-22 11:00:00,0.0,18.9,59.0,89.0,13.0,659.0
2024-05-22 12:00:00,0.0,19.3,60.0,20.0,15.8,831.0
2024-05-22 13:00:00,0.0,19.5,58.0,8.0,18.3,973.0
2024-05-22 14:00:00,0.0,19.3,58.0,2.0,18.0,962.0
2024-05-22 15:00:00,0.0,19.3,58.0,0.0,17.6,896.0
2024-05-22 16:00:00,0.0,18.8,61.0,0.0,17.3,764.0
2024-05-22 17:00:00,0.0,18.3,65.0,0.0,16.1,587.0
2024-05-22 18:00:00,0.0,17.1,69.0,3.0,14.7,380.0
2024-05-22 19:00:00,0.0,16.5,72.0,8.0,13.9,172.0
2024-05-22 20:00:00,0.0,15.8,74.0,40.0,10.4,23.0
2024-05-22 21:00:00,0.0,15.5,75.0,37.0,7.8,0.0
2024-05-22 22:00:00,0.0,15.3,75.0,57.0,7.1,0.0
2024-05-22 23:00:00,0.0,15.2,75.0,66.0,5.7,0.0
2024-05-23 00:00:00,0.0,15.1,74.0,94.0,4.3,0.0
2024-05-23 01:00:00,0.0,15.1,74.0,91.0,5.1,0.0
2024-05-23 02:00:00,0.0,14.9,74.0,100.0,4.7,0.0
2024-05-23 03:00:00,0.0,14.9,73.0,100.0,4.5,0.0
2024-05-23 04:00:00,0.0,14.7,75.0,86.0,4.3,0.0
2024-05-23 05:00:00,0.0,14.4,78.0,71.0,5.8,0.0
2024-05-23 06:00:00,0.0,14.7,73.0,88.0,11.0,1.0
2024-05-23 07:00:00,0.0,15.0,73.0,95.0,13.1,54.0
2024-05-23 08:00:00,0.0,15.9,70.0,100.0,12.6,159.0
2024-05-23 09:00:00,0.0,16.7,65.0,100.0,13.0,233.0
2024-05-23 10:00:00,0.0,17.5,61.0,88.0,15.7,398.0
2024-05-23 11:00:00,0.0,17.7,62.0,89.0,16.2,455.0
2024-05-23 12:00:00,0.0,18.4,57.0,87.0,16.6,625.0
2024-05-23 13:00:00,0.0,19.5,54.0,82.0,17.9,846.0
2024-05-23 14:00:00,0.0,18.9,60.0,76.0,18.9,812.0
2024-05-23 15:00:00,0.0,18.3,63.0,81.0,17.1,683.0
2024-05-23 16:00:00,0.0,18.0,64.0,76.0,15.3,561.0
2024-05-23 17:00:00,0.0,17.7,65.0,85.0,13.6,439.0
2024-05-23 18:00:00,0.0,16.9,69.0,65.0,13.1,286.0
2024-05-23 19:00:00,0.0,16.2,73.0,87.0,14.7,139.0
2024-05-23 20:00:00,0.0,15.6,77.0,96.0,13.0,16.0
2024-05-23 21:00:00,0.0,15.4,77.0,89.0,9.2,0.0
2024-05-23 22:00:00,0.0,15.2,79.0,87.0,5.5,0.0
2024-05-23 23:00:00,0.0,15.0,79.0,100.0,4.0,0.0
2024-05-24 00:00:00,0.0,14.8,80.0,73.0,5.8,0.0
2024-05-24 01:00:00,0.0,14.5,82.0,100.0,4.1,0.0
2024-05-24 02:00:00,0.0,14.6,81.0,96.0,3.3,0.0
2024-05-24 03:00:00,0.0,14.5,81.0,100.0,4.0,0.0
2024-05-24 04:00:00,0.0,14.7,81.0,100.0,5.2,0.0
2024-05-24 05:00:00,0.0,14.7,83.0,100.0,4.6,0.0
2024-05-24 06:00:00,0.0,15.1,80.0,100.0,4.4,1.0
2024-05-24 07:00:00,0.0,15.2,82.0,100.0,8.8,25.0
2024-05-24 08:00:00,0.1,15.6,80.0,100.0,13.0,97.0
2024-05-24 09:00:00,0.0,15.8,76.0,100.0,11.8,122.0
2024-05-24 10:00:00,0.0,16.6,71.0,100.0,11.5,265.0
2024-05-24 11:00:00,0.0,17.1,69.0,100.0,11.5,366.0
2024-05-24 12:00:00,0.0,17.9,65.0,99.0,9.6,548.0
2024-05-24 13:00:00,0.0,18.8,61.0,93.0,11.6,761.0
2024-05-24 14:00:00,0.0,19.1,59.0,51.0,14.7,784.0
2024-05-24 15:00:00,0.0,19.3,60.0,23.0,18.3,833.0
2024-05-24 16:00:00,0.0,18.8,62.0,19.0,19.0,741.0
2024-05-24 17:00:00,0.0,18.4,64.0,49.0,17.9,576.0
2024-05-24 18:00:00,0.0,17.4,70.0,33.0,16.4,362.0
2024-05-24 19:00:00,0.0,16.5,72.0,94.0,14.8,158.0
2024-05-24 20:00:00,0.0,15.9,72.0,100.0,10.9,20.0
2024-05-24 21:00:00,0.0,15.8,71.0,95.0,8.0,0.0
2024-05-24 22:00:00,0.0,15.7,70.0,98.0,5.9,0.0
2024-05-24 23:00:00,0.0,15.5,71.0,100.0,3.3,0.0
2024-05-25 00:00:00,0.0,15.3,71.0,100.0,2.7,0.0
2024-05-25 01:00:00,0.0,15.2,72.0,100.0,3.3,0.0
2024-05-25 02:00:00,0.0,15.0,73.0,99.0,4.3,0.0
2024-05-25 03:00:00,0.0,15.0,73.0,100.0,4.0,0.0
2024-05-25 04:00:00,0.0,15.0,76.0,100.0,8.3,0.0
2024-05-25 05:00:00,0.0,14.6,76.0,87.0,11.8,0.0
2024-05-25 06:00:00,0.0,14.6,74.0,37.0,10.2,1.0
2024-05-25 07:00:00,0.0,14.8,72.0,66.0,6.2,76.0
2024-05-25 08:00:00,0.0,15.5,68.0,89.0,4.0,204.0
2024-05-25 09:00:00,0.0,15.9,66.0,96.0,5.6,258.0
2024-05-25 10:00:00,0.0,16.6,64.0,75.0,7.9,378.0
2024-05-25 11:00:00,0.0,17.7,58.0,40.0,9.2,575.0
2024-05-25 12:00:00,0.0,18.6,51.0,59.0,12.7,792.0
2024-05-25 13:00:00,0.0,19.0,51.0,44.0,15.9,911.0
2024-05-25 14:00:00,0.0,19.1,50.0,64.0,17.6,905.0
2024-05-25 15:00:00,0.0,18.9,51.0,71.0,17.6,756.0
2024-05-25 16:00:00,0.0,18.5,57.0,100.0,16.9,621.0
2024-05-25 17:00:00,0.0,17.6,62.0,86.0,15.3,398.0
2024-05-25 18:00:00,0.0,16.0,72.0,69.0,11.4,259.0
2024-05-25 19:00:00,0.0,15.6,73.0,74.0,9.9,112.0
2024-05-25 20:00:00,0.0,15.3,75.0,72.0,7.6,20.0
2024-05-25 21:00:00,0.0,15.3,74.0,66.0,6.3,0.0
2024-05-25 22:00:00,0.0,15.3,73.0,63.0,6.5,0.0
2024-05-25 23:00:00,0.0,15.3,73.0,100.0,7.3,0.0
2024-05-26 00:00:00,0.0,15.1,75.0,100.0,8.6,0.0
2024-05-26 01:00:00,0.0,15.1,75.0,92.0,8.4,0.0
2024-05-26 02:00:00,0.0,14.9,76.0,94.0,8.3,0.0
2024-05-26 03:00:00,0.0,14.7,76.0,94.0,7.0,0.0
2024-05-26 04:00:00,0.0,14.5,76.0,91.0,6.3,0.0
2024-05-26 05:00:00,0.0,14.4,75.0,78.0,7.6,0.0
2024-05-26 06:00:00,0.0,13.6,76.0,69.0,7.4,1.0
2024-05-26 07:00:00,0.0,14.4,71.0,82.0,6.6,62.0
2024-05-26 08:00:00,0.0,15.4,70.0,92.0,5.6,175.0
2024-05-26 09:00:00,0.0,16.3,67.0,100.0,7.1,300.0
2024-05-26 10:00:00,0.0,16.8,66.0,100.0,7.9,348.0
2024-05-26 11:00:00,0.0,17.5,64.0,100.0,10.5,454.0
2024-05-26 12:00:00,0.0,18.2,62.0,80.0,13.8,626.0
2024-05-26 13:00:00,0.0,18.7,60.0,40.0,16.0,823.0
2024-05-26 14:00:00,0.0,18.7,60.0,15.0,17.7,891.0
2024-05-26 15:00:00,0.0,18.8,58.0,9.0,17.4,885.0
2024-05-26 16:00:00,0.0,18.7,61.0,5.0,16.3,754.0
2024-05-26 17:00:00,0.0,18.5,65.0,5.0,16.2,586.0
2024-05-26 18:00:00,0.0,17.5,68.0,4.0,11.9,390.0
2024-05-26 19:00:00,0.0,16.9,71.0,5.0,11.6,180.0
2024-05-26 20:00:00,0.0,15.9,78.0,3.0,12.1,27.0
2024-05-26 21:00:00,0.0,15.5,79.0,8.0,11.1,0.0
2024-05-26 22:00:00,0.0,15.4,78.0,7.0,9.2,0.0
2024-05-26 23:00:00,0.0,15.2,81.0,5.0,7.6,0.0
2024-05-27 00:00:00,0.0,14.7,85.0,15.0,5.8,0.0
2024-05-27 01:00:00,0.0,14.2,90.0,56.0,4.7,0.0
2024-05-27 02:00:00,0.0,14.0,92.0,97.0,3.2,0.0
2024-05-27 03:00:00,0.0,14.2,88.0,100.0,3.6,0.0
2024-05-27 04:00:00,0.0,14.1,86.0,100.0,5.6,0.0
2024-05-27 05:00:00,0.0,14.0,85.0,100.0,6.8,0.0
2024-05-27 06:00:00,0.0,14.7,87.0,100.0,2.9,1.0
2024-05-27 07:00:00,0.0,15.3,84.0,100.0,1.0,53.0
2024-05-27 08:00:00,0.0,16.0,80.0,100.0,1.9,118.0
2024-05-27 09:00:00,0.0,16.9,75.0,100.0,3.7,217.0
2024-05-27 10:00:00,0.0,18.2,69.0,100.0,6.9,387.0
2024-05-27 11:00:00,0.0,19.1,66.0,99.0,13.3,561.0
2024-05-27 12:00:00,0.0,19.4,65.0,14.0,18.7,837.0
2024-05-27 13:00:00,0.0,19.8,62.0,9.0,18.8,972.0
2024-05-27 14:00:00,0.0,20.0,61.0,2.0,18.4,962.0
2024-05-27 15:00:00,0.0,19.7,62.0,1.0,19.1,897.0
2024-05-27 16:00:00,0.0,19.2,64.0,0.0,19.2,768.0
2024-05-27 17:00:00,0.0,18.4,67.0,0.0,18.4,595.0
2024-05-27 18:00:00,0.0,16.7,73.0,1.0,15.7,395.0
2024-05-27 19:00:00,0.0,16.1,76.0,1.0,13.3,187.0
2024-05-27 20:00:00,0.0,15.4,80.0,0.0,11.3,29.0
2024-05-27 21:00:00,0.0,15.3,81.0,1.0,9.5,0.0
2024-05-27 22:00:00,0.0,15.0,82.0,0.0,8.2,0.0
2024-05-27 23:00:00,0.0,14.5,86.0,0.0,7.0,0.0
2024-05-28 00:00:00,0.0,14.1,90.0,1.0,6.1,0.0
2024-05-28 01:00:00,0.0,13.7,92.0,8.0,5.5,0.0
2024-05-28 02:00:00,0.0,13.6,93.0,99.0,5.3,0.0
2024-05-28 03:00:00,0.0,14.2,88.0,100.0,4.2,0.0
2024-05-28 04:00:00,0.0,14.4,86.0,100.0,4.1,0.0
2024-05-28 05:00:00,0.0,14.4,86.0,100.0,3.1,0.0
2024-05-28 06:00:00,0.0,14.1,88.0,100.0,1.0,1.0
2024-05-28 07:00:00,0.0,14.2,87.0,100.0,2.8,32.0
2024-05-28 08:00:00,0.0,14.4,85.0,100.0,3.1,106.0
2024-05-28 09:00:00,0.0,15.4,78.0,100.0,2.3,259.0
2024-05-28 10:00:00,0.0,17.1,69.0,76.0,3.9,480.0
2024-05-28 11:00:00,0.0,18.8,63.0,44.0,13.7,778.0
2024-05-28 12:00:00,0.0,18.9,62.0,28.0,16.8,915.0
2024-05-28 13:00:00,0.0,19.8,56.0,46.0,15.9,985.0
2024-05-28 14:00:00,0.0,19.9,56.0,99.0,17.6,985.0
2024-05-28 15:00:00,0.0,19.8,57.0,100.0,17.8,897.0
2024-05-28 16:00:00,0.0,19.4,62.0,100.0,16.1,746.0
2024-05-28 17:00:00,0.0,18.7,67.0,100.0,14.5,552.0
2024-05-28 18:00:00,0.0,17.4,74.0,100.0,13.0,383.0
2024-05-28 19:00:00,0.0,16.8,77.0,100.0,10.9,169.0
2024-05-28 20:00:00,0.0,16.1,79.0,97.0,9.1,27.0
2024-05-28 21:00:00,0.0,15.9,80.0,100.0,7.6,0.0
2024-05-28 22:00:00,0.0,15.6,81.0,100.0,4.8,0.0
2024-05-28 23:00:00,0.0,15.3,82.0,100.0,5.6,0.0
2024-05-29 00:00:00,0.0,15.2,81.0,100.0,6.5,0.0
2024-05-29 01:00:00,0.0,15.2,79.0,100.0,7.3,0.0
2024-05-29 02:00:00,0.0,15.1,78.0,100.0,8.8,0.0
2024-05-29 03:00:00,0.0,14.9,80.0,99.0,9.8,0.0
2024-05-29 04:00:00,0.0,14.8,81.0,93.0,9.4,0.0
2024-05-29 05:00:00,0.0,14.5,83.0,100.0,7.6,0.0
2024-05-29 06:00:00,0.0,13.9,82.0,92.0,6.6,2.0
2024-05-29 07:00:00,0.0,14.5,79.0,65.0,7.4,66.0
2024-05-29 08:00:00,0.0,15.6,73.0,78.0,6.8,226.0
2024-05-29 09:00:00,0.0,16.8,67.0,34.0,6.6,411.0
2024-05-29 10:00:00,0.0,18.0,63.0,1.0,10.3,643.0
2024-05-29 11:00:00,0.0,18.7,63.0,11.0,13.8,809.0
2024-05-29 12:00:00,0.0,19.2,61.0,4.0,15.8,923.0
2024-05-29 13:00:00,0.0,19.6,60.0,2.0,16.6,980.0
2024-05-29 14:00:00,0.0,19.7,62.0,7.0,17.4,969.0
2024-05-29 15:00:00,0.0,19.5,63.0,16.0,17.0,895.0
2024-05-29 16:00:00,0.0,19.1,65.0,17.0,15.1,755.0
2024-05-29 17:00:00,0.0,18.7,66.0,12.0,11.9,581.0
2024-05-29 18:00:00,0.0,17.7,72.0,0.0,13.7,394.0
2024-05-29 19:00:00,0.0,16.7,78.0,2.0,10.2,188.0
2024-05-29 20:00:00,0.0,16.0,82.0,12.0,7.1,30.0
2024-05-29 21:00:00,0.0,15.9,83.0,32.0,4.3,0.0
2024-05-29 22:00:00,0.0,15.8,83.0,40.0,2.6,0.0
2024-05-29 23:00:00,0.0,15.5,85.0,36.0,0.8,0.0
2024-05-30 00:00:00,0.0,15.1,87.0,7.0,3.6,0.0
2024-05-30 01:00:00,0.0,14.7,90.0,3.0,3.7,0.0
2024-05-30 02:00:00,0.0,14.2,93.0,13.0,3.3,0.0
2024-05-30 03:00:00,0.0,13.9,94.0,19.0,3.9,0.0
2024-05-30 04:00:00,0.0,14.0,93.0,52.0,4.5,0.0
2024-05-30 05:00:00,0.0,13.9,94.0,80.0,5.2,0.0
2024-05-30 06:00:00,0.0,14.7,93.0,100.0,11.3,1.0
2024-05-30 07:00:00,0.0,15.0,88.0,100.0,12.3,40.0
2024-05-30 08:00:00,0.0,15.4,85.0,100.0,13.0,97.0
2024-05-30 09:00:00,0.0,16.2,80.0,100.0,12.2,236.0
2024-05-30 10:00:00,0.0,17.7,71.0,72.0,11.1,427.0
2024-05-30 11:00:00,0.0,18.9,66.0,29.0,14.1,718.0
2024-05-30 12:00:00,0.0,19.6,63.0,12.0,16.5,928.0
2024-05-30 13:00:00,0.0,19.9,60.0,16.0,18.9,997.0
2024-05-30 14:00:00,0.0,20.1,59.0,8.0,19.7,978.0
2024-05-30 15:00:00,0.0,20.0,59.0,4.0,18.5,907.0
2024-05-30 16:00:00,0.0,19.4,62.0,2.0,16.9,777.0
2024-05-30 17:00:00,0.0,18.8,67.0,0.0,15.9,601.0
2024-05-30 18:00:00,0.0,17.3,74.0,20.0,14.1,384.0
2024-05-30 19:00:00,0.0,16.4,78.0,48.0,13.5,180.0
2024-05-30 20:00:00,0.0,15.6,83.0,63.0,11.1,29.0
2024-05-30 21:00:00,0.0,15.5,82.0,71.0,9.3,0.0
2024-05-30 22:00:00,0.0,15.5,82.0,58.0,9.8,0.0
2024-05-30 23:00:00,0.0,15.2,83.0,60.0,10.1,0.0
2024-05-31 00:00:00,0.0,15.0,84.0,98.0,8.7,0.0
2024-05-31 01:00:00,0.0,14.8,86.0,100.0,7.6,0.0
2024-05-31 02:00:00,0.0,14.8,86.0,100.0,7.6,0.0
2024-05-31 03:00:00,0.0,14.6,86.0,100.0,7.8,0.0
2024-05-31 04:00:00,0.0,14.5,87.0,100.0,7.0,0.0
2024-05-31 05:00:00,0.0,14.4,87.0,100.0,5.8,0.0
2024-05-31 06:00:00,0.0,14.9,86.0,100.0,6.5,1.0
2024-05-31 07:00:00,0.0,14.8,86.0,100.0,4.7,36.0
2024-05-31 08:00:00,0.0,15.4,82.0,100.0,3.9,112.0
2024-05-31 09:00:00,0.0,16.8,74.0,100.0,3.3,295.0
2024-05-31 10:00:00,0.0,18.1,67.0,100.0,5.3,439.0
2024-05-31 11:00:00,0.0,19.8,60.0,90.0,12.3,732.0
2024-05-31 12:00:00,0.0,20.0,60.0,5.0,17.9,907.0
2024-05-31 13:00:00,0.0,20.1,57.0,3.0,17.1,989.0
2024-05-31 14:00:00,0.0,20.3,55.0,0.0,16.6,985.0
2024-05-31 15:00:00,0.0,20.1,57.0,0.0,17.7,912.0
2024-05-31 16:00:00,0.0,19.6,61.0,0.0,18.6,782.0
2024-05-31 17:00:00,0.0,18.8,67.0,1.0,17.1,608.0
2024-05-31 18:00:00,0.0,17.1,71.0,24.0,12.2,392.0
2024-05-31 19:00:00,0.0,16.2,75.0,45.0,13.2,177.0
2024-05-31 20:00:00,0.0,15.4,78.0,49.0,11.5,30.0
2024-05-31 21:00:00,0.0,15.3,78.0,53.0,8.5,0.0
2024-05-31 22:00:00,0.0,15.1,79.0,10.0,5.9,0.0
2024-05-31 23:00:00,0.0,14.7,81.0,91.0,5.0,0.0
2024-06-01 00:00:00,0.0,14.4,82.0,100.0,3.6,0.0
2024-06-01 01:00:00,0.0,14.0,84.0,98.0,2.4,0.0
2024-06-01 02:00:00,0.0,13.9,85.0,57.0,2.5,0.0
2024-06-01 03:00:00,0.0,13.5,87.0,47.0,2.6,0.0
2024-06-01 04:00:00,0.0,13.1,91.0,97.0,1.9,0.0
2024-06-01 05:00:00,0.0,13.3,88.0,100.0,2.1,0.0
2024-06-01 06:00:00,0.0,14.4,85.0,100.0,6.2,1.0
2024-06-01 07:00:00,0.0,14.5,84.0,100.0,4.6,31.0
2024-06-01 08:00:00,0.0,15.1,80.0,100.0,4.1,128.0
2024-06-01 09:00:00,0.0,16.0,75.0,100.0,4.7,239.0
2024-06-01 10:00:00,0.0,17.4,68.0,100.0,5.7,434.0
2024-06-01 11:00:00,0.0,18.7,63.0,61.0,9.8,639.0
2024-06-01 12:00:00,0.0,19.4,60.0,3.0,16.7,881.0
2024-06-01 13:00:00,0.0,19.7,58.0,1.0,17.3,979.0
2024-06-01 14:00:00,0.0,20.1,60.0,0.0,17.5,980.0
2024-06-01 15:00:00,0.0,19.9,63.0,0.0,19.2,906.0
2024-06-01 16:00:00,0.0,19.5,65.0,0.0,18.7,778.0
2024-06-01 17:00:00,0.0,18.8,67.0,1.0,16.5,604.0
2024-06-01 18:00:00,0.0,17.4,72.0,61.0,13.1,392.0
2024-06-01 19:00:00,0.0,16.5,76.0,81.0,10.6,158.0
2024-06-01 20:00:00,0.0,16.0,79.0,97.0,7.9,23.0
2024-06-01 21:00:00,0.0,15.8,80.0,100.0,7.1,0.0
2024-06-01 22:00:00,0.0,15.6,81.0,100.0,7.1,0.0
2024-06-01 23:00:00,0.0,15.4,80.0,100.0,5.8,0.0
2024-06-02 00:00:00,0.0,15.2,80.0,100.0,5.9,0.0
2024-06-02 01:00:00,0.0,15.2,79.0,100.0,7.7,0.0
2024-06-02 02:00:00,0.0,15.2,79.0,100.0,9.1,0.0
2024-06-02 03:00:00,0.0,15.1,80.0,100.0,7.7,0.0
2024-06-02 04:00:00,0.0,15.0,80.0,100.0,7.3,0.0
2024-06-02 05:00:00,0.0,14.8,82.0,100.0,8.0,0.0
2024-06-02 06:00:00,0.0,15.2,83.0,100.0,8.5,1.0
2024-06-02 07:00:00,0.0,15.5,80.0,100.0,9.1,40.0
2024-06-02 08:00:00,0.0,15.9,76.0,100.0,11.0,119.0
2024-06-02 09:00:00,0.0,16.6,71.0,100.0,13.0,237.0
2024-06-02 10:00:00,0.0,17.5,66.0,100.0,14.1,364.0
2024-06-02 11:00:00,0.0,18.7,61.0,75.0,15.2,614.0
2024-06-02 12:00:00,0.0,19.1,60.0,40.0,17.4,748.0
2024-06-02 13:00:00,0.0,19.5,60.0,15.0,18.1,929.0
2024-06-02 14:00:00,0.0,19.6,62.0,4.0,17.2,959.0
2024-06-02 15:00:00,0.0,19.4,64.0,14.0,16.3,891.0
2024-06-02 16:00:00,0.0,18.9,66.0,11.0,15.3,760.0
2024-06-02 17:00:00,0.0,18.4,68.0,41.0,13.7,585.0
2024-06-02 18:00:00,0.0,17.0,74.0,96.0,14.9,318.0
2024-06-02 19:00:00,0.0,16.3,78.0,100.0,12.6,135.0
2024-06-02 20:00:00,0.0,16.0,80.0,100.0,10.4,16.0
2024-06-02 21:00:00,0.0,16.0,79.0,100.0,9.5,0.0
2024-06-02 22:00:00,0.0,16.0,79.0,100.0,8.2,0.0
2024-06-02 23:00:00,0.0,15.9,79.0,99.0,7.3,0.0
2024-06-03 00:00:00,0.0,15.9,79.0,100.0,8.6,0.0
2024-06-03 01:00:00,0.0,15.7,80.0,100.0,9.4,0.0
2024-06-03 02:00:00,0.0,15.3,82.0,92.0,11.1,0.0
2024-06-03 03:00:00,0.0,15.1,82.0,86.0,11.9,0.0
2024-06-03 04:00:00,0.0,15.0,82.0,85.0,11.9,0.0
2024-06-03 05:00:00,0.0,14.8,83.0,62.0,11.2,0.0
2024-06-03 06:00:00,0.0,15.1,83.0,100.0,10.0,1.0
2024-06-03 07:00:00,0.0,15.5,80.0,100.0,8.9,45.0
2024-06-03 08:00:00,0.0,16.3,73.0,97.0,8.3,143.0
2024-06-03 09:00:00,0.0,17.3,68.0,81.0,7.6,284.0
2024-06-03 10:00:00,0.0,18.8,61.0,62.0,7.8,544.0
2024-06-03 11:00:00,0.0,19.9,58.0,2.0,12.7,796.0
2024-06-03 12:00:00,0.0,20.1,58.0,0.0,17.3,939.0
2024-06-03 13:00:00,0.0,20.3,57.0,0.0,18.3,987.0
2024-06-03 14:00:00,0.0,20.3,59.0,1.0,18.9,975.0
2024-06-03 15:00:00,0.0,20.1,60.0,0.0,18.5,900.0
2024-06-03 16:00:00,0.0,19.8,62.0,0.0,17.1,772.0
2024-06-03 17:00:00,0.0,19.2,65.0,0.0,15.1,599.0
2024-06-03 18:00:00,0.0,17.5,71.0,97.0,14.3,360.0
2024-06-03 19:00:00,0.0,16.8,74.0,96.0,11.6,182.0
2024-06-03 20:00:00,0.0,16.2,78.0,94.0,8.2,33.0
2024-06-03 21:00:00,0.0,15.9,81.0,100.0,6.6,0.0
2024-06-03 22:00:00,0.0,15.7,80.0,100.0,2.8,0.0
2024-06-03 23:00:00,0.0,15.5,80.0,100.0,4.0,0.0
2024-06-04 00:00:00,0.0,15.3,82.0,100.0,2.1,0.0
2024-06-04 01:00:00,0.0,15.0,83.0,100.0,1.1,0.0
2024-06-04 02:00:00,0.0,14.9,84.0,100.0,2.5,0.0
2024-06-04 03:00:00,0.0,14.5,87.0,96.0,4.6,0.0
2024-06-04 04:00:00,0.0,14.2,88.0,51.0,5.8,0.0
2024-06-04 05:00:00,0.0,13.8,91.0,66.0,5.1,0.0
2024-06-04 06:00:00,0.0,14.8,91.0,99.0,6.5,2.0
2024-06-04 07:00:00,0.0,15.7,83.0,100.0,8.6,79.0
2024-06-04 08:00:00,0.0,16.6,78.0,100.0,9.0,171.0
2024-06-04 09:00:00,0.0,17.3,75.0,100.0,11.3,259.0
2024-06-04 10:00:00,0.0,18.7,69.0,100.0,13.2,462.0
2024-06-04 11:00:00,0.0,19.7,65.0,100.0,16.4,745.0
2024-06-04 12:00:00,0.0,19.8,65.0,100.0,18.0,889.0
2024-06-04 13:00:00,0.0,20.3,62.0,98.0,19.7,906.0
2024-06-04 14:00:00,0.0,20.7,62.0,98.0,20.9,942.0
2024-06-04 15:00:00,0.0,20.8,62.0,84.0,20.0,884.0
2024-06-04 16:00:00,0.0,20.4,64.0,0.0,19.3,760.0
2024-06-04 17:00:00,0.0,19.7,69.0,0.0,18.2,589.0
2024-06-04 18:00:00,0.0,18.1,74.0,8.0,17.2,382.0
2024-06-04 19:00:00,0.0,17.4,77.0,16.0,14.7,183.0
2024-06-04 20:00:00,0.0,16.6,81.0,44.0,12.3,33.0
2024-06-04 21:00:00,0.0,16.3,83.0,27.0,9.5,0.0
2024-06-04 22:00:00,0.0,16.1,84.0,1.0,8.4,0.0
2024-06-04 23:00:00,0.0,16.0,85.0,4.0,6.9,0.0
2024-06-05 00:00:00,0.0,15.7,87.0,0.0,6.5,0.0
2024-06-05 01:00:00,0.0,15.5,88.0,5.0,4.7,0.0
2024-06-05 02:00:00,0.0,15.2,90.0,16.0,4.5,0.0
2024-06-05 03:00:00,0.0,14.9,92.0,30.0,4.6,0.0
2024-06-05 04:00:00,0.0,14.7,93.0,54.0,3.6,0.0
2024-06-05 05:00:00,0.0,14.3,95.0,83.0,3.6,0.0
2024-06-05 06:00:00,0.0,15.7,89.0,100.0,6.2,2.0
2024-06-05 07:00:00,0.0,15.9,88.0,100.0,7.2,37.0
2024-06-05 08:00:00,0.0,16.4,85.0,100.0,6.3,128.0
2024-06-05 09:00:00,0.0,17.3,80.0,100.0,5.9,248.0
2024-06-05 10:00:00,0.0,18.2,76.0,100.0,6.6,352.0
2024-06-05 11:00:00,0.0,19.5,71.0,82.0,9.4,604.0
2024-06-05 12:00:00,0.0,20.6,67.0,82.0,14.3,875.0
2024-06-05 13:00:00,0.0,20.8,67.0,48.0,17.1,934.0
2024-06-05 14:00:00,0.0,20.8,66.0,54.0,17.3,914.0
2024-06-05 15:00:00,0.0,20.6,67.0,80.0,17.1,820.0
2024-06-05 16:00:00,0.0,20.3,68.0,65.0,15.3,672.0
2024-06-05 17:00:00,0.0,20.0,70.0,35.0,14.0,525.0
2024-06-05 18:00:00,0.0,18.8,77.0,13.0,14.1,380.0
2024-06-05 19:00:00,0.0,18.1,81.0,18.0,10.3,188.0
2024-06-05 20:00:00,0.0,17.3,86.0,37.0,7.7,34.0
2024-06-05 21:00:00,0.0,17.2,86.0,29.0,5.3,0.0
2024-06-05 22:00:00,0.0,17.0,87.0,66.0,4.3,0.0
2024-06-05 23:00:00,0.0,17.0,88.0,69.0,3.4,0.0
2024-06-06 00:00:00,0.0,16.9,88.0,40.0,3.9,0.0
2024-06-06 01:00:00,0.0,16.7,90.0,100.0,5.4,0.0
2024-06-06 02:00:00,0.0,16.6,90.0,100.0,5.6,0.0
2024-06-06 03:00:00,0.0,16.7,89.0,100.0,6.4,0.0
2024-06-06 04:00:00,0.0,16.6,90.0,100.0,5.8,0.0
2024-06-06 05:00:00,0.0,16.7,89.0,100.0,4.6,0.0
2024-06-06 06:00:00,0.0,16.5,91.0,100.0,2.8,1.0
2024-06-06 07:00:00,0.0,16.6,90.0,100.0,0.5,33.0
2024-06-06 08:00:00,0.0,17.4,86.0,100.0,4.4,131.0
2024-06-06 09:00:00,0.0,18.3,81.0,100.0,8.1,277.0
2024-06-06 10:00:00,0.0,18.7,79.0,100.0,10.0,362.0
2024-06-06 11:00:00,0.0,19.1,77.0,100.0,9.5,376.0
2024-06-06 12:00:00,0.0,20.7,70.0,100.0,11.1,709.0
2024-06-06 13:00:00,0.0,21.2,68.0,69.0,13.9,830.0
2024-06-06 14:00:00,0.0,21.5,66.0,44.0,15.1,914.0
2024-06-06 15:00:00,0.0,21.3,68.0,18.0,15.9,856.0
2024-06-06 16:00:00,0.0,20.8,71.0,10.0,16.4,750.0
2024-06-06 17:00:00,0.0,20.1,74.0,9.0,15.8,578.0
2024-06-06 18:00:00,0.0,19.2,74.0,25.0,14.0,397.0
2024-06-06 19:00:00,0.0,18.5,78.0,41.0,9.4,188.0
2024-06-06 20:00:00,0.0,17.9,81.0,44.0,5.1,33.0
2024-06-06 21:00:00,0.0,17.6,83.0,0.0,5.0,0.0
2024-06-06 22:00:00,0.0,17.2,86.0,1.0,5.4,0.0
2024-06-06 23:00:00,0.0,16.8,88.0,18.0,6.0,0.0
2024-06-07 00:00:00,0.0,16.5,90.0,19.0,4.8,0.0
2024-06-07 01:00:00,0.0,16.3,91.0,97.0,5.1,0.0
2024-06-07 02:00:00,0.0,16.3,91.0,100.0,6.6,0.0
2024-06-07 03:00:00,0.0,16.5,88.0,100.0,6.0,0.0
2024-06-07 04:00:00,0.0,16.5,87.0,100.0,5.4,0.0
2024-06-07 05:00:00,0.0,16.4,88.0,100.0,5.2,0.0
2024-06-07 06:00:00,0.0,16.0,89.0,100.0,7.6,1.0
2024-06-07 07:00:00,0.0,16.3,87.0,100.0,8.0,32.0
2024-06-07 08:00:00,0.0,17.1,82.0,100.0,9.1,107.0
2024-06-07 09:00:00,0.0,18.3,75.0,95.0,8.0,248.0
2024-06-07 10:00:00,0.0,19.6,69.0,58.0,10.4,494.0
2024-06-07 11:00:00,0.0,20.2,68.0,20.0,15.7,754.0
2024-06-07 12:00:00,0.0,20.4,68.0,4.0,17.7,896.0
2024-06-07 13:00:00,0.0,20.9,66.0,9.0,18.1,962.0
2024-06-07 14:00:00,0.0,21.0,65.0,20.0,18.8,950.0
2024-06-07 15:00:00,0.0,20.8,66.0,10.0,18.1,873.0
2024-06-07 16:00:00,0.0,20.4,68.0,9.0,17.1,755.0
2024-06-07 17:00:00,0.0,20.0,69.0,59.0,14.8,585.0
2024-06-07 18:00:00,0.0,18.2,75.0,45.0,14.0,389.0
2024-06-07 19:00:00,0.0,17.6,79.0,72.0,11.3,183.0
2024-06-07 20:00:00,0.0,17.1,81.0,73.0,8.7,31.0
2024-06-07 21:00:00,0.0,17.0,81.0,72.0,6.4,0.0
2024-06-07 22:00:00,0.0,16.9,82.0,63.0,5.6,0.0
2024-06-07 23:00:00,0.0,16.6,84.0,73.0,4.6,0.0
2024-06-08 00:00:00,0.0,16.4,85.0,100.0,5.1,0.0
2024-06-08 01:00:00,0.0,16.3,86.0,100.0,5.5,0.0
2024-06-08 02:00:00,0.0,16.3,86.0,100.0,5.0,0.0
2024-06-08 03:00:00,0.0,16.4,85.0,100.0,4.3,0.0
2024-06-08 04:00:00,0.0,16.4,84.0,100.0,4.9,0.0
2024-06-08 05:00:00,0.0,16.2,85.0,90.0,6.1,0.0
2024-06-08 06:00:00,0.0,16.2,85.0,100.0,7.2,1.0
2024-06-08 07:00:00,0.0,16.7,82.0,100.0,8.6,39.0
2024-06-08 08:00:00,0.0,17.2,79.0,98.0,10.9,112.0
2024-06-08 09:00:00,0.0,18.0,74.0,97.0,12.4,232.0
2024-06-08 10:00:00,0.0,19.4,68.0,82.0,15.0,516.0
2024-06-08 11:00:00,0.0,19.9,65.0,53.0,17.8,712.0
2024-06-08 12:00:00,0.0,20.2,66.0,18.0,18.8,879.0
2024-06-08 13:00:00,0.0,20.9,62.0,64.0,17.6,957.0
2024-06-08 14:00:00,0.0,21.1,62.0,78.0,15.9,928.0
2024-06-08 15:00:00,0.0,20.7,65.0,54.0,15.5,812.0
2024-06-08 16:00:00,0.0,20.5,67.0,60.0,13.5,667.0
2024-06-08 17:00:00,0.0,20.3,68.0,41.0,13.4,512.0
2024-06-08 18:00:00,0.0,18.5,74.0,71.0,14.2,353.0
2024-06-08 19:00:00,0.0,17.8,77.0,96.0,12.9,158.0
2024-06-08 20:00:00,0.0,17.3,79.0,74.0,9.2,27.0
2024-06-08 21:00:00,0.0,17.1,79.0,100.0,8.2,0.0
2024-06-08 22:00:00,0.0,16.9,79.0,97.0,6.4,0.0
2024-06-08 23:00:00,0.0,16.7,80.0,100.0,4.3,0.0
2024-06-09 00:00:00,0.0,16.5,81.0,100.0,4.1,0.0
2024-06-09 01:00:00,0.0,16.4,82.0,100.0,4.7,0.0
2024-06-09 02:00:00,0.0,16.3,82.0,100.0,5.0,0.0
2024-06-09 03:00:00,0.0,16.2,82.0,100.0,5.4,0.0
2024-06-09 04:00:00,0.0,16.0,83.0,100.0,4.6,0.0
2024-06-09 05:00:00,0.0,15.9,82.0,100.0,2.5,0.0
2024-06-09 06:00:00,0.0,16.0,84.0,100.0,5.5,1.0
2024-06-09 07:00:00,0.0,16.2,82.0,100.0,5.2,38.0
2024-06-09 08:00:00,0.0,17.0,76.0,99.0,5.8,142.0
2024-06-09 09:00:00,0.0,17.9,70.0,83.0,6.3,272.0
2024-06-09 10:00:00,0.0,19.2,62.0,100.0,6.2,463.0
2024-06-09 11:00:00,0.0,20.1,59.0,77.0,12.4,669.0
2024-06-09 12:00:00,0.0,20.4,61.0,89.0,18.0,816.0
2024-06-09 13:00:00,0.0,20.7,58.0,31.0,18.6,958.0
2024-06-09 14:00:00,0.0,20.7,58.0,8.0,18.2,973.0
2024-06-09 15:00:00,0.0,20.6,59.0,84.0,17.1,909.0
2024-06-09 16:00:00,0.0,20.3,59.0,100.0,16.1,744.0
2024-06-09 17:00:00,0.0,19.6,62.0,100.0,13.1,464.0
2024-06-09 18:00:00,0.0,18.1,70.0,93.0,12.9,390.0
2024-06-09 19:00:00,0.0,17.4,73.0,26.0,10.2,184.0
2024-06-09 20:00:00,0.0,16.9,76.0,9.0,8.8,38.0
2024-06-09 21:00:00,0.0,16.8,77.0,6.0,6.1,0.0
2024-06-09 22:00:00,0.0,16.7,77.0,32.0,4.7,0.0
2024-06-09 23:00:00,0.0,16.4,79.0,12.0,3.8,0.0
2024-06-10 00:00:00,0.0,16.1,81.0,8.0,2.1,0.0
2024-06-10 01:00:00,0.0,15.7,84.0,95.0,1.5,0.0
2024-06-10 02:00:00,0.0,15.4,86.0,99.0,1.8,0.0
2024-06-10 03:00:00,0.0,15.3,86.0,55.0,0.4,0.0
2024-06-10 04:00:00,0.0,14.9,88.0,32.0,1.6,0.0
2024-06-10 05:00:00,0.0,14.0,93.0,11.0,4.4,0.0
2024-06-10 06:00:00,0.0,16.2,81.0,100.0,1.6,2.0
2024-06-10 07:00:00,0.0,16.8,78.0,98.0,4.7,56.0
2024-06-10 08:00:00,0.0,17.5,74.0,100.0,4.5,159.0
2024-06-10 09:00:00,0.0,18.1,71.0,100.0,5.6,256.0
2024-06-10 10:00:00,0.0,19.0,66.0,100.0,5.4,417.0
2024-06-10 11:00:00,0.0,20.6,59.0,1.0,9.8,681.0
2024-06-10 12:00:00,0.0,21.3,57.0,0.0,16.5,918.0
2024-06-10 13:00:00,0.0,21.2,58.0,0.0,18.3,986.0
2024-06-10 14:00:00,0.0,21.2,57.0,0.0,18.4,975.0
2024-06-10 15:00:00,0.0,20.9,58.0,0.0,18.4,901.0
2024-06-10 16:00:00,0.0,20.3,60.0,3.0,18.5,773.0
2024-06-10 17:00:00,0.0,19.6,65.0,2.0,16.7,600.0
2024-06-10 18:00:00,0.0,19.0,72.0,47.0,15.5,399.0
2024-06-10 19:00:00,0.0,18.3,76.0,78.0,13.0,193.0
2024-06-10 20:00:00,0.0,17.7,79.0,98.0,10.9,32.0
2024-06-10 21:00:00,0.0,17.6,80.0,100.0,8.4,0.0
2024-06-10 22:00:00,0.0,17.5,80.0,90.0,9.2,0.0
2024-06-10 23:00:00,0.0,17.3,81.0,100.0,9.3,0.0
2024-06-11 00:00:00,0.0,17.4,81.0,78.0,7.8,0.0
2024-06-11 01:00:00,0.0,17.3,81.0,94.0,5.8,0.0
2024-06-11 02:00:00,0.0,17.2,82.0,98.0,4.4,0.0
2024-06-11 03:00:00,0.0,17.1,83.0,96.0,3.7,0.0
2024-06-11 04:00:00,0.0,17.0,84.0,96.0,3.8,0.0
2024-06-11 05:00:00,0.0,16.8,85.0,100.0,3.6,0.0
2024-06-11 06:00:00,0.0,17.1,84.0,100.0,3.4,2.0
2024-06-11 07:00:00,0.0,17.4,83.0,100.0,1.4,37.0
2024-06-11 08:00:00,0.0,18.0,79.0,100.0,1.0,133.0
2024-06-11 09:00:00,0.0,18.9,75.0,100.0,4.1,261.0
2024-06-11 10:00:00,0.0,20.1,70.0,100.0,7.9,460.0
2024-06-11 11:00:00,0.0,20.1,71.0,100.0,12.5,517.0
2024-06-11 12:00:00,0.0,20.1,71.0,100.0,13.8,611.0
2024-06-11 13:00:00,0.0,19.9,71.0,100.0,14.1,513.0
2024-06-11 14:00:00,0.0,20.5,67.0,75.0,15.6,695.0
2024-06-11 15:00:00,0.0,21.0,65.0,35.0,14.9,797.0
2024-06-11 16:00:00,0.0,20.7,65.0,6.0,15.3,716.0
2024-06-11 17:00:00,0.0,20.1,68.0,9.0,13.9,575.0
2024-06-11 18:00:00,0.0,18.7,74.0,22.0,13.3,279.0
2024-06-11 19:00:00,0.0,17.7,78.0,16.0,13.4,177.0
2024-06-11 20:00:00,0.0,16.8,83.0,11.0,9.4,36.0
2024-06-11 21:00:00,0.0,16.7,83.0,8.0,7.7,0.0
2024-06-11 22:00:00,0.0,16.7,83.0,9.0,6.8,0.0
2024-06-11 23:00:00,0.0,16.5,84.0,16.0,7.0,0.0
2024-06-12 00:00:00,0.0,16.2,85.0,22.0,6.2,0.0
2024-06-12 01:00:00,0.0,15.8,87.0,11.0,5.8,0.0
2024-06-12 02:00:00,0.0,15.6,89.0,43.0,5.5,0.0
2024-06-12 03:00:00,0.0,15.6,90.0,100.0,4.7,0.0
2024-06-12 04:00:00,0.0,15.7,88.0,100.0,5.0,0.0
2024-06-12 05:00:00,0.0,15.7,88.0,100.0,4.3,0.0
2024-06-12 06:00:00,0.0,16.3,86.0,100.0,5.5,2.0
2024-06-12 07:00:00,0.0,16.6,83.0,100.0,5.2,38.0
2024-06-12 08:00:00,0.0,17.0,80.0,100.0,3.5,108.0
2024-06-12 09:00:00,0.0,18.0,75.0,100.0,2.1,270.0
2024-06-12 10:00:00,0.0,19.8,66.0,26.0,3.8,463.0
2024-06-12 11:00:00,0.0,21.5,59.0,8.0,10.5,779.0
2024-06-12 12:00:00,0.0,22.0,59.0,0.0,16.6,940.0
2024-06-12 13:00:00,0.0,22.0,59.0,0.0,17.3,1001.0
2024-06-12 14:00:00,0.0,22.1,58.0,0.0,16.9,988.0
2024-06-12 15:00:00,0.0,22.3,56.0,0.0,15.6,917.0
2024-06-12 16:00:00,0.0,22.1,56.0,0.0,15.1,791.0
2024-06-12 17:00:00,0.0,21.4,59.0,0.0,14.0,620.0
2024-06-12 18:00:00,0.0,19.8,68.0,0.0,14.5,420.0
2024-06-12 19:00:00,0.0,19.0,73.0,0.0,12.7,212.0
2024-06-12 20:00:00,0.0,18.2,78.0,0.0,13.3,43.0
2024-06-12 21:00:00,0.0,17.7,82.0,2.0,12.3,0.0
2024-06-12 22:00:00,0.0,17.3,85.0,5.0,9.7,0.0
2024-06-12 23:00:00,0.0,17.0,87.0,5.0,7.1,0.0
2024-06-13 00:00:00,0.0,16.6,90.0,7.0,5.6,0.0
2024-06-13 01:00:00,0.0,16.1,93.0,77.0,4.6,0.0
2024-06-13 02:00:00,0.0,15.6,96.0,97.0,3.9,0.0
2024-06-13 03:00:00,0.0,16.0,93.0,100.0,1.5,0.0
2024-06-13 04:00:00,0.0,16.1,92.0,100.0,0.8,0.0
2024-06-13 05:00:00,0.0,16.0,91.0,100.0,1.1,0.0
2024-06-13 06:00:00,0.0,16.4,86.0,100.0,3.8,1.0
2024-06-13 07:00:00,0.0,16.7,84.0,100.0,4.8,68.0
2024-06-13 08:00:00,0.0,17.6,78.0,100.0,3.2,208.0
2024-06-13 09:00:00,0.0,18.9,70.0,2.0,4.2,394.0
2024-06-13 10:00:00,0.0,20.3,65.0,3.0,10.8,647.0
2024-06-13 11:00:00,0.0,20.8,65.0,8.0,18.0,818.0
2024-06-13 12:00:00,0.0,20.7,65.0,2.0,20.2,937.0
2024-06-13 13:00:00,0.0,21.1,62.0,1.0,18.0,994.0
2024-06-13 14:00:00,0.0,21.0,62.0,1.0,18.0,983.0
2024-06-13 15:00:00,0.0,20.7,62.0,1.0,18.8,908.0
2024-06-13 16:00:00,0.0,20.8,60.0,0.0,15.2,783.0
2024-06-13 17:00:00,0.0,21.0,59.0,0.0,13.2,615.0
2024-06-13 18:00:00,0.0,19.1,70.0,0.0,17.9,419.0
2024-06-13 19:00:00,0.0,18.4,74.0,0.0,15.2,211.0
2024-06-13 20:00:00,0.0,17.4,79.0,0.0,12.5,43.0
2024-06-13 21:00:00,0.0,17.2,80.0,0.0,11.3,0.0
2024-06-13 22:00:00,0.0,17.1,81.0,0.0,8.2,0.0
2024-06-13 23:00:00,0.0,16.8,83.0,0.0,5.9,0.0
2024-06-14 00:00:00,0.0,16.4,86.0,2.0,6.4,0.0
2024-06-14 01:00:00,0.0,15.9,91.0,11.0,8.2,0.0
2024-06-14 02:00:00,0.0,15.6,93.0,23.0,7.9,0.0
2024-06-14 03:00:00,0.0,15.3,95.0,34.0,7.3,0.0
2024-06-14 04:00:00,0.0,15.0,95.0,4.0,6.8,0.0
2024-06-14 05:00:00,0.0,14.4,96.0,93.0,4.9,0.0
2024-06-14 06:00:00,0.0,16.0,87.0,100.0,5.7,2.0
2024-06-14 07:00:00,0.0,16.4,85.0,86.0,6.9,60.0
2024-06-14 08:00:00,0.0,17.4,78.0,86.0,8.2,178.0
2024-06-14 09:00:00,0.0,19.1,69.0,78.0,7.8,376.0
2024-06-14 10:00:00,0.0,21.0,61.0,1.0,9.8,640.0
2024-06-14 11:00:00,0.0,21.8,60.0,4.0,16.2,832.0
2024-06-14 12:00:00,0.0,21.7,60.0,4.0,18.4,942.0
2024-06-14 13:00:00,0.0,22.0,57.0,4.0,18.7,992.0
2024-06-14 14:00:00,0.0,22.0,59.0,2.0,19.3,981.0
2024-06-14 15:00:00,0.0,22.1,61.0,1.0,20.6,908.0
2024-06-14 16:00:00,0.0,21.9,61.0,0.0,19.9,784.0
2024-06-14 17:00:00,0.0,21.4,63.0,0.0,17.0,615.0
2024-06-14 18:00:00,0.0,19.5,67.0,0.0,13.4,417.0
2024-06-14 19:00:00,0.0,18.7,70.0,0.0,10.9,212.0
2024-06-14 20:00:00,0.0,17.5,78.0,0.0,9.1,44.0
2024-06-14 21:00:00,0.0,17.4,80.0,0.0,5.2,0.0
2024-06-14 22:00:00,0.0,17.3,80.0,0.0,3.8,0.0
2024-06-14 23:00:00,0.0,16.9,83.0,0.0,2.5,0.0
2024-06-15 00:00:00,0.0,16.5,88.0,0.0,1.4,0.0
2024-06-15 01:00:00,0.0,16.0,89.0,0.0,3.8,0.0
2024-06-15 02:00:00,0.0,15.4,92.0,0.0,4.3,0.0
2024-06-15 03:00:00,0.0,14.8,95.0,0.0,4.2,0.0
2024-06-15 04:00:00,0.0,14.5,95.0,0.0,4.4,0.0
2024-06-15 05:00:00,0.0,14.2,95.0,0.0,6.0,0.0
2024-06-15 06:00:00,0.0,15.3,97.0,100.0,3.1,2.0
2024-06-15 07:00:00,0.0,15.1,97.0,99.0,2.8,39.0
2024-06-15 08:00:00,0.0,16.4,89.0,95.0,4.1,148.0
2024-06-15 09:00:00,0.0,19.2,74.0,23.0,2.4,409.0
2024-06-15 10:00:00,0.0,21.7,64.0,8.0,8.7,667.0
2024-06-15 11:00:00,0.0,22.9,61.0,2.0,13.8,840.0
2024-06-15 12:00:00,0.0,23.7,58.0,2.0,14.3,951.0
2024-06-15 13:00:00,0.0,24.2,53.0,0.0,16.3,1003.0
2024-06-15 14:00:00,0.0,24.4,53.0,0.0,16.6,994.0
2024-06-15 15:00:00,0.0,24.3,56.0,0.0,16.2,924.0
2024-06-15 16:00:00,0.0,24.2,56.0,0.0,15.6,798.0
2024-06-15 17:00:00,0.0,23.8,57.0,0.0,14.3,626.0
2024-06-15 18:00:00,0.0,21.5,67.0,0.0,11.0,424.0
2024-06-15 19:00:00,0.0,20.6,71.0,0.0,8.1,216.0
2024-06-15 20:00:00,0.0,19.3,78.0,0.0,6.6,46.0
2024-06-15 21:00:00,0.0,18.6,82.0,0.0,5.4,0.0
2024-06-15 22:00:00,0.0,18.2,85.0,0.0,4.2,0.0
2024-06-15 23:00:00,0.0,17.8,88.0,0.0,4.4,0.0
2024-06-16 00:00:00,0.0,17.1,92.0,0.0,5.6,0.0
2024-06-16 01:00:00,0.0,16.5,96.0,0.0,6.1,0.0
2024-06-16 02:00:00,0.0,16.1,97.0,1.0,8.5,0.0
2024-06-16 03:00:00,0.0,15.8,95.0,0.0,9.4,0.0
2024-06-16 04:00:00,0.0,15.5,94.0,2.0,10.9,0.0
2024-06-16 05:00:00,0.0,15.4,95.0,30.0,13.8,0.0
2024-06-16 06:00:00,0.0,16.3,88.0,96.0,16.6,1.0
2024-06-16 07:00:00,0.0,16.4,88.0,96.0,17.0,48.0
2024-06-16 08:00:00,0.0,17.4,80.0,82.0,18.5,145.0
2024-06-16 09:00:00,0.0,19.0,72.0,38.0,18.4,383.0
2024-06-16 10:00:00,0.0,20.3,67.0,28.0,19.2,643.0
2024-06-16 11:00:00,0.0,21.0,64.0,6.0,20.9,817.0
2024-06-16 12:00:00,0.0,21.5,62.0,13.0,21.6,944.0
2024-06-16 13:00:00,0.0,21.6,62.0,8.0,21.6,994.0
2024-06-16 14:00:00,0.0,21.3,63.0,1.0,20.2,989.0
2024-06-16 15:00:00,0.0,21.2,64.0,0.0,19.0,922.0
2024-06-16 16:00:00,0.0,20.9,65.0,0.0,18.7,795.0
2024-06-16 17:00:00,0.0,20.1,69.0,0.0,17.3,622.0
2024-06-16 18:00:00,0.0,17.9,73.0,71.0,17.2,297.0
2024-06-16 19:00:00,0.0,17.5,75.0,75.0,13.5,163.0
2024-06-16 20:00:00,0.0,17.0,77.0,86.0,10.7,33.0
2024-06-16 21:00:00,0.0,16.7,79.0,55.0,11.9,0.0
2024-06-16 22:00:00,0.0,16.6,79.0,45.0,12.4,0.0
2024-06-16 23:00:00,0.0,16.3,80.0,5.0,14.0,0.0
2024-06-17 00:00:00,0.0,15.8,83.0,0.0,13.7,0.0
2024-06-17 01:00:00,0.0,15.6,84.0,0.0,11.4,0.0
2024-06-17 02:00:00,0.0,15.2,86.0,0.0,10.6,0.0
2024-06-17 03:00:00,0.0,15.0,87.0,5.0,11.9,0.0
2024-06-17 04:00:00,0.0,14.7,88.0,8.0,9.2,0.0
2024-06-17 05:00:00,0.0,14.2,89.0,8.0,8.5,0.0
2024-06-17 06:00:00,0.0,15.5,86.0,97.0,13.7,1.0
2024-06-17 07:00:00,0.0,15.8,83.0,92.0,12.5,48.0
2024-06-17 08:00:00,0.0,17.0,74.0,64.0,11.2,200.0
2024-06-17 09:00:00,0.0,18.6,67.0,1.0,12.4,443.0
2024-06-17 10:00:00,0.0,19.8,63.0,2.0,14.4,671.0
2024-06-17 11:00:00,0.0,20.4,60.0,1.0,17.5,829.0
2024-06-17 12:00:00,0.0,21.1,57.0,1.0,19.4,942.0
2024-06-17 13:00:00,0.0,21.6,56.0,1.0,20.3,993.0
2024-06-17 14:00:00,0.0,21.6,59.0,0.0,20.0,980.0
2024-06-17 15:00:00,0.0,21.4,62.0,0.0,19.1,908.0
2024-06-17 16:00:00,0.0,21.2,64.0,0.0,16.6,781.0
2024-06-17 17:00:00,0.0,20.8,67.0,0.0,14.6,611.0
2024-06-17 18:00:00,0.0,18.9,71.0,46.0,14.6,378.0
2024-06-17 19:00:00,0.0,18.2,75.0,65.0,14.5,188.0
2024-06-17 20:00:00,0.0,17.8,78.0,71.0,11.3,36.0
2024-06-17 21:00:00,0.0,17.6,79.0,100.0,8.1,0.0
2024-06-17 22:00:00,0.0,17.5,79.0,100.0,7.2,0.0
2024-06-17 23:00:00,0.0,17.3,80.0,63.0,8.0,0.0
2024-06-18 00:00:00,0.0,17.1,81.0,82.0,8.8,0.0
2024-06-18 01:00:00,0.0,17.0,81.0,100.0,11.5,0.0
2024-06-18 02:00:00,0.0,16.6,83.0,88.0,13.0,0.0
2024-06-18 03:00:00,0.0,16.3,83.0,61.0,15.2,0.0
2024-06-18 04:00:00,0.0,15.9,84.0,25.0,13.7,0.0
2024-06-18 05:00:00,0.0,15.6,86.0,17.0,11.6,0.0
2024-06-18 06:00:00,0.0,16.5,84.0,90.0,15.5,1.0
2024-06-18 07:00:00,0.0,16.8,82.0,60.0,15.1,63.0
2024-06-18 08:00:00,0.0,17.6,75.0,59.0,12.4,221.0
2024-06-18 09:00:00,0.0,19.1,66.0,60.0,10.4,412.0
2024-06-18 10:00:00,0.0,20.1,62.0,11.0,12.5,577.0
2024-06-18 11:00:00,0.0,20.6,62.0,5.0,16.2,811.0
2024-06-18 12:00:00,0.0,20.8,61.0,2.0,18.5,942.0
2024-06-18 13:00:00,0.0,21.3,59.0,1.0,20.5,994.0
2024-06-18 14:00:00,0.0,21.5,58.0,1.0,21.3,984.0
2024-06-18 15:00:00,0.0,21.3,58.0,0.0,20.3,912.0
2024-06-18 16:00:00,0.0,20.8,62.0,0.0,19.1,787.0
2024-06-18 17:00:00,0.0,20.3,66.0,1.0,16.7,617.0
2024-06-18 18:00:00,0.0,18.7,70.0,25.0,12.6,321.0
2024-06-18 19:00:00,0.0,18.1,73.0,19.0,11.9,184.0
2024-06-18 20:00:00,0.0,17.4,77.0,25.0,10.9,42.0
2024-06-18 21:00:00,0.0,17.3,78.0,10.0,7.4,0.0
2024-06-18 22:00:00,0.0,17.1,79.0,2.0,3.3,0.0
2024-06-18 23:00:00,0.0,16.8,80.0,1.0,3.3,0.0
2024-06-19 00:00:00,0.0,16.3,84.0,4.0,5.9,0.0
2024-06-19 01:00:00,0.0,15.6,87.0,0.0,10.0,0.0
2024-06-19 02:00:00,0.0,15.1,90.0,0.0,9.7,0.0
2024-06-19 03:00:00,0.0,14.8,92.0,0.0,6.5,0.0
2024-06-19 04:00:00,0.0,14.4,95.0,0.0,4.6,0.0
2024-06-19 05:00:00,0.0,14.3,94.0,4.0,4.8,0.0
2024-06-19 06:00:00,0.0,15.1,90.0,100.0,5.8,2.0
2024-06-19 07:00:00,0.0,16.0,86.0,100.0,6.6,59.0
2024-06-19 08:00:00,0.0,16.7,82.0,100.0,8.2,168.0
2024-06-19 09:00:00,0.0,18.2,73.0,39.0,8.4,345.0
2024-06-19 10:00:00,0.0,20.2,64.0,11.0,10.2,652.0
2024-06-19 11:00:00,0.0,20.9,62.0,2.0,16.4,822.0
2024-06-19 12:00:00,0.0,21.1,61.0,6.0,18.6,934.0
2024-06-19 13:00:00,0.0,21.4,60.0,6.0,18.9,983.0
2024-06-19 14:00:00,0.0,21.5,60.0,3.0,18.1,973.0
2024-06-19 15:00:00,0.0,21.4,60.0,1.0,17.6,904.0
2024-06-19 16:00:00,0.0,20.9,62.0,0.0,15.9,783.0
2024-06-19 17:00:00,0.0,20.4,64.0,0.0,13.2,615.0
2024-06-19 18:00:00,0.0,19.4,69.0,1.0,11.0,414.0
2024-06-19 19:00:00,0.0,18.7,72.0,1.0,8.6,211.0
2024-06-19 20:00:00,0.0,17.9,76.0,0.0,7.6,45.0
2024-06-19 21:00:00,0.0,17.5,79.0,0.0,6.9,0.0
2024-06-19 22:00:00,0.0,17.3,82.0,0.0,7.1,0.0
2024-06-19 23:00:00,0.0,17.0,86.0,0.0,6.9,0.0
2024-06-20 00:00:00,0.0,16.5,91.0,0.0,6.1,0.0
2024-06-20 01:00:00,0.0,16.2,94.0,0.0,5.6,0.0
2024-06-20 02:00:00,0.0,16.0,96.0,1.0,5.6,0.0
2024-06-20 03:00:00,0.0,15.6,97.0,9.0,4.7,0.0
2024-06-20 04:00:00,0.0,16.1,95.0,8.0,2.2,0.0
2024-06-20 05:00:00,0.0,15.8,96.0,28.0,1.9,0.0
2024-06-20 06:00:00,0.0,15.4,95.0,100.0,1.3,1.0
2024-06-20 07:00:00,0.0,15.8,92.0,100.0,1.0,47.0
2024-06-20 08:00:00,0.0,16.8,86.0,100.0,1.5,161.0
2024-06-20 09:00:00,0.0,18.6,76.0,66.0,2.5,323.0
2024-06-20 10:00:00,0.0,20.6,68.0,34.0,9.3,589.0
2024-06-20 11:00:00,0.0,21.6,64.0,13.0,15.0,791.0
2024-06-20 12:00:00,0.0,21.8,60.0,5.0,17.1,916.0
2024-06-20 13:00:00,0.0,22.3,54.0,1.0,17.2,979.0
2024-06-20 14:00:00,0.0,22.5,55.0,0.0,16.9,975.0
2024-06-20 15:00:00,0.0,22.5,56.0,0.0,17.3,905.0
2024-06-20 16:00:00,0.0,22.2,60.0,1.0,17.5,781.0
2024-06-20 17:00:00,0.0,21.8,63.0,1.0,17.7,612.0
2024-06-20 18:00:00,0.0,19.9,72.0,24.0,16.3,414.0
2024-06-20 19:00:00,0.0,19.4,73.0,6.0,14.7,206.0
2024-06-20 20:00:00,0.0,18.2,83.0,17.0,15.0,46.0
2024-06-20 21:00:00,0.0,17.9,86.0,9.0,13.8,0.0
2024-06-20 22:00:00,0.0,17.6,86.0,10.0,11.5,0.0
2024-06-20 23:00:00,0.0,17.5,86.0,0.0,8.7,0.0
2024-06-21 00:00:00,0.0,17.3,88.0,0.0,6.8,0.0
2024-06-21 01:00:00,0.0,16.9,90.0,4.0,7.8,0.0
2024-06-21 02:00:00,0.0,16.5,92.0,45.0,8.8,0.0
2024-06-21 03:00:00,0.0,16.5,93.0,92.0,8.0,0.0
2024-06-21 04:00:00,0.0,16.9,89.0,100.0,7.5,0.0
2024-06-21 05:00:00,0.0,16.9,87.0,97.0,5.2,0.0
2024-06-21 06:00:00,0.0,16.9,91.0,100.0,2.0,1.0
2024-06-21 07:00:00,0.0,17.0,89.0,100.0,1.4,41.0
2024-06-21 08:00:00,0.0,17.7,84.0,99.0,3.7,146.0
2024-06-21 09:00:00,0.0,19.2,76.0,69.0,5.8,332.0
2024-06-21 10:00:00,0.0,20.7,69.0,10.0,10.8,619.0
2024-06-21 11:00:00,0.0,21.6,65.0,7.0,15.1,811.0
2024-06-21 12:00:00,0.0,22.1,63.0,3.0,16.7,929.0
2024-06-21 13:00:00,0.0,22.5,59.0,1.0,15.6,991.0
2024-06-21 14:00:00,0.0,22.6,58.0,0.0,16.3,984.0
2024-06-21 15:00:00,0.0,22.5,57.0,0.0,16.2,916.0
2024-06-21 16:00:00,0.0,22.3,57.0,0.0,15.2,793.0
2024-06-21 17:00:00,0.0,21.9,59.0,0.0,14.2,624.0
2024-06-21 18:00:00,0.0,20.9,64.0,0.0,12.4,425.0
2024-06-21 19:00:00,0.0,20.1,69.0,0.0,9.8,219.0
2024-06-21 20:00:00,0.0,19.1,77.0,0.0,7.6,48.0
2024-06-21 21:00:00,0.0,18.5,82.0,0.0,7.3,0.0
2024-06-21 22:00:00,0.0,18.3,85.0,0.0,6.4,0.0
2024-06-21 23:00:00,0.0,18.1,87.0,0.0,4.8,0.0
2024-06-22 00:00:00,0.0,17.7,91.0,0.0,4.0,0.0
2024-06-22 01:00:00,0.0,17.2,95.0,0.0,2.9,0.0
2024-06-22 02:00:00,0.0,17.7,93.0,0.0,1.6,0.0
2024-06-22 03:00:00,0.0,17.3,95.0,6.0,0.4,0.0
2024-06-22 04:00:00,0.0,17.0,97.0,100.0,0.4,0.0
2024-06-22 05:00:00,0.0,16.7,97.0,100.0,2.6,0.0
2024-06-22 06:00:00,0.0,15.9,95.0,100.0,2.9,1.0
2024-06-22 07:00:00,0.0,16.0,95.0,100.0,5.7,34.0
2024-06-22 08:00:00,0.0,17.4,87.0,65.0,3.7,174.0
2024-06-22 09:00:00,0.0,20.1,74.0,34.0,3.6,445.0
2024-06-22 10:00:00,0.0,22.1,67.0,13.0,10.9,641.0
2024-06-22 11:00:00,0.0,22.5,66.0,16.0,14.8,812.0
2024-06-22 12:00:00,0.0,22.6,65.0,26.0,14.9,912.0
2024-06-22 13:00:00,0.0,23.0,62.0,25.0,13.9,949.0
2024-06-22 14:00:00,0.0,23.6,58.0,12.0,13.1,881.0
2024-06-22 15:00:00,0.0,24.1,56.0,3.0,14.1,866.0
2024-06-22 16:00:00,0.0,24.0,58.0,3.0,15.1,767.0
2024-06-22 17:00:00,0.0,23.6,60.0,0.0,14.0,600.0
2024-06-22 18:00:00,0.0,23.3,64.0,44.0,14.6,381.0
2024-06-22 19:00:00,0.0,22.1,68.0,14.0,12.0,143.0
2024-06-22 20:00:00,0.0,21.4,71.0,8.0,9.3,42.0
2024-06-22 21:00:00,0.0,21.4,72.0,1.0,8.9,0.0
2024-06-22 22:00:00,0.0,20.9,76.0,0.0,7.6,0.0
2024-06-22 23:00:00,0.0,20.6,79.0,0.0,7.9,0.0
2024-06-23 00:00:00,0.0,20.2,82.0,0.0,2.5,0.0
2024-06-23 01:00:00,0.0,20.0,83.0,0.0,3.9,0.0
2024-06-23 02:00:00,0.0,19.6,86.0,0.0,3.1,0.0
2024-06-23 03:00:00,0.0,19.7,86.0,0.0,3.4,0.0
2024-06-23 04:00:00,0.0,19.8,86.0,1.0,2.8,0.0
2024-06-23 05:00:00,0.0,19.5,88.0,0.0,4.3,0.0
2024-06-23 06:00:00,0.0,19.4,89.0,28.0,4.5,2.0
2024-06-23 07:00:00,0.0,20.2,84.0,7.0,3.2,79.0
2024-06-23 08:00:00,0.0,21.6,78.0,4.0,4.1,251.0
2024-06-23 09:00:00,0.0,24.2,65.0,13.0,2.9,458.0
2024-06-23 10:00:00,0.0,26.3,57.0,13.0,11.7,641.0
2024-06-23 11:00:00,0.0,26.3,56.0,17.0,16.3,792.0
2024-06-23 12:00:00,0.0,26.2,53.0,6.0,16.5,900.0
2024-06-23 13:00:00,0.0,25.8,57.0,28.0,16.8,948.0
2024-06-23 14:00:00,0.0,25.2,58.0,62.0,16.4,933.0
2024-06-23 15:00:00,0.0,24.5,59.0,20.0,14.1,847.0
2024-06-23 16:00:00,0.0,24.2,60.0,29.0,12.1,713.0
2024-06-23 17:00:00,0.0,24.5,57.0,9.0,12.2,556.0
2024-06-23 18:00:00,0.0,23.6,62.0,50.0,11.5,372.0
2024-06-23 19:00:00,0.0,22.6,68.0,34.0,8.9,197.0
2024-06-23 20:00:00,0.0,20.7,79.0,19.0,12.2,43.0
2024-06-23 21:00:00,0.0,19.9,82.0,23.0,8.2,0.0
2024-06-23 22:00:00,0.0,19.7,82.0,17.0,6.9,0.0
2024-06-23 23:00:00,0.0,19.5,81.0,1.0,3.4,0.0
2024-06-24 00:00:00,0.0,19.4,79.0,0.0,2.9,0.0
2024-06-24 01:00:00,0.0,19.6,75.0,0.0,1.9,0.0
2024-06-24 02:00:00,0.0,19.7,74.0,1.0,4.6,0.0
2024-06-24 03:00:00,0.0,19.3,79.0,5.0,4.4,0.0
2024-06-24 04:00:00,0.0,18.7,87.0,29.0,3.7,0.0
2024-06-24 05:00:00,0.0,18.3,91.0,8.0,2.9,0.0
2024-06-24 06:00:00,0.0,19.6,85.0,76.0,3.6,1.0
2024-06-24 07:00:00,0.0,20.2,84.0,42.0,3.1,72.0
2024-06-24 08:00:00,0.0,22.0,73.0,45.0,3.3,232.0
2024-06-24 09:00:00,0.0,23.4,67.0,51.0,9.4,380.0
2024-06-24 10:00:00,0.0,24.7,61.0,38.0,11.7,606.0
2024-06-24 11:00:00,0.0,25.4,58.0,12.0,15.1,767.0
2024-06-24 12:00:00,0.0,25.6,56.0,8.0,17.9,900.0
2024-06-24 13:00:00,0.0,25.3,55.0,6.0,17.7,952.0
2024-06-24 14:00:00,0.0,25.4,56.0,1.0,16.5,942.0
2024-06-24 15:00:00,0.0,24.9,58.0,0.0,16.8,875.0
2024-06-24 16:00:00,0.0,24.0,62.0,3.0,15.6,754.0
2024-06-24 17:00:00,0.0,23.3,64.0,14.0,14.5,591.0
2024-06-24 18:00:00,0.0,22.7,57.0,1.0,13.8,401.0
2024-06-24 19:00:00,0.0,21.6,63.0,0.0,10.4,204.0
2024-06-24 20:00:00,0.0,20.8,69.0,0.0,7.4,45.0
2024-06-24 21:00:00,0.0,20.3,73.0,0.0,5.7,0.0
2024-06-24 22:00:00,0.0,19.8,79.0,1.0,6.5,0.0
2024-06-24 23:00:00,0.0,19.3,83.0,1.0,4.8,0.0
2024-06-25 00:00:00,0.0,19.0,84.0,1.0,2.9,0.0
2024-06-25 01:00:00,0.0,18.8,84.0,1.0,1.9,0.0
2024-06-25 02:00:00,0.0,18.5,83.0,1.0,1.0,0.0
2024-06-25 03:00:00,0.0,18.4,82.0,0.0,0.4,0.0
2024-06-25 04:00:00,0.0,18.3,84.0,1.0,1.5,0.0
2024-06-25 05:00:00,0.0,18.1,87.0,1.0,2.5,0.0
2024-06-25 06:00:00,0.0,18.5,95.0,0.0,1.1,2.0
2024-06-25 07:00:00,0.0,19.4,87.0,0.0,1.1,82.0
2024-06-25 08:00:00,0.0,21.0,76.0,0.0,4.2,257.0
2024-06-25 09:00:00,0.0,22.5,70.0,0.0,8.6,453.0
2024-06-25 10:00:00,0.0,23.2,68.0,1.0,14.4,638.0
2024-06-25 11:00:00,0.0,23.7,63.0,0.0,15.9,789.0
2024-06-25 12:00:00,0.0,24.1,60.0,0.0,17.0,896.0
2024-06-25 13:00:00,0.0,24.2,62.0,0.0,17.3,947.0
2024-06-25 14:00:00,0.0,24.1,62.0,0.0,17.9,939.0
2024-06-25 15:00:00,0.0,23.7,59.0,0.0,18.1,872.0
2024-06-25 16:00:00,0.0,23.1,61.0,0.0,18.0,752.0
2024-06-25 17:00:00,0.0,22.4,64.0,0.0,15.4,589.0
2024-06-25 18:00:00,0.0,21.5,73.0,0.0,13.2,398.0
2024-06-25 19:00:00,0.0,20.8,75.0,0.0,11.4,203.0
2024-06-25 20:00:00,0.0,20.0,79.0,0.0,10.2,44.0
2024-06-25 21:00:00,0.0,19.7,80.0,0.0,7.7,0.0
2024-06-25 22:00:00,0.0,19.4,81.0,0.0,5.8,0.0
2024-06-25 23:00:00,0.0,19.2,83.0,8.0,5.2,0.0
2024-06-26 00:00:00,0.0,19.1,84.0,22.0,4.3,0.0
2024-06-26 01:00:00,0.0,18.9,85.0,14.0,2.6,0.0
2024-06-26 02:00:00,0.0,18.7,86.0,8.0,1.8,0.0
2024-06-26 03:00:00,0.0,18.5,87.0,0.0,1.9,0.0
2024-06-26 04:00:00,0.0,18.3,89.0,2.0,2.1,0.0
2024-06-26 05:00:00,0.0,18.1,90.0,11.0,2.1,0.0
2024-06-26 06:00:00,0.0,18.5,89.0,100.0,3.6,1.0
2024-06-26 07:00:00,0.0,19.0,86.0,90.0,5.5,53.0
2024-06-26 08:00:00,0.0,19.8,81.0,68.0,6.1,162.0
2024-06-26 09:00:00,0.0,21.1,75.0,100.0,7.6,322.0
2024-06-26 10:00:00,0.0,21.9,71.0,70.0,11.5,454.0
2024-06-26 11:00:00,0.0,22.5,69.0,65.0,16.1,663.0
2024-06-26 12:00:00,0.0,22.9,64.0,23.0,17.6,818.0
2024-06-26 13:00:00,0.0,23.2,62.0,3.0,17.6,916.0
2024-06-26 14:00:00,0.0,23.2,62.0,1.0,17.4,928.0
2024-06-26 15:00:00,0.0,22.9,63.0,1.0,18.2,867.0
2024-06-26 16:00:00,0.0,22.4,65.0,1.0,18.0,748.0
2024-06-26 17:00:00,0.0,21.7,68.0,0.0,15.1,587.0
2024-06-26 18:00:00,0.0,20.7,70.0,1.0,15.5,396.0
2024-06-26 19:00:00,0.0,19.9,75.0,3.0,12.4,201.0
2024-06-26 20:00:00,0.0,19.2,78.0,15.0,8.7,43.0
2024-06-26 21:00:00,0.0,18.9,81.0,28.0,7.1,0.0
2024-06-26 22:00:00,0.0,18.8,81.0,18.0,5.9,0.0
2024-06-26 23:00:00,0.0,18.5,82.0,8.0,3.8,0.0
2024-06-27 00:00:00,0.0,18.3,82.0,2.0,2.1,0.0
2024-06-27 01:00:00,0.0,18.2,83.0,1.0,2.1,0.0
2024-06-27 02:00:00,0.0,18.0,85.0,0.0,2.6,0.0
2024-06-27 03:00:00,0.0,17.9,85.0,0.0,4.1,0.0
2024-06-27 04:00:00,0.0,17.6,85.0,3.0,5.4,0.0
2024-06-27 05:00:00,0.0,17.5,86.0,9.0,6.2,0.0
2024-06-27 06:00:00,0.0,17.8,86.0,73.0,7.6,1.0
2024-06-27 07:00:00,0.0,18.4,82.0,92.0,8.6,63.0
2024-06-27 08:00:00,0.0,19.3,76.0,67.0,9.7,182.0
2024-06-27 09:00:00,0.0,20.3,70.0,50.0,11.8,357.0
2024-06-27 10:00:00,0.0,21.3,65.0,35.0,13.9,565.0
2024-06-27 11:00:00,0.0,22.0,64.0,47.0,15.6,694.0
2024-06-27 12:00:00,0.0,22.5,62.0,5.0,16.8,753.0
2024-06-27 13:00:00,0.0,23.1,60.0,0.0,18.1,942.0
2024-06-27 14:00:00,0.0,23.2,60.0,0.0,17.4,948.0
2024-06-27 15:00:00,0.0,23.0,61.0,0.0,16.1,881.0
2024-06-27 16:00:00,0.0,22.7,63.0,0.0,14.7,761.0
2024-06-27 17:00:00,0.0,22.3,66.0,0.0,14.2,598.0
2024-06-27 18:00:00,0.0,20.9,72.0,0.0,12.9,405.0
2024-06-27 19:00:00,0.0,20.1,76.0,0.0,11.4,207.0
2024-06-27 20:00:00,0.0,19.4,80.0,0.0,10.5,46.0
2024-06-27 21:00:00,0.0,19.1,82.0,1.0,7.7,0.0
2024-06-27 22:00:00,0.0,18.9,83.0,3.0,5.5,0.0
2024-06-27 23:00:00,0.0,18.7,84.0,3.0,4.0,0.0
2024-06-28 00:00:00,0.0,18.5,85.0,1.0,4.7,0.0
2024-06-28 01:00:00,0.0,18.2,86.0,2.0,5.6,0.0
2024-06-28 02:00:00,0.0,18.0,88.0,11.0,5.0,0.0
2024-06-28 03:00:00,0.0,17.8,90.0,11.0,3.9,0.0
2024-06-28 04:00:00,0.0,17.3,92.0,21.0,6.3,0.0
2024-06-28 05:00:00,0.0,16.8,94.0,39.0,7.2,0.0
2024-06-28 06:00:00,0.0,18.0,86.0,71.0,4.9,1.0
2024-06-28 07:00:00,0.0,18.5,82.0,54.0,5.8,73.0
2024-06-28 08:00:00,0.0,19.5,76.0,74.0,6.8,234.0
2024-06-28 09:00:00,0.0,20.9,70.0,70.0,10.8,394.0
2024-06-28 10:00:00,0.0,21.9,68.0,46.0,16.9,610.0
2024-06-28 11:00:00,0.0,21.9,69.0,72.0,19.6,763.0
2024-06-28 12:00:00,0.0,22.3,66.0,40.0,19.7,867.0
2024-06-28 13:00:00,0.0,22.4,64.0,18.0,20.0,937.0
2024-06-28 14:00:00,0.0,22.4,64.0,15.0,19.2,955.0
2024-06-28 15:00:00,0.0,22.2,64.0,16.0,17.6,902.0
2024-06-28 16:00:00,0.0,21.8,64.0,8.0,15.8,779.0
2024-06-28 17:00:00,0.0,21.2,66.0,4.0,13.7,618.0
2024-06-28 18:00:00,0.0,19.9,72.0,11.0,15.5,415.0
2024-06-28 19:00:00,0.0,19.1,76.0,19.0,11.8,219.0
2024-06-28 20:00:00,0.0,18.5,79.0,37.0,7.1,47.0
2024-06-28 21:00:00,0.0,18.2,80.0,35.0,4.6,0.0
2024-06-28 22:00:00,0.0,18.0,81.0,19.0,1.9,0.0
2024-06-28 23:00:00,0.0,17.6,83.0,11.0,0.4,0.0
2024-06-29 00:00:00,0.0,17.1,86.0,4.0,3.1,0.0
2024-06-29 01:00:00,0.0,16.4,90.0,2.0,3.5,0.0
2024-06-29 02:00:00,0.0,15.7,94.0,1.0,3.3,0.0
2024-06-29 03:00:00,0.0,15.2,97.0,1.0,4.7,0.0
2024-06-29 04:00:00,0.0,14.9,97.0,4.0,6.1,0.0
2024-06-29 05:00:00,0.0,14.7,97.0,35.0,6.9,0.0
2024-06-29 06:00:00,0.0,14.6,99.0,100.0,5.5,1.0
2024-06-29 07:00:00,0.0,15.3,96.0,72.0,5.8,51.0
2024-06-29 08:00:00,0.0,17.3,83.0,20.0,5.8,197.0
2024-06-29 09:00:00,0.0,19.5,69.0,3.0,6.3,452.0
2024-06-29 10:00:00,0.0,21.3,61.0,4.0,11.2,667.0
2024-06-29 11:00:00,0.0,22.4,57.0,1.0,15.1,828.0
2024-06-29 12:00:00,0.0,23.2,52.0,0.0,17.0,944.0
2024-06-29 13:00:00,0.0,23.8,50.0,0.0,18.3,995.0
2024-06-29 14:00:00,0.0,23.8,52.0,0.0,19.3,987.0
2024-06-29 15:00:00,0.0,23.5,56.0,0.0,18.5,917.0
2024-06-29 16:00:00,0.0,23.2,58.0,0.0,17.5,791.0
2024-06-29 17:00:00,0.0,22.7,62.0,0.0,16.2,621.0
2024-06-29 18:00:00,0.0,21.9,68.0,0.0,14.7,418.0
2024-06-29 19:00:00,0.0,21.1,73.0,0.0,13.7,215.0
2024-06-29 20:00:00,0.0,20.1,79.0,0.0,12.2,48.0
2024-06-29 21:00:00,0.0,19.7,82.0,0.0,10.9,0.0
2024-06-29 22:00:00,0.0,19.5,84.0,0.0,9.2,0.0
2024-06-29 23:00:00,0.0,19.2,87.0,2.0,8.7,0.0
2024-06-30 00:00:00,0.0,18.8,90.0,1.0,8.8,0.0
2024-06-30 01:00:00,0.0,18.6,91.0,3.0,7.7,0.0
2024-06-30 02:00:00,0.0,18.4,92.0,15.0,6.5,0.0
2024-06-30 03:00:00,0.0,18.2,93.0,32.0,5.9,0.0
2024-06-30 04:00:00,0.0,17.9,94.0,45.0,4.3,0.0
2024-06-30 05:00:00,0.0,17.9,93.0,52.0,3.6,0.0
2024-06-30 06:00:00,0.0,18.2,93.0,100.0,9.2,1.0
2024-06-30 07:00:00,0.0,18.6,90.0,99.0,10.5,50.0
2024-06-30 08:00:00,0.0,19.4,83.0,81.0,9.4,168.0
2024-06-30 09:00:00,0.0,20.6,77.0,68.0,9.4,365.0
2024-06-30 10:00:00,0.0,22.1,71.0,43.0,12.0,600.0
2024-06-30 11:00:00,0.0,22.9,67.0,37.0,14.0,781.0
2024-06-30 12:00:00,0.0,23.6,64.0,30.0,13.7,886.0
2024-06-30 13:00:00,0.0,24.6,58.0,11.0,16.6,963.0
2024-06-30 14:00:00,0.0,24.7,56.0,1.0,16.2,966.0
2024-06-30 15:00:00,0.0,24.6,57.0,0.0,15.9,903.0
2024-06-30 16:00:00,0.0,23.6,61.0,0.0,16.2,780.0
2024-06-30 17:00:00,0.0,23.0,65.0,0.0,15.3,613.0
2024-06-30 18:00:00,0.0,21.3,73.0,13.0,13.1,417.0
2024-06-30 19:00:00,0.0,20.5,79.0,20.0,8.5,213.0
2024-06-30 20:00:00,0.0,19.7,83.0,8.0,7.1,46.0
2024-06-30 21:00:00,0.0,19.3,85.0,4.0,6.4,0.0
2024-06-30 22:00:00,0.0,19.0,86.0,1.0,5.1,0.0
2024-06-30 23:00:00,0.0,18.7,88.0,1.0,4.1,0.0
2024-07-01 00:00:00,0.0,18.4,89.0,0.0,4.5,0.0
2024-07-01 01:00:00,0.0,17.9,92.0,0.0,5.0,0.0
2024-07-01 02:00:00,0.0,17.3,96.0,26.0,5.5,0.0
2024-07-01 03:00:00,0.0,16.8,98.0,54.0,4.3,0.0
2024-07-01 04:00:00,0.0,16.1,99.0,100.0,4.3,0.0
2024-07-01 05:00:00,0.0,16.1,99.0,100.0,5.4,0.0
2024-07-01 06:00:00,0.0,16.9,94.0,100.0,5.5,1.0
2024-07-01 07:00:00,0.0,16.7,97.0,100.0,7.6,38.0
2024-07-01 08:00:00,0.0,17.9,89.0,93.0,8.3,130.0
2024-07-01 09:00:00,0.0,20.2,75.0,15.0,9.7,382.0
2024-07-01 10:00:00,0.0,22.1,67.0,12.0,13.7,657.0
2024-07-01 11:00:00,0.0,22.7,64.0,6.0,17.1,822.0
2024-07-01 12:00:00,0.0,23.1,62.0,2.0,18.4,938.0
2024-07-01 13:00:00,0.0,23.6,58.0,0.0,19.0,996.0
2024-07-01 14:00:00,0.0,23.5,59.0,2.0,18.6,991.0
2024-07-01 15:00:00,0.0,23.3,62.0,2.0,17.1,923.0
2024-07-01 16:00:00,0.0,23.0,62.0,1.0,15.3,798.0
2024-07-01 17:00:00,0.0,22.4,66.0,3.0,15.3,629.0
2024-07-01 18:00:00,0.0,20.7,71.0,1.0,16.5,429.0
2024-07-01 19:00:00,0.0,19.4,78.0,6.0,14.3,220.0
2024-07-01 20:00:00,0.0,18.7,82.0,3.0,11.2,48.0
2024-07-01 21:00:00,0.0,18.4,82.0,7.0,9.2,0.0
2024-07-01 22:00:00,0.0,18.2,82.0,32.0,8.8,0.0
2024-07-01 23:00:00,0.0,17.9,84.0,53.0,7.2,0.0
2024-07-02 00:00:00,0.0,17.5,86.0,48.0,6.2,0.0
2024-07-02 01:00:00,0.0,17.2,87.0,99.0,5.6,0.0
2024-07-02 02:00:00,0.0,17.0,89.0,100.0,4.7,0.0
2024-07-02 03:00:00,0.0,16.8,89.0,100.0,4.8,0.0
2024-07-02 04:00:00,0.0,16.7,89.0,100.0,5.4,0.0
2024-07-02 05:00:00,0.0,16.4,91.0,100.0,5.4,0.0
2024-07-02 06:00:00,0.0,16.2,96.0,100.0,6.3,0.0
2024-07-02 07:00:00,0.0,16.4,94.0,100.0,6.6,29.0
2024-07-02 08:00:00,0.0,17.2,88.0,100.0,4.0,123.0
2024-07-02 09:00:00,0.0,18.7,77.0,66.0,1.8,294.0
2024-07-02 10:00:00,0.0,21.1,65.0,58.0,6.3,583.0
2024-07-02 11:00:00,0.0,22.7,57.0,42.0,11.9,766.0
2024-07-02 12:00:00,0.0,23.5,55.0,24.0,15.1,908.0
2024-07-02 13:00:00,0.0,23.9,55.0,9.0,17.1,989.0
2024-07-02 14:00:00,0.0,24.0,57.0,2.0,16.7,987.0
2024-07-02 15:00:00,0.0,23.7,60.0,1.0,17.3,917.0
2024-07-02 16:00:00,0.0,23.2,63.0,0.0,16.5,791.0
2024-07-02 17:00:00,0.0,22.6,65.0,0.0,14.9,620.0
2024-07-02 18:00:00,0.0,21.7,71.0,17.0,11.4,385.0
2024-07-02 19:00:00,0.0,21.1,75.0,12.0,10.3,203.0
2024-07-02 20:00:00,0.0,19.8,83.0,8.0,11.1,46.0
2024-07-02 21:00:00,0.0,19.4,85.0,5.0,8.6,0.0
2024-07-02 22:00:00,0.0,19.4,85.0,4.0,6.5,0.0
2024-07-02 23:00:00,0.0,19.2,86.0,5.0,3.3,0.0
2024-07-03 00:00:00,0.0,19.0,87.0,17.0,2.7,0.0
2024-07-03 01:00:00,0.0,18.7,89.0,15.0,4.0,0.0
2024-07-03 02:00:00,0.0,18.3,93.0,14.0,4.8,0.0
2024-07-03 03:00:00,0.0,18.3,94.0,95.0,3.9,0.0
2024-07-03 04:00:00,0.0,18.5,93.0,94.0,3.9,0.0
2024-07-03 05:00:00,0.0,18.5,92.0,99.0,2.5,0.0
2024-07-03 06:00:00,0.0,18.3,92.0,100.0,5.0,1.0
2024-07-03 07:00:00,0.0,18.5,91.0,100.0,3.0,37.0
2024-07-03 08:00:00,0.0,19.3,86.0,100.0,0.7,136.0
2024-07-03 09:00:00,0.0,21.2,77.0,6.0,4.1,378.0
2024-07-03 10:00:00,0.0,22.8,71.0,3.0,9.8,616.0
2024-07-03 11:00:00,0.0,23.6,68.0,8.0,13.1,781.0
2024-07-03 12:00:00,0.0,24.1,67.0,8.0,15.3,901.0
2024-07-03 13:00:00,0.0,24.2,67.0,21.0,15.9,952.0
2024-07-03 14:00:00,0.0,24.3,67.0,16.0,15.5,940.0
2024-07-03 15:00:00,0.0,24.1,67.0,10.0,15.6,866.0
2024-07-03 16:00:00,0.0,23.7,69.0,11.0,15.3,735.0
2024-07-03 17:00:00,0.0,23.1,70.0,6.0,14.6,586.0
2024-07-03 18:00:00,0.0,22.5,73.0,2.0,13.1,398.0
2024-07-03 19:00:00,0.0,21.5,79.0,0.0,11.8,208.0
2024-07-03 20:00:00,0.0,20.6,84.0,10.0,9.4,46.0
2024-07-03 21:00:00,0.0,20.2,87.0,12.0,7.2,0.0
2024-07-03 22:00:00,0.0,20.1,87.0,11.0,6.8,0.0
2024-07-03 23:00:00,0.0,20.1,86.0,22.0,6.1,0.0
2024-07-04 00:00:00,0.0,20.0,86.0,25.0,6.0,0.0
2024-07-04 01:00:00,0.0,19.7,88.0,6.0,6.8,0.0
2024-07-04 02:00:00,0.0,19.4,90.0,14.0,5.9,0.0
2024-07-04 03:00:00,0.0,19.3,92.0,49.0,6.4,0.0
2024-07-04 04:00:00,0.0,19.3,91.0,81.0,7.2,0.0
2024-07-04 05:00:00,0.0,19.3,90.0,98.0,7.7,0.0
2024-07-04 06:00:00,0.0,18.8,93.0,97.0,6.4,1.0
2024-07-04 07:00:00,0.0,19.5,89.0,100.0,5.1,54.0
2024-07-04 08:00:00,0.0,20.2,84.0,100.0,1.5,164.0
2024-07-04 09:00:00,0.0,21.6,77.0,93.0,3.4,316.0
2024-07-04 10:00:00,0.0,23.3,70.0,62.0,8.0,564.0
2024-07-04 11:00:00,0.0,24.4,66.0,19.0,14.4,763.0
2024-07-04 12:00:00,0.0,24.8,64.0,1.0,18.4,903.0
2024-07-04 13:00:00,0.0,24.7,63.0,7.0,19.9,968.0
2024-07-04 14:00:00,0.0,24.5,62.0,16.0,20.4,922.0
2024-07-04 15:00:00,0.0,24.1,64.0,13.0,20.6,843.0
2024-07-04 16:00:00,0.0,23.6,65.0,13.0,20.3,754.0
2024-07-04 17:00:00,0.0,22.7,68.0,14.0,17.5,597.0
2024-07-04 18:00:00,0.0,22.1,67.0,2.0,15.1,409.0
2024-07-04 19:00:00,0.0,20.9,75.0,1.0,12.3,210.0
2024-07-04 20:00:00,0.0,19.8,82.0,2.0,10.3,46.0
2024-07-04 21:00:00,0.0,19.5,83.0,0.0,7.9,0.0
2024-07-04 22:00:00,0.0,19.3,83.0,0.0,4.5,0.0
2024-07-04 23:00:00,0.0,19.1,84.0,3.0,5.2,0.0
2024-07-05 00:00:00,0.0,18.8,86.0,4.0,5.4,0.0
2024-07-05 01:00:00,0.0,18.5,88.0,3.0,1.6,0.0
2024-07-05 02:00:00,0.0,18.4,89.0,0.0,0.8,0.0
2024-07-05 03:00:00,0.0,18.1,91.0,8.0,3.5,0.0
2024-07-05 04:00:00,0.0,17.8,95.0,24.0,3.6,0.0
2024-07-05 05:00:00,0.0,18.0,95.0,100.0,2.8,0.0
2024-07-05 06:00:00,0.0,18.7,91.0,100.0,4.3,1.0
2024-07-05 07:00:00,0.0,19.0,88.0,99.0,2.4,56.0
2024-07-05 08:00:00,0.0,19.6,85.0,63.0,1.5,182.0
2024-07-05 09:00:00,0.0,21.7,74.0,8.0,5.4,439.0
2024-07-05 10:00:00,0.0,23.3,69.0,1.0,12.4,645.0
2024-07-05 11:00:00,0.0,23.8,67.0,0.0,14.5,805.0
2024-07-05 12:00:00,0.0,24.2,64.0,0.0,15.4,918.0
2024-07-05 13:00:00,0.0,24.3,63.0,7.0,15.1,970.0
2024-07-05 14:00:00,0.0,24.2,63.0,6.0,16.8,958.0
2024-07-05 15:00:00,0.0,24.0,65.0,16.0,18.7,884.0
2024-07-05 16:00:00,0.0,23.3,67.0,7.0,18.5,744.0
2024-07-05 17:00:00,0.0,23.0,69.0,2.0,14.4,606.0
2024-07-05 18:00:00,0.0,22.2,75.0,2.0,13.3,416.0
2024-07-05 19:00:00,0.0,21.3,79.0,3.0,11.9,214.0
2024-07-05 20:00:00,0.0,20.3,83.0,1.0,9.9,46.0
2024-07-05 21:00:00,0.0,19.9,86.0,0.0,8.1,0.0
2024-07-05 22:00:00,0.0,19.5,88.0,2.0,4.6,0.0
2024-07-05 23:00:00,0.0,19.3,89.0,14.0,8.3,0.0
2024-07-06 00:00:00,0.0,18.9,91.0,3.0,6.3,0.0
2024-07-06 01:00:00,0.0,18.5,94.0,24.0,4.8,0.0
2024-07-06 02:00:00,0.0,18.3,94.0,18.0,6.1,0.0
2024-07-06 03:00:00,0.0,18.1,95.0,26.0,7.2,0.0
2024-07-06 04:00:00,0.0,18.0,95.0,61.0,8.0,0.0
2024-07-06 05:00:00,0.0,18.2,94.0,83.0,7.1,0.0
2024-07-06 06:00:00,0.0,17.8,93.0,100.0,14.6,0.0
2024-07-06 07:00:00,0.0,18.2,91.0,95.0,14.3,37.0
2024-07-06 08:00:00,0.0,19.7,83.0,86.0,13.7,177.0
2024-07-06 09:00:00,0.0,21.3,75.0,47.0,13.2,385.0
2024-07-06 10:00:00,0.0,22.2,71.0,37.0,14.3,584.0
2024-07-06 11:00:00,0.0,23.0,68.0,22.0,15.8,764.0
2024-07-06 12:00:00,0.0,23.6,66.0,19.0,18.8,901.0
2024-07-06 13:00:00,0.0,23.9,64.0,11.0,20.2,970.0
2024-07-06 14:00:00,0.0,24.2,63.0,4.0,20.1,957.0
2024-07-06 15:00:00,0.0,24.2,62.0,7.0,19.4,900.0
2024-07-06 16:00:00,0.0,23.7,64.0,5.0,19.5,763.0
2024-07-06 17:00:00,0.0,23.0,67.0,4.0,15.3,597.0
2024-07-06 18:00:00,0.0,22.0,74.0,7.0,12.0,404.0
2024-07-06 19:00:00,0.0,21.2,78.0,4.0,10.1,215.0
2024-07-06 20:00:00,0.0,20.0,84.0,5.0,10.0,47.0
2024-07-06 21:00:00,0.0,19.3,89.0,9.0,5.7,0.0
2024-07-06 22:00:00,0.0,19.1,90.0,5.0,3.7,0.0
2024-07-06 23:00:00,0.0,18.9,90.0,6.0,6.5,0.0
2024-07-07 00:00:00,0.0,18.7,91.0,4.0,4.6,0.0
2024-07-07 01:00:00,0.0,18.4,92.0,0.0,5.0,0.0
2024-07-07 02:00:00,0.0,17.9,94.0,0.0,4.1,0.0
2024-07-07 03:00:00,0.0,17.6,96.0,0.0,1.4,0.0
2024-07-07 04:00:00,0.0,17.0,97.0,0.0,3.4,0.0
2024-07-07 05:00:00,0.0,16.8,96.0,0.0,4.8,0.0
2024-07-07 06:00:00,0.0,17.3,97.0,100.0,2.8,0.0
2024-07-07 07:00:00,0.0,17.9,94.0,100.0,0.4,36.0
2024-07-07 08:00:00,0.0,19.1,88.0,100.0,4.0,136.0
2024-07-07 09:00:00,0.0,20.7,79.0,55.0,6.8,353.0
2024-07-07 10:00:00,0.0,22.7,68.0,0.0,10.4,619.0
2024-07-07 11:00:00,0.0,23.5,65.0,14.0,15.5,794.0
2024-07-07 12:00:00,0.0,23.4,66.0,24.0,18.7,910.0
2024-07-07 13:00:00,0.0,23.3,67.0,15.0,18.1,967.0
2024-07-07 14:00:00,0.0,23.4,68.0,16.0,16.7,964.0
2024-07-07 15:00:00,0.0,23.3,67.0,12.0,15.3,900.0
2024-07-07 16:00:00,0.0,23.0,69.0,15.0,14.9,771.0
2024-07-07 17:00:00,0.0,22.4,72.0,17.0,13.4,601.0
2024-07-07 18:00:00,0.0,21.9,75.0,11.0,12.0,418.0
2024-07-07 19:00:00,0.0,20.9,80.0,4.0,8.8,210.0
2024-07-07 20:00:00,0.0,20.3,83.0,1.0,6.2,46.0
2024-07-07 21:00:00,0.0,20.0,84.0,1.0,4.3,0.0
2024-07-07 22:00:00,0.0,19.8,85.0,0.0,3.7,0.0
2024-07-07 23:00:00,0.0,19.7,86.0,0.0,3.9,0.0
2024-07-08 00:00:00,0.0,19.5,87.0,10.0,4.9,0.0
2024-07-08 01:00:00,0.0,19.2,89.0,10.0,4.1,0.0
2024-07-08 02:00:00,0.0,18.9,92.0,10.0,3.1,0.0
2024-07-08 03:00:00,0.0,18.8,93.0,21.0,3.8,0.0
2024-07-08 04:00:00,0.0,18.8,93.0,100.0,4.1,0.0
2024-07-08 05:00:00,0.0,18.8,92.0,100.0,3.4,0.0
2024-07-08 06:00:00,0.0,18.8,91.0,100.0,7.3,0.0
2024-07-08 07:00:00,0.0,19.0,90.0,100.0,4.9,46.0
2024-07-08 08:00:00,0.0,19.4,87.0,100.0,1.9,130.0
2024-07-08 09:00:00,0.0,20.5,81.0,100.0,5.6,258.0
2024-07-08 10:00:00,0.0,22.2,74.0,69.0,11.2,468.0
2024-07-08 11:00:00,0.0,23.5,67.0,10.0,15.9,731.0
2024-07-08 12:00:00,0.0,23.6,65.0,8.0,18.1,911.0
2024-07-08 13:00:00,0.0,23.8,63.0,8.0,16.7,975.0
2024-07-08 14:00:00,0.0,24.2,62.0,11.0,16.5,971.0
2024-07-08 15:00:00,0.0,24.5,62.0,6.0,16.9,903.0
2024-07-08 16:00:00,0.0,24.0,64.0,10.0,17.3,782.0
2024-07-08 17:00:00,0.0,23.1,68.0,10.0,15.8,613.0
2024-07-08 18:00:00,0.0,21.5,76.0,27.0,12.8,410.0
2024-07-08 19:00:00,0.0,20.4,81.0,20.0,9.2,205.0
2024-07-08 20:00:00,0.0,19.8,84.0,17.0,4.8,43.0
2024-07-08 21:00:00,0.0,19.8,84.0,15.0,3.3,0.0
2024-07-08 22:00:00,0.0,19.7,85.0,14.0,4.6,0.0
2024-07-08 23:00:00,0.0,19.3,87.0,14.0,4.0,0.0
2024-07-09 00:00:00,0.0,19.0,88.0,75.0,2.1,0.0
2024-07-09 01:00:00,0.0,18.7,90.0,100.0,1.3,0.0
2024-07-09 02:00:00,0.0,18.6,91.0,100.0,2.6,0.0
2024-07-09 03:00:00,0.0,18.4,92.0,100.0,1.1,0.0
2024-07-09 04:00:00,0.0,18.2,93.0,100.0,1.8,0.0
2024-07-09 05:00:00,0.0,18.0,94.0,100.0,2.1,0.0
2024-07-09 06:00:00,0.0,18.2,94.0,100.0,1.8,0.0
2024-07-09 07:00:00,0.0,18.7,92.0,100.0,2.5,29.0
2024-07-09 08:00:00,0.0,19.5,86.0,100.0,1.3,107.0
2024-07-09 09:00:00,0.0,21.3,77.0,31.0,1.8,304.0
2024-07-09 10:00:00,0.0,23.3,69.0,2.0,8.9,620.0
2024-07-09 11:00:00,0.0,23.9,67.0,22.0,14.8,793.0
2024-07-09 12:00:00,0.0,23.8,67.0,30.0,16.1,916.0
2024-07-09 13:00:00,0.0,24.0,65.0,6.0,15.5,966.0
2024-07-09 14:00:00,0.0,24.1,64.0,1.0,15.5,966.0
2024-07-09 15:00:00,0.0,24.1,64.0,0.0,14.9,901.0
2024-07-09 16:00:00,0.0,24.0,64.0,0.0,14.4,781.0
2024-07-09 17:00:00,0.0,23.7,65.0,0.0,12.1,614.0
2024-07-09 18:00:00,0.0,21.5,74.0,1.0,12.6,419.0
2024-07-09 19:00:00,0.0,20.8,77.0,1.0,10.1,215.0
2024-07-09 20:00:00,0.0,20.3,80.0,0.0,10.5,46.0
2024-07-09 21:00:00,0.0,20.2,80.0,0.0,9.3,0.0
2024-07-09 22:00:00,0.0,20.0,82.0,0.0,6.3,0.0
2024-07-09 23:00:00,0.0,19.8,84.0,0.0,3.4,0.0
2024-07-10 00:00:00,0.0,19.6,85.0,0.0,2.6,0.0
2024-07-10 01:00:00,0.0,19.1,88.0,0.0,2.5,0.0
2024-07-10 02:00:00,0.0,18.6,92.0,0.0,4.3,0.0
2024-07-10 03:00:00,0.0,18.2,96.0,0.0,4.1,0.0
2024-07-10 04:00:00,0.0,18.6,94.0,1.0,3.1,0.0
2024-07-10 05:00:00,0.0,18.1,95.0,3.0,4.3,0.0
2024-07-10 06:00:00,0.0,18.0,97.0,100.0,5.6,0.0
2024-07-10 07:00:00,0.0,19.0,95.0,100.0,2.1,37.0
2024-07-10 08:00:00,0.0,19.2,93.0,100.0,6.6,123.0
2024-07-10 09:00:00,0.0,20.4,84.0,100.0,9.9,274.0
2024-07-10 10:00:00,0.0,22.2,75.0,73.0,10.0,494.0
2024-07-10 11:00:00,0.0,23.6,70.0,36.0,14.3,757.0
2024-07-10 12:00:00,0.0,24.1,68.0,44.0,17.0,888.0
2024-07-10 13:00:00,0.0,24.6,66.0,31.0,17.7,939.0
2024-07-10 14:00:00,0.0,24.6,66.0,20.0,17.1,934.0
2024-07-10 15:00:00,0.0,24.2,67.0,67.0,17.1,889.0
2024-07-10 16:00:00,0.0,23.4,70.0,38.0,16.8,767.0
2024-07-10 17:00:00,0.0,23.1,71.0,93.0,15.0,615.0
2024-07-10 18:00:00,0.0,21.8,77.0,33.0,13.5,311.0
2024-07-10 19:00:00,0.0,20.9,80.0,2.0,12.4,196.0
2024-07-10 20:00:00,0.0,19.9,86.0,23.0,8.5,44.0
2024-07-10 21:00:00,0.0,19.6,88.0,2.0,6.8,0.0
2024-07-10 22:00:00,0.0,19.6,88.0,1.0,5.0,0.0
2024-07-10 23:00:00,0.0,19.4,89.0,0.0,2.9,0.0
2024-07-11 00:00:00,0.0,19.0,91.0,0.0,1.5,0.0
2024-07-11 01:00:00,0.0,19.0,92.0,3.0,3.3,0.0
2024-07-11 02:00:00,0.0,18.8,95.0,11.0,3.4,0.0
2024-07-11 03:00:00,0.0,18.9,95.0,100.0,2.2,0.0
2024-07-11 04:00:00,0.0,18.5,97.0,100.0,2.6,0.0
2024-07-11 05:00:00,0.0,18.7,95.0,100.0,1.8,0.0
2024-07-11 06:00:00,0.0,18.4,96.0,100.0,8.4,0.0
2024-07-11 07:00:00,0.0,18.7,95.0,100.0,11.3,36.0
2024-07-11 08:00:00,0.0,18.8,95.0,100.0,11.0,87.0
2024-07-11 09:00:00,0.0,19.9,87.0,100.0,7.5,190.0
2024-07-11 10:00:00,0.0,22.3,75.0,83.0,7.7,449.0
2024-07-11 11:00:00,0.0,23.7,70.0,45.0,13.7,734.0
2024-07-11 12:00:00,0.0,24.0,69.0,44.0,16.6,868.0
2024-07-11 13:00:00,0.0,24.2,68.0,25.0,16.1,945.0
2024-07-11 14:00:00,0.0,24.4,67.0,59.0,17.4,943.0
2024-07-11 15:00:00,0.0,24.2,68.0,84.0,14.2,859.0
2024-07-11 16:00:00,0.0,24.0,68.0,29.0,15.5,717.0
2024-07-11 17:00:00,0.0,23.6,70.0,14.0,14.6,586.0
2024-07-11 18:00:00,0.0,21.7,78.0,12.0,12.9,410.0
2024-07-11 19:00:00,0.0,21.1,80.0,13.0,9.7,207.0
2024-07-11 20:00:00,0.0,20.0,86.0,14.0,8.8,43.0
2024-07-11 21:00:00,0.0,19.7,87.0,2.0,4.3,0.0
2024-07-11 22:00:00,0.0,19.6,88.0,1.0,2.2,0.0
2024-07-11 23:00:00,0.0,19.6,88.0,0.0,3.9,0.0
2024-07-12 00:00:00,0.0,19.3,90.0,19.0,6.8,0.0
2024-07-12 01:00:00,0.0,19.2,89.0,3.0,6.6,0.0
2024-07-12 02:00:00,0.0,19.0,90.0,16.0,6.1,0.0
2024-07-12 03:00:00,0.0,18.6,91.0,19.0,4.2,0.0
2024-07-12 04:00:00,0.0,18.4,92.0,43.0,3.7,0.0
2024-07-12 05:00:00,0.0,18.6,91.0,99.0,4.5,0.0
2024-07-12 06:00:00,0.0,18.6,92.0,100.0,4.8,0.0
2024-07-12 07:00:00,0.0,18.4,93.0,100.0,9.1,22.0
2024-07-12 08:00:00,0.0,18.5,91.0,100.0,7.7,75.0
2024-07-12 09:00:00,0.0,19.6,84.0,100.0,6.4,271.0
2024-07-12 10:00:00,0.0,21.1,76.0,100.0,6.6,457.0
2024-07-12 11:00:00,0.0,22.2,71.0,84.0,10.0,540.0
2024-07-12 12:00:00,0.0,23.2,66.0,25.0,15.6,848.0
2024-07-12 13:00:00,0.0,23.2,66.0,22.0,15.6,935.0
2024-07-12 14:00:00,0.0,23.2,66.0,6.0,17.4,953.0
2024-07-12 15:00:00,0.0,22.9,66.0,11.0,16.1,883.0
2024-07-12 16:00:00,0.0,22.8,66.0,1.0,15.7,761.0
2024-07-12 17:00:00,0.0,22.5,67.0,0.0,12.6,598.0
2024-07-12 18:00:00,0.0,22.4,70.0,40.0,13.3,274.0
2024-07-12 19:00:00,0.0,21.0,79.0,82.0,12.5,144.0
2024-07-12 20:00:00,0.0,20.9,79.0,51.0,10.8,31.0
2024-07-12 21:00:00,0.0,20.5,81.0,3.0,10.2,0.0
2024-07-12 22:00:00,0.0,20.1,83.0,2.0,11.5,0.0
2024-07-12 23:00:00,0.0,20.1,83.0,4.0,8.2,0.0
2024-07-13 00:00:00,0.0,19.9,84.0,0.0,5.2,0.0
2024-07-13 01:00:00,0.0,19.6,87.0,0.0,7.5,0.0
2024-07-13 02:00:00,0.0,19.2,90.0,6.0,8.0,0.0
2024-07-13 03:00:00,0.0,19.0,92.0,17.0,8.2,0.0
2024-07-13 04:00:00,0.0,18.9,92.0,92.0,6.1,0.0
2024-07-13 05:00:00,0.0,19.3,88.0,99.0,5.2,0.0
2024-07-13 06:00:00,0.0,18.6,89.0,100.0,0.4,0.0
2024-07-13 07:00:00,0.0,18.6,88.0,100.0,3.1,43.0
2024-07-13 08:00:00,0.0,19.5,82.0,98.0,11.3,127.0
2024-07-13 09:00:00,0.0,20.3,79.0,61.0,4.1,254.0
2024-07-13 10:00:00,0.0,22.7,68.0,24.0,9.7,579.0
2024-07-13 11:00:00,0.0,23.1,67.0,7.0,13.8,775.0
2024-07-13 12:00:00,0.0,23.9,64.0,5.0,16.0,895.0
2024-07-13 13:00:00,0.0,23.6,65.0,5.0,19.4,940.0
2024-07-13 14:00:00,0.0,23.4,65.0,1.0,16.6,944.0
2024-07-13 15:00:00,0.0,23.8,63.0,2.0,15.1,875.0
2024-07-13 16:00:00,0.0,23.5,65.0,0.0,15.0,756.0
2024-07-13 17:00:00,0.0,23.0,66.0,0.0,14.2,592.0
2024-07-13 18:00:00,0.0,22.1,72.0,35.0,12.7,398.0
2024-07-13 19:00:00,0.0,21.0,76.0,16.0,11.9,172.0
2024-07-13 20:00:00,0.0,20.3,80.0,0.0,11.3,38.0
2024-07-13 21:00:00,0.0,20.1,82.0,0.0,8.9,0.0
2024-07-13 22:00:00,0.0,20.0,83.0,0.0,5.0,0.0
2024-07-13 23:00:00,0.0,19.9,83.0,0.0,2.1,0.0
2024-07-14 00:00:00,0.0,19.8,84.0,13.0,6.2,0.0
2024-07-14 01:00:00,0.0,19.7,85.0,34.0,3.1,0.0
2024-07-14 02:00:00,0.0,19.7,85.0,17.0,1.6,0.0
2024-07-14 03:00:00,0.0,19.4,87.0,11.0,4.1,0.0
2024-07-14 04:00:00,0.0,19.0,91.0,35.0,4.6,0.0
2024-07-14 05:00:00,0.0,18.8,92.0,48.0,3.3,0.0
2024-07-14 06:00:00,0.0,19.0,91.0,100.0,4.7,0.0
2024-07-14 07:00:00,0.0,19.2,89.0,100.0,5.6,33.0
2024-07-14 08:00:00,0.0,19.8,86.0,100.0,5.1,101.0
2024-07-14 09:00:00,0.0,20.9,79.0,100.0,5.0,264.0
2024-07-14 10:00:00,0.0,22.4,71.0,68.0,8.1,486.0
2024-07-14 11:00:00,0.0,23.5,67.0,30.0,13.5,723.0
2024-07-14 12:00:00,0.0,23.6,67.0,15.0,17.0,876.0
2024-07-14 13:00:00,0.0,23.9,65.0,5.0,17.0,938.0
2024-07-14 14:00:00,0.0,23.9,65.0,0.0,19.0,937.0
2024-07-14 15:00:00,0.0,23.6,66.0,0.0,16.6,873.0
2024-07-14 16:00:00,0.0,23.3,67.0,0.0,16.3,753.0
2024-07-14 17:00:00,0.0,22.8,68.0,0.0,14.1,590.0
2024-07-14 18:00:00,0.0,21.8,72.0,1.0,13.0,393.0
2024-07-14 19:00:00,0.0,21.4,74.0,0.0,10.2,200.0
2024-07-14 20:00:00,0.0,20.9,77.0,0.0,10.3,41.0
2024-07-14 21:00:00,0.0,20.4,80.0,0.0,10.3,0.0
2024-07-14 22:00:00,0.0,20.1,83.0,0.0,9.4,0.0
2024-07-14 23:00:00,0.0,20.0,85.0,0.0,7.7,0.0
2024-07-15 00:00:00,0.0,19.7,88.0,0.0,9.1,0.0
2024-07-15 01:00:00,0.0,19.5,89.0,16.0,8.4,0.0
2024-07-15 02:00:00,0.0,19.5,89.0,53.0,7.4,0.0
2024-07-15 03:00:00,0.0,19.4,89.0,99.0,6.6,0.0
2024-07-15 04:00:00,0.0,19.6,87.0,99.0,6.4,0.0
2024-07-15 05:00:00,0.0,19.7,86.0,99.0,5.0,0.0
2024-07-15 06:00:00,0.0,19.5,86.0,100.0,6.4,0.0
2024-07-15 07:00:00,0.0,19.6,86.0,100.0,6.5,27.0
2024-07-15 08:00:00,0.0,20.3,82.0,100.0,5.0,134.0
2024-07-15 09:00:00,0.0,21.3,76.0,95.0,9.2,227.0
2024-07-15 10:00:00,0.0,22.7,70.0,99.0,10.4,465.0
2024-07-15 11:00:00,0.0,23.6,66.0,5.0,17.2,666.0
2024-07-15 12:00:00,0.0,24.1,64.0,1.0,19.9,872.0
2024-07-15 13:00:00,0.0,24.2,63.0,2.0,20.6,945.0
2024-07-15 14:00:00,0.0,24.3,62.0,0.0,19.4,938.0
2024-07-15 15:00:00,0.0,24.0,62.0,1.0,19.8,876.0
2024-07-15 16:00:00,0.0,23.4,64.0,0.0,18.8,751.0
2024-07-15 17:00:00,0.0,22.8,67.0,0.0,15.4,591.0
2024-07-15 18:00:00,0.0,21.7,73.0,8.0,17.1,399.0
2024-07-15 19:00:00,0.0,20.9,78.0,13.0,14.6,196.0
2024-07-15 20:00:00,0.0,20.1,82.0,22.0,12.1,39.0
2024-07-15 21:00:00,0.0,19.8,83.0,29.0,10.0,0.0
2024-07-15 22:00:00,0.0,19.7,84.0,30.0,8.3,0.0
2024-07-15 23:00:00,0.0,19.3,85.0,52.0,8.3,0.0
2024-07-16 00:00:00,0.0,19.2,85.0,98.0,5.9,0.0
2024-07-16 01:00:00,0.0,19.2,84.0,97.0,3.7,0.0
2024-07-16 02:00:00,0.0,19.1,84.0,100.0,3.3,0.0
2024-07-16 03:00:00,0.0,19.0,84.0,100.0,3.9,0.0
2024-07-16 04:00:00,0.0,18.9,84.0,100.0,5.2,0.0
2024-07-16 05:00:00,0.0,18.9,84.0,100.0,4.9,0.0
2024-07-16 06:00:00,0.0,18.9,85.0,100.0,4.9,0.0
2024-07-16 07:00:00,0.0,19.1,84.0,100.0,6.1,24.0
2024-07-16 08:00:00,0.0,19.5,82.0,100.0,4.5,99.0
2024-07-16 09:00:00,0.0,20.4,78.0,100.0,3.2,256.0
2024-07-16 10:00:00,0.0,21.7,71.0,100.0,4.8,404.0
2024-07-16 11:00:00,0.0,23.3,64.0,8.0,12.1,676.0
2024-07-16 12:00:00,0.0,23.3,64.0,7.0,16.9,851.0
2024-07-16 13:00:00,0.0,23.7,62.0,6.0,18.0,924.0
2024-07-16 14:00:00,0.0,23.5,62.0,4.0,20.0,924.0
2024-07-16 15:00:00,0.0,23.5,62.0,3.0,19.9,865.0
2024-07-16 16:00:00,0.0,22.9,64.0,1.0,19.3,750.0
2024-07-16 17:00:00,0.0,21.9,67.0,1.0,18.1,588.0
2024-07-16 18:00:00,0.0,21.5,73.0,22.0,17.2,393.0
2024-07-16 19:00:00,0.0,20.7,77.0,40.0,14.3,192.0
2024-07-16 20:00:00,0.0,20.0,81.0,48.0,11.4,35.0
2024-07-16 21:00:00,0.0,19.9,81.0,49.0,8.4,0.0
2024-07-16 22:00:00,0.0,19.9,82.0,45.0,7.8,0.0
2024-07-16 23:00:00,0.0,19.8,82.0,35.0,5.4,0.0
2024-07-17 00:00:00,0.0,19.7,82.0,39.0,3.9,0.0
2024-07-17 01:00:00,0.0,19.4,84.0,50.0,3.9,0.0
2024-07-17 02:00:00,0.0,19.2,85.0,97.0,4.0,0.0
2024-07-17 03:00:00,0.0,19.1,85.0,99.0,2.6,0.0
2024-07-17 04:00:00,0.0,19.1,85.0,100.0,2.3,0.0
2024-07-17 05:00:00,0.0,19.1,85.0,100.0,2.1,0.0
2024-07-17 06:00:00,0.0,19.4,86.0,100.0,3.8,0.0
2024-07-17 07:00:00,0.0,19.4,86.0,99.0,4.2,13.0
2024-07-17 08:00:00,0.0,19.8,84.0,100.0,3.6,82.0
2024-07-17 09:00:00,0.0,20.6,79.0,90.0,5.6,204.0
2024-07-17 10:00:00,0.0,22.2,71.0,48.0,6.8,459.0
2024-07-17 11:00:00,0.0,23.3,67.0,18.0,11.6,713.0
2024-07-17 12:00:00,0.0,23.4,67.0,7.0,15.0,840.0
2024-07-17 13:00:00,0.0,23.8,65.0,4.0,17.9,934.0
2024-07-17 14:00:00,0.0,24.0,64.0,7.0,17.1,933.0
2024-07-17 15:00:00,0.0,24.1,63.0,2.0,16.6,863.0
2024-07-17 16:00:00,0.0,23.7,63.0,17.0,18.0,749.0
2024-07-17 17:00:00,0.0,23.0,66.0,31.0,14.8,590.0
2024-07-17 18:00:00,0.0,21.2,76.0,44.0,9.7,287.0
2024-07-17 19:00:00,0.0,20.8,78.0,26.0,11.6,159.0
2024-07-17 20:00:00,0.0,20.1,82.0,2.0,5.8,37.0
2024-07-17 21:00:00,0.0,19.9,83.0,9.0,6.1,0.0
2024-07-17 22:00:00,0.0,19.6,85.0,64.0,4.8,0.0
2024-07-17 23:00:00,0.0,19.5,86.0,71.0,3.3,0.0
2024-07-18 00:00:00,0.0,19.4,86.0,64.0,3.6,0.0
2024-07-18 01:00:00,0.0,19.2,86.0,39.0,3.2,0.0
2024-07-18 02:00:00,0.0,19.1,87.0,20.0,2.9,0.0
2024-07-18 03:00:00,0.0,18.8,88.0,12.0,2.9,0.0
2024-07-18 04:00:00,0.0,18.7,88.0,9.0,3.3,0.0
2024-07-18 05:00:00,0.0,18.4,90.0,7.0,3.2,0.0
2024-07-18 06:00:00,0.0,18.9,87.0,42.0,7.0,0.0
2024-07-18 07:00:00,0.0,18.4,90.0,96.0,13.5,48.0
2024-07-18 08:00:00,0.0,19.6,84.0,100.0,11.1,150.0
2024-07-18 09:00:00,0.0,20.0,83.0,100.0,10.5,234.0
2024-07-18 10:00:00,0.0,21.2,76.0,100.0,7.1,350.0
2024-07-18 11:00:00,0.0,22.6,70.0,80.0,10.8,601.0
2024-07-18 12:00:00,0.0,23.2,67.0,36.0,15.1,790.0
2024-07-18 13:00:00,0.0,23.3,66.0,14.0,16.4,820.0
2024-07-18 14:00:00,0.0,23.6,64.0,3.0,16.1,920.0
2024-07-18 15:00:00,0.0,23.7,63.0,0.0,15.9,870.0
2024-07-18 16:00:00,0.0,23.2,65.0,3.0,16.6,751.0
2024-07-18 17:00:00,0.0,22.7,67.0,0.0,13.7,589.0
2024-07-18 18:00:00,0.0,21.8,74.0,2.0,14.3,359.0
2024-07-18 19:00:00,0.0,21.0,77.0,0.0,10.3,191.0
2024-07-18 20:00:00,0.0,20.3,81.0,0.0,7.2,38.0
2024-07-18 21:00:00,0.0,20.3,82.0,0.0,5.2,0.0
2024-07-18 22:00:00,0.0,20.0,84.0,0.0,5.4,0.0
2024-07-18 23:00:00,0.0,19.6,87.0,0.0,7.4,0.0
2024-07-19 00:00:00,0.0,19.5,89.0,0.0,5.9,0.0
2024-07-19 01:00:00,0.0,19.3,90.0,0.0,4.8,0.0
2024-07-19 02:00:00,0.0,19.0,93.0,0.0,3.8,0.0
2024-07-19 03:00:00,0.0,18.8,94.0,1.0,2.1,0.0
2024-07-19 04:00:00,0.0,18.6,96.0,0.0,2.3,0.0
2024-07-19 05:00:00,0.0,18.7,95.0,1.0,1.1,0.0
2024-07-19 06:00:00,0.0,18.6,92.0,100.0,6.5,0.0
2024-07-19 07:00:00,0.0,18.9,89.0,98.0,5.3,31.0
2024-07-19 08:00:00,0.0,19.7,84.0,72.0,5.4,134.0
2024-07-19 09:00:00,0.0,21.4,76.0,13.0,7.2,371.0
2024-07-19 10:00:00,0.0,22.8,71.0,3.0,10.1,609.0
2024-07-19 11:00:00,0.0,23.8,67.0,8.0,13.7,773.0
2024-07-19 12:00:00,0.0,24.4,66.0,11.0,15.2,892.0
2024-07-19 13:00:00,0.0,24.8,64.0,9.0,15.5,950.0
2024-07-19 14:00:00,0.0,24.8,65.0,10.0,16.2,947.0
2024-07-19 15:00:00,0.0,24.7,65.0,9.0,14.1,880.0
2024-07-19 16:00:00,0.0,24.4,65.0,1.0,13.4,758.0
2024-07-19 17:00:00,0.0,23.8,67.0,10.0,11.8,594.0
2024-07-19 18:00:00,0.0,22.6,74.0,10.0,15.1,397.0
2024-07-19 19:00:00,0.0,22.5,74.0,11.0,12.5,199.0
2024-07-19 20:00:00,0.0,21.8,77.0,20.0,11.5,37.0
2024-07-19 21:00:00,0.0,21.3,79.0,41.0,11.2,0.0
2024-07-19 22:00:00,0.0,20.9,81.0,3.0,11.6,0.0
2024-07-19 23:00:00,0.0,20.3,86.0,1.0,9.8,0.0
2024-07-20 00:00:00,0.0,20.1,87.0,1.0,6.4,0.0
2024-07-20 01:00:00,0.0,19.7,89.0,0.0,5.4,0.0
2024-07-20 02:00:00,0.0,19.4,90.0,0.0,4.2,0.0
2024-07-20 03:00:00,0.0,19.0,93.0,0.0,5.3,0.0
2024-07-20 04:00:00,0.0,18.7,96.0,0.0,5.1,0.0
2024-07-20 05:00:00,0.0,18.3,97.0,0.0,4.9,0.0
2024-07-20 06:00:00,0.0,18.8,97.0,45.0,9.5,0.0
2024-07-20 07:00:00,0.0,19.3,93.0,77.0,11.3,45.0
2024-07-20 08:00:00,0.0,20.8,83.0,53.0,7.9,190.0
2024-07-20 09:00:00,0.0,23.2,72.0,35.0,11.5,399.0
2024-07-20 10:00:00,0.0,25.0,64.0,13.0,14.3,589.0
2024-07-20 11:00:00,0.0,26.4,60.0,9.0,14.8,762.0
2024-07-20 12:00:00,0.0,27.3,58.0,12.0,16.5,880.0
2024-07-20 13:00:00,0.0,27.2,58.0,3.0,17.4,902.0
2024-07-20 14:00:00,0.0,26.8,59.0,6.0,20.1,938.0
2024-07-20 15:00:00,0.0,26.4,58.0,7.0,17.1,879.0
2024-07-20 16:00:00,0.0,25.8,58.0,12.0,16.9,751.0
2024-07-20 17:00:00,0.0,25.2,58.0,19.0,13.4,593.0
2024-07-20 18:00:00,0.0,23.2,63.0,9.0,9.7,395.0
2024-07-20 19:00:00,0.0,22.7,65.0,5.0,8.3,196.0
2024-07-20 20:00:00,0.0,21.6,71.0,15.0,7.6,37.0
2024-07-20 21:00:00,0.0,20.9,76.0,83.0,7.0,0.0
2024-07-20 22:00:00,0.0,20.7,78.0,79.0,6.0,0.0
2024-07-20 23:00:00,0.0,20.6,79.0,43.0,3.0,0.0
2024-07-21 00:00:00,0.0,20.3,81.0,84.0,3.2,0.0
2024-07-21 01:00:00,0.0,20.0,84.0,67.0,4.9,0.0
2024-07-21 02:00:00,0.0,19.7,87.0,22.0,6.9,0.0
2024-07-21 03:00:00,0.0,19.4,90.0,12.0,6.6,0.0
2024-07-21 04:00:00,0.0,19.2,91.0,4.0,5.1,0.0
2024-07-21 05:00:00,0.0,18.8,95.0,0.0,3.8,0.0
2024-07-21 06:00:00,0.0,18.4,93.0,55.0,4.3,0.0
2024-07-21 07:00:00,0.0,18.8,89.0,41.0,4.5,52.0
2024-07-21 08:00:00,0.0,20.1,81.0,27.0,4.0,196.0
2024-07-21 09:00:00,0.0,22.1,71.0,11.0,8.0,405.0
2024-07-21 10:00:00,0.0,23.5,66.0,2.0,14.0,607.0
2024-07-21 11:00:00,0.0,23.8,68.0,7.0,16.2,772.0
2024-07-21 12:00:00,0.0,24.1,66.0,30.0,17.5,887.0
2024-07-21 13:00:00,0.0,24.3,64.0,33.0,18.9,941.0
2024-07-21 14:00:00,0.0,24.7,63.0,47.0,17.9,933.0
2024-07-21 15:00:00,0.0,24.6,62.0,10.0,17.7,871.0
2024-07-21 16:00:00,0.0,23.8,65.0,3.0,17.6,751.0
2024-07-21 17:00:00,0.0,23.0,71.0,28.0,14.8,583.0
2024-07-21 18:00:00,0.0,21.6,76.0,24.0,14.8,388.0
2024-07-21 19:00:00,0.0,20.9,79.0,94.0,10.0,192.0
2024-07-21 20:00:00,0.0,20.4,82.0,100.0,9.2,35.0
2024-07-21 21:00:00,0.0,20.0,84.0,90.0,6.7,0.0
2024-07-21 22:00:00,0.0,19.7,85.0,25.0,4.8,0.0
2024-07-21 23:00:00,0.0,19.3,87.0,66.0,6.2,0.0
2024-07-22 00:00:00,0.0,19.1,87.0,100.0,4.7,0.0
2024-07-22 01:00:00,0.0,19.0,88.0,48.0,5.2,0.0
2024-07-22 02:00:00,0.0,18.7,91.0,31.0,5.1,0.0
2024-07-22 03:00:00,0.0,18.4,93.0,59.0,4.8,0.0
2024-07-22 04:00:00,0.0,18.2,94.0,22.0,4.8,0.0
2024-07-22 05:00:00,0.0,17.8,96.0,19.0,3.1,0.0
2024-07-22 06:00:00,0.0,18.6,96.0,100.0,6.1,0.0
2024-07-22 07:00:00,0.0,18.8,95.0,100.0,3.8,25.0
2024-07-22 08:00:00,0.0,19.5,90.0,99.0,4.3,133.0
2024-07-22 09:00:00,0.0,21.2,81.0,66.0,7.1,341.0
2024-07-22 10:00:00,0.0,22.7,72.0,30.0,12.5,571.0
2024-07-22 11:00:00,0.0,23.3,69.0,62.0,15.6,754.0
2024-07-22 12:00:00,0.0,23.7,68.0,64.0,15.8,860.0
2024-07-22 13:00:00,0.0,24.0,67.0,39.0,16.2,872.0
2024-07-22 14:00:00,0.0,24.7,63.0,31.0,17.9,912.0
2024-07-22 15:00:00,0.0,24.0,66.0,10.0,15.6,793.0
2024-07-22 16:00:00,0.0,24.3,65.0,5.0,14.4,730.0
2024-07-22 17:00:00,0.0,24.0,67.0,6.0,13.1,565.0
2024-07-22 18:00:00,0.0,22.5,77.0,36.0,14.7,343.0
2024-07-22 19:00:00,0.0,22.0,80.0,10.0,9.0,173.0
2024-07-22 20:00:00,0.0,21.2,85.0,13.0,7.9,34.0
2024-07-22 21:00:00,0.0,20.8,88.0,40.0,4.6,0.0
2024-07-22 22:00:00,0.0,20.6,89.0,5.0,6.4,0.0
2024-07-22 23:00:00,0.0,20.1,92.0,0.0,4.6,0.0
2024-07-23 00:00:00,0.0,19.8,93.0,0.0,5.0,0.0
2024-07-23 01:00:00,0.0,19.5,95.0,0.0,3.2,0.0
2024-07-23 02:00:00,0.0,19.5,95.0,10.0,4.1,0.0
2024-07-23 03:00:00,0.0,19.5,96.0,1.0,4.6,0.0
2024-07-23 04:00:00,0.0,19.5,98.0,1.0,3.8,0.0
2024-07-23 05:00:00,0.0,19.3,98.0,2.0,4.0,0.0
2024-07-23 06:00:00,0.0,19.7,93.0,0.0,3.3,0.0
2024-07-23 07:00:00,0.0,19.9,92.0,0.0,1.8,52.0
2024-07-23 08:00:00,0.0,21.2,83.0,0.0,5.6,217.0
2024-07-23 09:00:00,0.0,22.7,76.0,0.0,6.9,414.0
2024-07-23 10:00:00,0.0,24.0,70.0,0.0,12.3,604.0
2024-07-23 11:00:00,0.0,24.4,70.0,1.0,15.5,759.0
2024-07-23 12:00:00,0.0,24.8,68.0,2.0,15.8,869.0
2024-07-23 13:00:00,0.0,25.1,65.0,8.0,15.6,923.0
2024-07-23 14:00:00,0.0,25.5,62.0,7.0,15.0,898.0
2024-07-23 15:00:00,0.0,25.4,61.0,4.0,16.7,845.0
2024-07-23 16:00:00,0.0,24.9,64.0,7.0,13.4,731.0
2024-07-23 17:00:00,0.0,24.3,65.0,2.0,16.8,561.0
2024-07-23 18:00:00,0.0,23.8,66.0,32.0,13.0,350.0
2024-07-23 19:00:00,0.0,22.7,73.0,30.0,10.9,163.0
2024-07-23 20:00:00,0.0,21.4,81.0,6.0,10.2,32.0
2024-07-23 21:00:00,0.0,21.2,83.0,2.0,5.2,0.0
2024-07-23 22:00:00,0.0,21.1,83.0,2.0,6.8,0.0
2024-07-23 23:00:00,0.0,20.9,84.0,8.0,9.9,0.0
2024-07-24 00:00:00,0.0,20.7,85.0,12.0,7.1,0.0
2024-07-24 01:00:00,0.0,20.5,86.0,6.0,6.9,0.0
2024-07-24 02:00:00,0.0,20.1,88.0,3.0,5.4,0.0
2024-07-24 03:00:00,0.0,19.9,90.0,0.0,3.6,0.0
2024-07-24 04:00:00,0.0,19.7,91.0,0.0,3.1,0.0
2024-07-24 05:00:00,0.0,19.6,92.0,0.0,3.1,0.0
2024-07-24 06:00:00,0.0,20.4,90.0,2.0,3.3,0.0
2024-07-24 07:00:00,0.0,20.7,88.0,0.0,2.3,50.0
2024-07-24 08:00:00,0.0,22.1,81.0,0.0,5.8,215.0
2024-07-24 09:00:00,0.0,23.7,74.0,0.0,7.2,414.0
2024-07-24 10:00:00,0.0,25.1,68.0,0.0,10.8,605.0
2024-07-24 11:00:00,0.0,26.0,64.0,0.0,15.2,765.0
2024-07-24 12:00:00,0.0,26.6,60.0,0.0,18.0,879.0
2024-07-24 13:00:00,0.0,26.7,59.0,1.0,19.2,935.0
2024-07-24 14:00:00,0.0,26.6,58.0,3.0,19.2,928.0
2024-07-24 15:00:00,0.0,26.4,57.0,0.0,17.2,859.0
2024-07-24 16:00:00,0.0,26.3,56.0,1.0,18.7,745.0
2024-07-24 17:00:00,0.0,25.9,56.0,0.0,19.2,580.0
2024-07-24 18:00:00,0.0,24.5,65.0,0.0,15.8,388.0
2024-07-24 19:00:00,0.0,23.1,73.0,3.0,13.2,189.0
2024-07-24 20:00:00,0.0,22.5,75.0,5.0,10.6,32.0
2024-07-24 21:00:00,0.0,22.2,76.0,2.0,7.3,0.0
2024-07-24 22:00:00,0.0,22.0,78.0,8.0,5.7,0.0
2024-07-24 23:00:00,0.0,21.7,80.0,2.0,6.8,0.0
2024-07-25 00:00:00,0.0,21.2,85.0,3.0,8.2,0.0
2024-07-25 01:00:00,0.0,20.8,88.0,0.0,8.2,0.0
2024-07-25 02:00:00,0.0,20.5,90.0,0.0,6.2,0.0
2024-07-25 03:00:00,0.0,20.3,90.0,0.0,4.9,0.0
2024-07-25 04:00:00,0.0,20.1,91.0,0.0,3.2,0.0
2024-07-25 05:00:00,0.0,19.8,93.0,0.0,3.3,0.0
2024-07-25 06:00:00,0.0,20.2,92.0,0.0,5.2,0.0
2024-07-25 07:00:00,0.0,20.8,89.0,0.0,4.8,50.0
2024-07-25 08:00:00,0.0,22.2,81.0,7.0,6.9,216.0
2024-07-25 09:00:00,0.0,24.0,72.0,12.0,8.4,411.0
2024-07-25 10:00:00,0.0,25.5,65.0,12.0,11.6,587.0
2024-07-25 11:00:00,0.0,26.6,60.0,24.0,14.8,744.0
2024-07-25 12:00:00,0.0,26.4,60.0,1.0,17.7,766.0
2024-07-25 13:00:00,0.0,26.8,57.0,2.0,18.5,932.0
2024-07-25 14:00:00,0.0,27.0,56.0,1.0,18.7,912.0
2024-07-25 15:00:00,0.0,27.3,56.0,0.0,16.6,864.0
2024-07-25 16:00:00,0.0,27.1,58.0,0.0,14.6,743.0
2024-07-25 17:00:00,0.0,25.8,62.0,0.0,15.5,579.0
2024-07-25 18:00:00,0.0,24.5,65.0,0.0,15.5,387.0
2024-07-25 19:00:00,0.0,23.7,69.0,0.0,12.6,188.0
2024-07-25 20:00:00,0.0,22.8,74.0,0.0,9.5,32.0
2024-07-25 21:00:00,0.0,22.5,76.0,0.0,7.5,0.0
2024-07-25 22:00:00,0.0,22.3,78.0,0.0,5.6,0.0
2024-07-25 23:00:00,0.0,22.0,81.0,0.0,5.9,0.0
2024-07-26 00:00:00,0.0,21.6,84.0,0.0,7.3,0.0
2024-07-26 01:00:00,0.0,21.1,87.0,0.0,6.9,0.0
2024-07-26 02:00:00,0.0,20.9,89.0,0.0,5.6,0.0
2024-07-26 03:00:00,0.0,20.6,90.0,0.0,6.4,0.0
2024-07-26 04:00:00,0.0,20.3,92.0,0.0,6.4,0.0
2024-07-26 05:00:00,0.0,20.1,93.0,0.0,3.8,0.0
2024-07-26 06:00:00,0.0,20.3,92.0,8.0,7.0,0.0
2024-07-26 07:00:00,0.0,20.7,89.0,1.0,7.1,48.0
2024-07-26 08:00:00,0.0,22.1,81.0,0.0,6.5,218.0
2024-07-26 09:00:00,0.0,23.7,72.0,0.0,7.4,420.0
2024-07-26 10:00:00,0.0,25.2,65.0,0.0,10.5,612.0
2024-07-26 11:00:00,0.0,26.2,60.0,0.0,14.8,773.0
2024-07-26 12:00:00,0.0,26.5,58.0,0.0,16.2,887.0
2024-07-26 13:00:00,0.0,26.7,56.0,0.0,16.3,944.0
2024-07-26 14:00:00,0.0,26.3,58.0,0.0,16.1,940.0
2024-07-26 15:00:00,0.0,25.4,62.0,0.0,17.2,875.0
2024-07-26 16:00:00,0.0,24.6,63.0,0.0,16.0,754.0
2024-07-26 17:00:00,0.0,23.8,66.0,0.0,14.3,589.0
2024-07-26 18:00:00,0.0,22.6,74.0,23.0,12.8,393.0
2024-07-26 19:00:00,0.0,21.8,78.0,18.0,8.6,184.0
2024-07-26 20:00:00,0.0,21.2,81.0,12.0,6.6,31.0
2024-07-26 21:00:00,0.0,20.7,84.0,9.0,7.7,0.0
2024-07-26 22:00:00,0.0,20.3,86.0,20.0,7.1,0.0
2024-07-26 23:00:00,0.0,20.0,87.0,12.0,4.2,0.0
2024-07-27 00:00:00,0.0,19.8,89.0,14.0,3.3,0.0
2024-07-27 01:00:00,0.0,19.6,89.0,32.0,2.6,0.0
2024-07-27 02:00:00,0.0,19.3,90.0,90.0,1.4,0.0
2024-07-27 03:00:00,0.0,19.1,92.0,95.0,1.4,0.0
2024-07-27 04:00:00,0.0,18.9,92.0,100.0,2.6,0.0
2024-07-27 05:00:00,0.0,18.9,92.0,100.0,3.3,0.0
2024-07-27 06:00:00,0.0,17.8,95.0,100.0,2.6,0.0
2024-07-27 07:00:00,0.0,17.9,95.0,100.0,3.1,27.0
2024-07-27 08:00:00,0.0,18.2,92.0,100.0,3.4,104.0
2024-07-27 09:00:00,0.0,19.6,83.0,46.0,4.3,265.0
2024-07-27 10:00:00,0.0,21.9,70.0,19.0,5.4,589.0
2024-07-27 11:00:00,0.0,24.0,60.0,13.0,10.4,776.0
2024-07-27 12:00:00,0.0,24.8,58.0,4.0,14.7,900.0
2024-07-27 13:00:00,0.0,25.0,57.0,0.0,17.3,964.0
2024-07-27 14:00:00,0.0,24.9,57.0,0.0,18.7,963.0
2024-07-27 15:00:00,0.0,24.5,60.0,0.0,19.1,898.0
2024-07-27 16:00:00,0.0,23.9,63.0,0.0,17.7,775.0
2024-07-27 17:00:00,0.0,23.5,65.0,0.0,15.3,606.0
2024-07-27 18:00:00,0.0,22.1,69.0,0.0,13.4,406.0
2024-07-27 19:00:00,0.0,21.2,74.0,2.0,12.1,195.0
2024-07-27 20:00:00,0.0,20.2,81.0,2.0,9.1,32.0
2024-07-27 21:00:00,0.0,19.8,83.0,1.0,6.6,0.0
2024-07-27 22:00:00,0.0,19.5,84.0,0.0,3.2,0.0
2024-07-27 23:00:00,0.0,19.2,85.0,0.0,3.2,0.0
2024-07-28 00:00:00,0.0,18.9,88.0,0.0,3.9,0.0
2024-07-28 01:00:00,0.0,18.4,92.0,1.0,4.3,0.0
2024-07-28 02:00:00,0.0,18.1,95.0,7.0,3.3,0.0
2024-07-28 03:00:00,0.0,18.4,94.0,91.0,1.8,0.0
2024-07-28 04:00:00,0.0,17.3,98.0,86.0,3.9,0.0
2024-07-28 05:00:00,0.0,17.5,98.0,28.0,1.1,0.0
2024-07-28 06:00:00,0.0,17.2,92.0,3.0,8.7,0.0
2024-07-28 07:00:00,0.0,18.0,88.0,23.0,7.1,42.0
2024-07-28 08:00:00,0.0,19.1,82.0,6.0,5.5,197.0
2024-07-28 09:00:00,0.0,20.9,72.0,5.0,7.1,418.0
2024-07-28 10:00:00,0.0,22.6,63.0,2.0,10.1,625.0
2024-07-28 11:00:00,0.0,23.5,59.0,1.0,14.4,801.0
2024-07-28 12:00:00,0.0,23.9,58.0,0.0,15.9,921.0
2024-07-28 13:00:00,0.0,24.0,58.0,0.0,17.7,981.0
2024-07-28 14:00:00,0.0,23.9,60.0,0.0,18.7,976.0
2024-07-28 15:00:00,0.0,23.8,60.0,0.0,17.9,908.0
2024-07-28 16:00:00,0.0,23.6,61.0,0.0,17.7,781.0
2024-07-28 17:00:00,0.0,23.2,61.0,0.0,18.2,608.0
2024-07-28 18:00:00,0.0,21.8,71.0,1.0,19.3,405.0
2024-07-28 19:00:00,0.0,20.8,75.0,0.0,15.5,195.0
2024-07-28 20:00:00,0.0,20.0,80.0,0.0,10.2,31.0
2024-07-28 21:00:00,0.0,19.7,82.0,0.0,8.2,0.0
2024-07-28 22:00:00,0.0,19.3,84.0,0.0,9.2,0.0
2024-07-28 23:00:00,0.0,18.8,88.0,0.0,9.2,0.0
2024-07-29 00:00:00,0.0,18.5,90.0,4.0,7.6,0.0
2024-07-29 01:00:00,0.0,18.2,92.0,10.0,6.9,0.0
2024-07-29 02:00:00,0.0,18.0,93.0,10.0,7.4,0.0
2024-07-29 03:00:00,0.0,17.6,94.0,12.0,6.7,0.0
2024-07-29 04:00:00,0.0,17.3,95.0,39.0,5.8,0.0
2024-07-29 05:00:00,0.0,17.4,92.0,99.0,5.8,0.0
2024-07-29 06:00:00,0.0,18.3,90.0,99.0,9.2,0.0
2024-07-29 07:00:00,0.0,18.5,88.0,98.0,7.1,22.0
2024-07-29 08:00:00,0.0,19.1,83.0,91.0,6.0,129.0
2024-07-29 09:00:00,0.0,20.3,74.0,54.0,5.2,338.0
2024-07-29 10:00:00,0.0,22.1,64.0,22.0,8.6,582.0
2024-07-29 11:00:00,0.0,23.5,58.0,5.0,14.4,769.0
2024-07-29 12:00:00,0.0,24.0,57.0,3.0,17.3,902.0
2024-07-29 13:00:00,0.0,24.1,56.0,1.0,19.2,966.0
2024-07-29 14:00:00,0.0,24.1,57.0,0.0,19.6,961.0
2024-07-29 15:00:00,0.0,23.8,58.0,0.0,19.3,894.0
2024-07-29 16:00:00,0.0,23.4,60.0,0.0,18.2,770.0
2024-07-29 17:00:00,0.0,22.9,61.0,0.0,16.4,599.0
2024-07-29 18:00:00,0.0,22.3,61.0,0.0,15.0,400.0
2024-07-29 19:00:00,0.0,21.4,66.0,0.0,12.7,191.0
2024-07-29 20:00:00,0.0,20.4,73.0,0.0,11.1,30.0
2024-07-29 21:00:00,0.0,19.8,77.0,0.0,10.7,0.0
2024-07-29 22:00:00,0.0,19.4,81.0,0.0,9.7,0.0
2024-07-29 23:00:00,0.0,19.1,85.0,0.0,7.9,0.0
2024-07-30 00:00:00,0.0,18.7,88.0,0.0,6.5,0.0
2024-07-30 01:00:00,0.0,18.3,90.0,0.0,5.4,0.0
2024-07-30 02:00:00,0.0,17.6,94.0,0.0,4.1,0.0
2024-07-30 03:00:00,0.0,17.7,93.0,3.0,3.1,0.0
2024-07-30 04:00:00,0.0,17.7,93.0,15.0,1.9,0.0
2024-07-30 05:00:00,0.0,17.0,97.0,31.0,1.5,0.0
2024-07-30 06:00:00,0.0,16.6,97.0,100.0,2.6,0.0
2024-07-30 07:00:00,0.0,16.6,96.0,100.0,1.8,20.0
2024-07-30 08:00:00,0.0,17.2,89.0,46.0,1.5,111.0
2024-07-30 09:00:00,0.0,19.1,76.0,34.0,1.8,348.0
2024-07-30 10:00:00,0.0,21.2,65.0,4.0,5.6,613.0
2024-07-30 11:00:00,0.0,22.9,60.0,2.0,11.2,801.0
2024-07-30 12:00:00,0.0,23.5,59.0,1.0,15.1,922.0
2024-07-30 13:00:00,0.0,24.1,55.0,0.0,16.2,980.0
2024-07-30 14:00:00,0.0,24.2,54.0,0.0,17.8,974.0
2024-07-30 15:00:00,0.0,23.9,56.0,0.0,16.8,906.0
2024-07-30 16:00:00,0.0,23.4,59.0,0.0,15.6,781.0
2024-07-30 17:00:00,0.0,22.7,64.0,0.0,14.1,608.0
2024-07-30 18:00:00,0.0,21.6,68.0,0.0,11.5,404.0
2024-07-30 19:00:00,0.0,21.1,71.0,0.0,7.9,193.0
2024-07-30 20:00:00,0.0,20.2,76.0,0.0,7.4,30.0
2024-07-30 21:00:00,0.0,19.5,82.0,0.0,8.7,0.0
2024-07-30 22:00:00,0.0,19.0,85.0,0.0,7.2,0.0
2024-07-30 23:00:00,0.0,18.6,88.0,0.0,5.2,0.0
2024-07-31 00:00:00,0.0,18.0,91.0,0.0,3.3,0.0
2024-07-31 01:00:00,0.0,17.5,94.0,0.0,2.0,0.0
2024-07-31 02:00:00,0.0,17.3,95.0,0.0,1.4,0.0
2024-07-31 03:00:00,0.0,17.2,96.0,0.0,1.0,0.0
2024-07-31 04:00:00,0.0,16.8,98.0,4.0,1.5,0.0
2024-07-31 05:00:00,0.0,15.7,100.0,100.0,4.0,0.0
2024-07-31 06:00:00,0.0,16.5,97.0,100.0,3.6,0.0
2024-07-31 07:00:00,0.0,16.3,99.0,100.0,1.0,21.0
2024-07-31 08:00:00,0.0,17.3,92.0,100.0,1.1,104.0
2024-07-31 09:00:00,0.0,18.7,82.0,99.0,2.2,232.0
2024-07-31 10:00:00,0.0,20.9,71.0,46.0,5.9,503.0
2024-07-31 11:00:00,0.0,22.6,64.0,20.0,11.9,779.0
2024-07-31 12:00:00,0.0,23.1,62.0,11.0,16.8,900.0
2024-07-31 13:00:00,0.0,23.5,57.0,1.0,17.3,967.0
2024-07-31 14:00:00,0.0,23.8,53.0,1.0,15.8,963.0
2024-07-31 15:00:00,0.0,24.1,53.0,0.0,14.8,896.0
2024-07-31 16:00:00,0.0,23.9,54.0,0.0,14.8,769.0
2024-07-31 17:00:00,0.0,23.2,57.0,0.0,13.6,595.0
2024-07-31 18:00:00,0.0,22.9,60.0,0.0,16.2,392.0
2024-07-31 19:00:00,0.0,21.2,69.0,1.0,14.8,184.0
2024-07-31 20:00:00,0.0,20.2,78.0,1.0,12.0,27.0
2024-07-31 21:00:00,0.0,19.8,82.0,1.0,8.0,0.0
2024-07-31 22:00:00,0.0,19.5,83.0,0.0,8.4,0.0
2024-07-31 23:00:00,0.0,19.3,86.0,0.0,8.4,0.0
2024-08-01 00:00:00,0.0,19.0,89.0,0.0,7.8,0.0
2024-08-01 01:00:00,0.0,18.6,93.0,0.0,7.3,0.0
2024-08-01 02:00:00,0.0,18.3,95.0,28.0,6.9,0.0
2024-08-01 03:00:00,0.0,18.2,95.0,67.0,4.7,0.0
2024-08-01 04:00:00,0.0,18.2,96.0,41.0,3.3,0.0
2024-08-01 05:00:00,0.0,18.1,97.0,24.0,4.1,0.0
2024-08-01 06:00:00,0.0,18.5,94.0,100.0,6.8,0.0
2024-08-01 07:00:00,0.0,18.7,92.0,100.0,7.2,19.0
2024-08-01 08:00:00,0.0,19.7,85.0,100.0,8.4,124.0
2024-08-01 09:00:00,0.0,20.6,80.0,100.0,7.5,242.0
2024-08-01 10:00:00,0.0,22.0,74.0,96.0,9.0,438.0
2024-08-01 11:00:00,0.0,23.2,69.0,100.0,11.9,587.0
2024-08-01 12:00:00,0.0,23.8,66.0,74.0,15.1,647.0
2024-08-01 13:00:00,0.0,24.4,63.0,37.0,16.9,866.0
2024-08-01 14:00:00,0.0,24.3,63.0,67.0,15.8,873.0
2024-08-01 15:00:00,0.0,23.8,64.0,62.0,15.1,725.0
2024-08-01 16:00:00,0.0,23.6,65.0,48.0,13.7,676.0
2024-08-01 17:00:00,0.0,23.8,66.0,49.0,15.2,531.0
2024-08-01 18:00:00,0.0,22.3,74.0,13.0,12.3,363.0
2024-08-01 19:00:00,0.0,20.6,82.0,16.0,13.7,163.0
2024-08-01 20:00:00,0.0,20.2,84.0,7.0,9.4,24.0
2024-08-01 21:00:00,0.0,20.2,84.0,5.0,8.7,0.0
2024-08-01 22:00:00,0.0,20.2,85.0,4.0,5.5,0.0
2024-08-01 23:00:00,0.0,20.0,86.0,0.0,6.8,0.0
2024-08-02 00:00:00,0.0,19.6,88.0,1.0,7.1,0.0
2024-08-02 01:00:00,0.0,19.3,91.0,0.0,3.7,0.0
2024-08-02 02:00:00,0.0,19.0,93.0,0.0,1.8,0.0
2024-08-02 03:00:00,0.0,18.6,95.0,0.0,3.8,0.0
2024-08-02 04:00:00,0.0,18.3,97.0,0.0,4.7,0.0
2024-08-02 05:00:00,0.0,18.0,97.0,0.0,5.1,0.0
2024-08-02 06:00:00,0.0,18.2,96.0,7.0,8.4,0.0
2024-08-02 07:00:00,0.0,19.2,91.0,25.0,6.9,40.0
2024-08-02 08:00:00,0.0,20.9,81.0,21.0,3.0,191.0
2024-08-02 09:00:00,0.0,22.5,73.0,5.0,6.6,378.0
2024-08-02 10:00:00,0.0,24.3,66.0,0.0,11.2,600.0
2024-08-02 11:00:00,0.0,24.9,64.0,1.0,14.4,767.0
2024-08-02 12:00:00,0.0,26.0,60.0,0.0,15.9,882.0
2024-08-02 13:00:00,0.0,26.8,57.0,5.0,17.2,942.0
2024-08-02 14:00:00,0.0,26.7,57.0,0.0,18.8,936.0
2024-08-02 15:00:00,0.0,25.9,59.0,0.0,18.6,869.0
2024-08-02 16:00:00,0.0,25.6,58.0,0.0,17.7,746.0
2024-08-02 17:00:00,0.0,25.2,59.0,0.0,15.4,577.0
2024-08-02 18:00:00,0.0,25.5,51.0,0.0,15.9,379.0
2024-08-02 19:00:00,0.0,24.1,58.0,0.0,13.0,176.0
2024-08-02 20:00:00,0.0,22.9,65.0,0.0,10.0,25.0
2024-08-02 21:00:00,0.0,22.1,70.0,0.0,9.0,0.0
2024-08-02 22:00:00,0.0,21.3,75.0,0.0,7.3,0.0
2024-08-02 23:00:00,0.0,20.7,80.0,0.0,7.2,0.0
2024-08-03 00:00:00,0.0,20.4,85.0,0.0,8.4,0.0
2024-08-03 01:00:00,0.0,20.1,87.0,0.0,6.2,0.0
2024-08-03 02:00:00,0.0,19.6,92.0,0.0,6.2,0.0
2024-08-03 03:00:00,0.0,19.2,96.0,0.0,6.1,0.0
2024-08-03 04:00:00,0.0,18.9,97.0,0.0,6.1,0.0
2024-08-03 05:00:00,0.0,18.7,96.0,0.0,7.7,0.0
2024-08-03 06:00:00,0.0,18.7,98.0,96.0,7.8,0.0
2024-08-03 07:00:00,0.0,18.9,96.0,99.0,6.8,23.0
2024-08-03 08:00:00,0.0,19.8,90.0,80.0,5.2,112.0
2024-08-03 09:00:00,0.0,22.5,76.0,27.0,5.0,362.0
2024-08-03 10:00:00,0.0,25.0,65.0,12.0,10.9,594.0
2024-08-03 11:00:00,0.0,26.0,62.0,28.0,16.3,769.0
2024-08-03 12:00:00,0.0,26.3,60.0,3.0,19.6,882.0
2024-08-03 13:00:00,0.0,26.6,57.0,0.0,19.8,941.0
2024-08-03 14:00:00,0.0,26.6,56.0,1.0,18.8,936.0
2024-08-03 15:00:00,0.0,26.3,56.0,1.0,17.6,867.0
2024-08-03 16:00:00,0.0,25.8,57.0,0.0,15.9,743.0
2024-08-03 17:00:00,0.0,24.9,60.0,0.0,14.3,574.0
2024-08-03 18:00:00,0.0,23.7,62.0,0.0,15.6,378.0
2024-08-03 19:00:00,0.0,22.5,66.0,0.0,13.0,174.0
2024-08-03 20:00:00,0.0,21.4,74.0,0.0,10.1,24.0
2024-08-03 21:00:00,0.0,21.1,78.0,0.0,8.3,0.0
2024-08-03 22:00:00,0.0,20.7,82.0,0.0,7.2,0.0
2024-08-03 23:00:00,0.0,20.0,86.0,0.0,6.8,0.0
2024-08-04 00:00:00,0.0,19.4,90.0,0.0,6.7,0.0
2024-08-04 01:00:00,0.0,19.1,92.0,0.0,6.0,0.0
2024-08-04 02:00:00,0.0,19.0,93.0,0.0,5.1,0.0
2024-08-04 03:00:00,0.0,18.7,96.0,0.0,5.9,0.0
2024-08-04 04:00:00,0.0,18.5,98.0,28.0,5.9,0.0
2024-08-04 05:00:00,0.0,18.4,98.0,92.0,6.6,0.0
2024-08-04 06:00:00,0.0,18.6,97.0,86.0,6.5,0.0
2024-08-04 07:00:00,0.0,18.7,96.0,90.0,7.2,32.0
2024-08-04 08:00:00,0.0,19.7,87.0,92.0,5.9,139.0
2024-08-04 09:00:00,0.0,22.1,76.0,59.0,6.4,394.0
2024-08-04 10:00:00,0.0,24.2,67.0,7.0,10.1,607.0
2024-08-04 11:00:00,0.0,25.6,62.0,40.0,14.8,769.0
2024-08-04 12:00:00,0.0,26.2,60.0,94.0,17.5,882.0
2024-08-04 13:00:00,0.0,26.3,59.0,99.0,19.8,934.0
2024-08-04 14:00:00,0.0,25.9,59.0,100.0,17.9,909.0
2024-08-04 15:00:00,0.0,25.6,60.0,99.0,16.6,850.0
2024-08-04 16:00:00,0.0,25.6,59.0,54.0,13.6,717.0
2024-08-04 17:00:00,0.0,25.2,60.0,45.0,14.1,557.0
2024-08-04 18:00:00,0.0,23.4,66.0,9.0,15.4,365.0
2024-08-04 19:00:00,0.0,22.3,72.0,10.0,12.1,170.0
2024-08-04 20:00:00,0.0,21.1,80.0,83.0,8.1,22.0
2024-08-04 21:00:00,0.0,20.8,83.0,100.0,5.0,0.0
2024-08-04 22:00:00,0.0,20.4,86.0,100.0,7.1,0.0
2024-08-04 23:00:00,0.0,20.1,89.0,100.0,6.8,0.0
2024-08-05 00:00:00,0.0,19.8,90.0,100.0,6.5,0.0
2024-08-05 01:00:00,0.0,19.8,90.0,83.0,6.6,0.0
2024-08-05 02:00:00,0.0,19.7,91.0,83.0,7.4,0.0
2024-08-05 03:00:00,0.0,19.6,92.0,7.0,7.4,0.0
2024-08-05 04:00:00,0.0,19.5,94.0,2.0,7.1,0.0
2024-08-05 05:00:00,0.0,19.3,95.0,9.0,7.0,0.0
2024-08-05 06:00:00,0.0,19.0,98.0,77.0,8.4,0.0
2024-08-05 07:00:00,0.0,19.7,93.0,96.0,8.8,35.0
2024-08-05 08:00:00,0.0,21.1,84.0,100.0,6.1,178.0
2024-08-05 09:00:00,0.0,22.7,76.0,40.0,7.3,365.0
2024-08-05 10:00:00,0.0,24.5,68.0,76.0,9.0,601.0
2024-08-05 11:00:00,0.0,25.7,64.0,70.0,12.3,763.0
2024-08-05 12:00:00,0.0,25.6,65.0,55.0,15.7,880.0
2024-08-05 13:00:00,0.0,25.1,66.0,27.0,15.8,930.0
2024-08-05 14:00:00,0.0,25.1,67.0,16.0,15.9,934.0
2024-08-05 15:00:00,0.0,24.9,67.0,29.0,14.7,868.0
2024-08-05 16:00:00,0.0,24.6,67.0,13.0,13.2,734.0
2024-08-05 17:00:00,0.0,23.8,69.0,19.0,13.5,569.0
2024-08-05 18:00:00,0.0,23.4,71.0,40.0,12.8,373.0
2024-08-05 19:00:00,0.0,21.8,80.0,14.0,6.7,162.0
2024-08-05 20:00:00,0.0,21.1,85.0,17.0,4.4,21.0
2024-08-05 21:00:00,0.0,21.1,86.0,14.0,3.7,0.0
2024-08-05 22:00:00,0.0,20.8,88.0,21.0,4.1,0.0
2024-08-05 23:00:00,0.0,19.9,93.0,28.0,7.8,0.0
2024-08-06 00:00:00,0.0,19.3,95.0,24.0,5.9,0.0
2024-08-06 01:00:00,0.0,19.0,95.0,18.0,1.3,0.0
2024-08-06 02:00:00,0.0,18.7,97.0,11.0,0.5,0.0
2024-08-06 03:00:00,0.0,18.4,99.0,7.0,2.2,0.0
2024-08-06 04:00:00,0.0,18.1,100.0,29.0,3.4,0.0
2024-08-06 05:00:00,0.0,18.0,100.0,100.0,3.3,0.0
2024-08-06 06:00:00,0.0,18.6,98.0,100.0,3.7,0.0
2024-08-06 07:00:00,0.0,18.6,98.0,100.0,5.4,23.0
2024-08-06 08:00:00,0.0,18.8,97.0,100.0,7.4,117.0
2024-08-06 09:00:00,0.0,20.6,86.0,97.0,8.3,278.0
2024-08-06 10:00:00,0.0,23.6,71.0,22.0,5.8,549.0
2024-08-06 11:00:00,0.0,25.9,61.0,13.0,8.7,759.0
2024-08-06 12:00:00,0.0,25.8,62.0,41.0,16.8,871.0
2024-08-06 13:00:00,0.0,24.6,66.0,72.0,18.9,927.0
2024-08-06 14:00:00,0.0,24.5,69.0,60.0,17.6,908.0
2024-08-06 15:00:00,0.0,24.5,68.0,59.0,16.8,835.0
2024-08-06 16:00:00,0.0,24.9,63.0,16.0,14.8,729.0
2024-08-06 17:00:00,0.0,24.6,64.0,14.0,12.3,562.0
2024-08-06 18:00:00,0.0,22.3,77.0,27.0,14.5,352.0
2024-08-06 19:00:00,0.0,20.5,87.0,56.0,12.4,157.0
2024-08-06 20:00:00,0.0,19.9,89.0,79.0,8.4,19.0
2024-08-06 21:00:00,0.0,19.8,89.0,11.0,7.3,0.0
2024-08-06 22:00:00,0.0,19.9,88.0,4.0,9.2,0.0
2024-08-06 23:00:00,0.0,19.8,89.0,1.0,6.8,0.0
2024-08-07 00:00:00,0.0,19.5,91.0,2.0,5.2,0.0
2024-08-07 01:00:00,0.0,19.1,94.0,1.0,4.5,0.0
2024-08-07 02:00:00,0.0,18.7,96.0,17.0,2.3,0.0
2024-08-07 03:00:00,0.0,18.3,98.0,31.0,3.3,0.0
2024-08-07 04:00:00,0.0,18.1,99.0,96.0,4.6,0.0
2024-08-07 05:00:00,0.0,17.9,99.0,63.0,5.1,0.0
2024-08-07 06:00:00,0.0,18.9,99.0,100.0,4.4,0.0
2024-08-07 07:00:00,0.0,19.2,97.0,99.0,5.6,24.0
2024-08-07 08:00:00,0.0,20.3,88.0,55.0,9.5,145.0
2024-08-07 09:00:00,0.0,22.6,75.0,2.0,6.9,369.0
2024-08-07 10:00:00,0.0,24.0,68.0,3.0,12.0,599.0
2024-08-07 11:00:00,0.0,25.0,61.0,14.0,17.7,755.0
2024-08-07 12:00:00,0.0,24.1,66.0,31.0,19.9,877.0
2024-08-07 13:00:00,0.0,24.0,67.0,22.0,16.6,920.0
2024-08-07 14:00:00,0.0,24.3,65.0,25.0,16.1,922.0
2024-08-07 15:00:00,0.0,24.1,65.0,38.0,16.6,849.0
2024-08-07 16:00:00,0.0,23.9,64.0,24.0,19.3,724.0
2024-08-07 17:00:00,0.0,22.7,71.0,24.0,17.1,553.0
2024-08-07 18:00:00,0.0,22.4,72.0,2.0,12.3,364.0
2024-08-07 19:00:00,0.0,21.4,78.0,1.0,7.7,163.0
2024-08-07 20:00:00,0.0,20.6,83.0,1.0,5.9,19.0
2024-08-07 21:00:00,0.0,20.0,86.0,2.0,7.1,0.0
2024-08-07 22:00:00,0.0,19.4,90.0,1.0,5.3,0.0
2024-08-07 23:00:00,0.0,18.8,93.0,0.0,4.3,0.0
2024-08-08 00:00:00,0.0,18.5,95.0,2.0,4.4,0.0
2024-08-08 01:00:00,0.0,18.2,97.0,14.0,3.9,0.0
2024-08-08 02:00:00,0.0,18.0,98.0,22.0,5.1,0.0
2024-08-08 03:00:00,0.0,17.8,99.0,45.0,5.8,0.0
2024-08-08 04:00:00,0.0,17.6,100.0,47.0,5.6,0.0
2024-08-08 05:00:00,0.0,17.5,100.0,35.0,5.9,0.0
2024-08-08 06:00:00,0.0,19.3,91.0,28.0,4.6,0.0
2024-08-08 07:00:00,0.0,19.4,91.0,18.0,5.5,33.0
2024-08-08 08:00:00,0.0,20.6,82.0,11.0,5.6,185.0
2024-08-08 09:00:00,0.0,21.9,78.0,14.0,8.2,388.0
2024-08-08 10:00:00,0.0,22.9,70.0,5.0,13.8,587.0
2024-08-08 11:00:00,0.0,23.7,64.0,9.0,13.5,759.0
2024-08-08 12:00:00,0.0,24.2,64.0,21.0,14.4,873.0
2024-08-08 13:00:00,0.0,24.4,64.0,46.0,15.5,926.0
2024-08-08 14:00:00,0.0,24.3,66.0,28.0,16.1,922.0
2024-08-08 15:00:00,0.0,23.9,67.0,10.0,15.1,852.0
2024-08-08 16:00:00,0.0,23.7,65.0,6.0,13.6,730.0
2024-08-08 17:00:00,0.0,23.3,63.0,1.0,13.2,563.0
2024-08-08 18:00:00,0.0,22.2,73.0,5.0,10.8,362.0
2024-08-08 19:00:00,0.0,21.4,75.0,2.0,10.5,156.0
2024-08-08 20:00:00,0.0,20.6,81.0,0.0,8.4,18.0
2024-08-08 21:00:00,0.0,20.2,84.0,0.0,6.0,0.0
2024-08-08 22:00:00,0.0,20.0,87.0,0.0,5.5,0.0
2024-08-08 23:00:00,0.0,19.5,90.0,0.0,2.3,0.0
2024-08-09 00:00:00,0.0,19.2,92.0,3.0,1.5,0.0
2024-08-09 01:00:00,0.0,18.8,94.0,10.0,2.3,0.0
2024-08-09 02:00:00,0.0,18.6,95.0,10.0,1.9,0.0
2024-08-09 03:00:00,0.0,18.2,97.0,6.0,0.4,0.0
2024-08-09 04:00:00,0.0,18.0,98.0,17.0,2.9,0.0
2024-08-09 05:00:00,0.0,17.9,98.0,17.0,2.6,0.0
2024-08-09 06:00:00,0.0,19.2,87.0,56.0,1.6,0.0
2024-08-09 07:00:00,0.0,19.5,84.0,61.0,3.4,25.0
2024-08-09 08:00:00,0.0,20.2,80.0,55.0,4.7,157.0
2024-08-09 09:00:00,0.0,21.5,73.0,34.0,3.1,358.0
2024-08-09 10:00:00,0.0,22.9,67.0,14.0,11.1,554.0
2024-08-09 11:00:00,0.0,23.9,64.0,6.0,14.8,749.0
2024-08-09 12:00:00,0.0,24.5,62.0,1.0,16.6,865.0
2024-08-09 13:00:00,0.0,24.6,62.0,0.0,18.1,924.0
2024-08-09 14:00:00,0.0,24.5,63.0,0.0,17.3,918.0
2024-08-09 15:00:00,0.0,24.4,62.0,1.0,16.1,850.0
2024-08-09 16:00:00,0.0,23.9,64.0,2.0,15.2,723.0
2024-08-09 17:00:00,0.0,23.4,66.0,4.0,14.9,552.0
2024-08-09 18:00:00,0.0,21.9,77.0,2.0,13.8,344.0
2024-08-09 19:00:00,0.0,21.0,80.0,4.0,11.8,153.0
2024-08-09 20:00:00,0.0,20.1,84.0,5.0,9.0,16.0
2024-08-09 21:00:00,0.0,19.9,85.0,2.0,5.4,0.0
2024-08-09 22:00:00,0.0,19.8,85.0,3.0,3.8,0.0
2024-08-09 23:00:00,0.0,19.7,85.0,0.0,1.3,0.0
2024-08-10 00:00:00,0.0,19.7,85.0,0.0,0.7,0.0
2024-08-10 01:00:00,0.0,19.6,86.0,0.0,3.4,0.0
2024-08-10 02:00:00,0.0,19.3,88.0,2.0,5.2,0.0
2024-08-10 03:00:00,0.0,19.1,90.0,0.0,5.1,0.0
2024-08-10 04:00:00,0.0,19.0,92.0,0.0,4.7,0.0
2024-08-10 05:00:00,0.0,18.9,94.0,0.0,3.8,0.0
2024-08-10 06:00:00,0.0,19.4,88.0,100.0,1.5,0.0
2024-08-10 07:00:00,0.0,19.7,87.0,100.0,0.8,20.0
2024-08-10 08:00:00,0.0,20.5,83.0,64.0,0.5,128.0
2024-08-10 09:00:00,0.0,22.0,75.0,9.0,2.8,328.0
2024-08-10 10:00:00,0.0,23.9,67.0,0.0,7.6,576.0
2024-08-10 11:00:00,0.0,24.9,65.0,7.0,13.0,744.0
2024-08-10 12:00:00,0.0,25.0,65.0,19.0,14.8,857.0
2024-08-10 13:00:00,0.0,25.1,65.0,30.0,14.9,906.0
2024-08-10 14:00:00,0.0,25.6,63.0,35.0,17.1,892.0
2024-08-10 15:00:00,0.0,24.7,67.0,56.0,15.8,800.0
2024-08-10 16:00:00,0.0,24.3,67.0,99.0,15.8,681.0
2024-08-10 17:00:00,0.0,23.7,70.0,96.0,9.2,488.0
2024-08-10 18:00:00,0.0,22.2,73.0,68.0,12.4,292.0
2024-08-10 19:00:00,0.0,21.6,76.0,72.0,8.8,138.0
2024-08-10 20:00:00,0.0,21.3,77.0,30.0,6.8,14.0
2024-08-10 21:00:00,0.0,21.4,78.0,68.0,6.9,0.0
2024-08-10 22:00:00,0.0,21.2,79.0,84.0,6.2,0.0
2024-08-10 23:00:00,0.0,20.8,81.0,57.0,3.6,0.0
2024-08-11 00:00:00,0.0,20.6,82.0,74.0,2.1,0.0
2024-08-11 01:00:00,0.0,20.5,82.0,92.0,2.9,0.0
2024-08-11 02:00:00,0.0,20.3,83.0,100.0,3.4,0.0
2024-08-11 03:00:00,0.0,20.3,83.0,98.0,1.5,0.0
2024-08-11 04:00:00,0.0,20.0,87.0,69.0,4.3,0.0
2024-08-11 05:00:00,0.0,20.0,87.0,17.0,2.6,0.0
2024-08-11 06:00:00,0.0,19.8,90.0,68.0,1.0,0.0
2024-08-11 07:00:00,0.0,20.1,88.0,66.0,1.4,30.0
2024-08-11 08:00:00,0.0,21.4,80.0,71.0,2.9,176.0
2024-08-11 09:00:00,0.0,23.1,71.0,82.0,15.1,367.0
2024-08-11 10:00:00,0.0,23.5,69.0,100.0,14.1,485.0
2024-08-11 11:00:00,0.0,23.8,67.0,100.0,16.0,564.0
2024-08-11 12:00:00,0.0,24.7,65.0,30.0,18.3,770.0
2024-08-11 13:00:00,0.0,25.3,62.0,6.0,16.9,880.0
2024-08-11 14:00:00,0.0,25.9,58.0,31.0,11.5,901.0
2024-08-11 15:00:00,0.0,26.3,55.0,91.0,16.3,800.0
2024-08-11 16:00:00,0.0,25.4,58.0,97.0,15.6,595.0
2024-08-11 17:00:00,0.0,24.7,60.0,92.0,14.0,419.0
2024-08-11 18:00:00,0.0,23.1,71.0,100.0,5.1,229.0
2024-08-11 19:00:00,0.1,22.7,72.0,100.0,14.7,99.0
2024-08-11 20:00:00,0.0,21.1,81.0,100.0,7.9,8.0
2024-08-11 21:00:00,0.0,21.0,83.0,100.0,6.4,0.0
2024-08-11 22:00:00,0.0,21.4,81.0,100.0,2.9,0.0
2024-08-11 23:00:00,0.1,21.4,80.0,100.0,4.3,0.0
2024-08-12 00:00:00,0.0,20.9,83.0,100.0,4.0,0.0
2024-08-12 01:00:00,0.0,20.7,83.0,28.0,2.7,0.0
2024-08-12 02:00:00,0.0,20.5,83.0,26.0,3.7,0.0
2024-08-12 03:00:00,0.0,20.2,85.0,35.0,0.5,0.0
2024-08-12 04:00:00,0.0,20.1,86.0,22.0,4.3,0.0
2024-08-12 05:00:00,0.0,20.1,88.0,2.0,3.6,0.0
2024-08-12 06:00:00,0.0,20.7,91.0,3.0,5.4,0.0
2024-08-12 07:00:00,0.0,21.1,90.0,0.0,3.1,30.0
2024-08-12 08:00:00,0.0,22.3,83.0,0.0,3.3,187.0
2024-08-12 09:00:00,0.0,24.0,74.0,0.0,7.0,391.0
2024-08-12 10:00:00,0.0,25.3,69.0,0.0,11.2,588.0
2024-08-12 11:00:00,0.0,26.1,66.0,7.0,13.7,751.0
2024-08-12 12:00:00,0.0,26.5,64.0,10.0,15.1,866.0
2024-08-12 13:00:00,0.0,26.7,63.0,6.0,16.5,923.0
2024-08-12 14:00:00,0.0,26.4,65.0,6.0,17.3,916.0
2024-08-12 15:00:00,0.0,26.1,66.0,5.0,16.2,846.0
2024-08-12 16:00:00,0.0,25.5,68.0,2.0,14.2,721.0
2024-08-12 17:00:00,0.0,24.8,72.0,4.0,13.0,549.0
2024-08-12 18:00:00,0.0,24.0,73.0,0.0,12.3,352.0
2024-08-12 19:00:00,0.0,23.1,79.0,0.0,9.5,150.0
2024-08-12 20:00:00,0.0,22.5,82.0,0.0,6.2,14.0
2024-08-12 21:00:00,0.0,22.1,84.0,0.0,5.8,0.0
2024-08-12 22:00:00,0.0,21.6,87.0,0.0,6.5,0.0
2024-08-12 23:00:00,0.0,21.2,89.0,4.0,5.4,0.0
2024-08-13 00:00:00,0.0,20.9,91.0,14.0,3.1,0.0
2024-08-13 01:00:00,0.0,20.5,93.0,94.0,1.5,0.0
2024-08-13 02:00:00,0.0,20.3,94.0,100.0,3.8,0.0
2024-08-13 03:00:00,0.0,20.1,95.0,91.0,0.8,0.0
2024-08-13 04:00:00,0.0,19.9,95.0,100.0,1.5,0.0
2024-08-13 05:00:00,0.0,19.5,97.0,100.0,2.8,0.0
2024-08-13 06:00:00,0.0,20.3,95.0,100.0,2.3,0.0
2024-08-13 07:00:00,0.0,20.2,95.0,100.0,4.1,17.0
2024-08-13 08:00:00,0.0,20.5,92.0,100.0,4.3,103.0
2024-08-13 09:00:00,0.0,21.7,83.0,45.0,4.0,270.0
2024-08-13 10:00:00,0.0,23.8,71.0,13.0,7.5,563.0
2024-08-13 11:00:00,0.0,25.6,61.0,1.0,12.2,762.0
2024-08-13 12:00:00,0.0,26.3,58.0,0.0,16.3,885.0
2024-08-13 13:00:00,0.0,26.2,57.0,0.0,18.3,942.0
2024-08-13 14:00:00,0.0,25.8,60.0,1.0,18.0,935.0
2024-08-13 15:00:00,0.0,25.4,62.0,1.0,15.9,863.0
2024-08-13 16:00:00,0.0,24.8,64.0,0.0,14.7,736.0
2024-08-13 17:00:00,0.0,24.3,66.0,0.0,12.9,561.0
2024-08-13 18:00:00,0.0,23.2,73.0,0.0,13.4,358.0
2024-08-13 19:00:00,0.0,22.2,80.0,0.0,9.7,151.0
2024-08-13 20:00:00,0.0,21.5,84.0,1.0,5.4,13.0
2024-08-13 21:00:00,0.0,21.3,85.0,0.0,4.1,0.0
2024-08-13 22:00:00,0.0,21.1,87.0,0.0,3.6,0.0
2024-08-13 23:00:00,0.0,20.7,89.0,0.0,3.2,0.0
2024-08-14 00:00:00,0.0,20.3,91.0,0.0,3.3,0.0
2024-08-14 01:00:00,0.0,19.7,94.0,0.0,4.0,0.0
2024-08-14 02:00:00,0.0,19.1,97.0,11.0,3.5,0.0
2024-08-14 03:00:00,0.0,18.9,98.0,100.0,2.2,0.0
2024-08-14 04:00:00,0.0,18.7,99.0,100.0,2.6,0.0
2024-08-14 05:00:00,0.0,18.6,98.0,100.0,4.4,0.0
2024-08-14 06:00:00,0.0,19.9,91.0,81.0,4.7,0.0
2024-08-14 07:00:00,0.0,19.9,90.0,49.0,4.8,24.0
2024-08-14 08:00:00,0.0,21.0,83.0,25.0,6.3,172.0
2024-08-14 09:00:00,0.0,22.6,75.0,6.0,5.8,392.0
2024-08-14 10:00:00,0.0,24.5,66.0,0.0,8.0,608.0
2024-08-14 11:00:00,0.0,25.5,63.0,0.0,13.7,780.0
2024-08-14 12:00:00,0.0,25.6,63.0,0.0,17.4,899.0
2024-08-14 13:00:00,0.0,25.7,61.0,1.0,18.1,957.0
2024-08-14 14:00:00,0.0,25.5,62.0,0.0,17.6,950.0
2024-08-14 15:00:00,0.0,25.3,61.0,0.0,15.9,878.0
2024-08-14 16:00:00,0.0,25.0,59.0,0.0,14.8,749.0
2024-08-14 17:00:00,0.0,24.4,62.0,0.0,12.4,571.0
2024-08-14 18:00:00,0.0,23.1,72.0,1.0,10.7,362.0
2024-08-14 19:00:00,0.0,22.3,77.0,0.0,9.8,152.0
2024-08-14 20:00:00,0.0,21.8,80.0,0.0,8.8,13.0
2024-08-14 21:00:00,0.0,21.6,79.0,0.0,6.8,0.0
2024-08-14 22:00:00,0.0,21.4,77.0,0.0,5.3,0.0
2024-08-14 23:00:00,0.0,20.9,80.0,0.0,3.7,0.0
2024-08-15 00:00:00,0.0,20.2,85.0,0.0,4.8,0.0
2024-08-15 01:00:00,0.0,19.5,91.0,0.0,4.3,0.0
2024-08-15 02:00:00,0.0,19.6,92.0,0.0,2.5,0.0
2024-08-15 03:00:00,0.0,19.4,94.0,6.0,2.1,0.0
2024-08-15 04:00:00,0.0,18.3,98.0,37.0,3.6,0.0
2024-08-15 05:00:00,0.0,17.5,99.0,100.0,4.3,0.0
2024-08-15 06:00:00,0.0,17.5,97.0,100.0,7.4,0.0
2024-08-15 07:00:00,0.0,18.1,95.0,100.0,7.2,17.0
2024-08-15 08:00:00,0.0,19.4,94.0,100.0,4.8,101.0
2024-08-15 09:00:00,0.0,20.3,90.0,100.0,3.3,180.0
2024-08-15 10:00:00,0.0,22.5,77.0,36.0,5.1,432.0
2024-08-15 11:00:00,0.0,25.2,63.0,7.0,10.2,758.0
2024-08-15 12:00:00,0.0,27.0,56.0,0.0,13.8,899.0
2024-08-15 13:00:00,0.0,27.5,54.0,0.0,17.3,962.0
2024-08-15 14:00:00,0.0,27.3,53.0,0.0,18.6,958.0
2024-08-15 15:00:00,0.0,26.7,59.0,0.0,18.3,887.0
2024-08-15 16:00:00,0.0,26.2,58.0,0.0,16.2,754.0
2024-08-15 17:00:00,0.0,25.6,60.0,0.0,14.5,575.0
2024-08-15 18:00:00,0.0,23.6,70.0,0.0,12.1,365.0
2024-08-15 19:00:00,0.0,22.4,76.0,0.0,9.7,152.0
2024-08-15 20:00:00,0.0,21.5,83.0,0.0,6.6,12.0
2024-08-15 21:00:00,0.0,21.1,86.0,0.0,7.1,0.0
2024-08-15 22:00:00,0.0,20.7,89.0,1.0,6.0,0.0
2024-08-15 23:00:00,0.0,20.3,91.0,0.0,4.7,0.0
2024-08-16 00:00:00,0.0,19.9,93.0,0.0,3.3,0.0
2024-08-16 01:00:00,0.0,19.2,97.0,8.0,3.6,0.0
2024-08-16 02:00:00,0.0,19.0,97.0,26.0,5.4,0.0
2024-08-16 03:00:00,0.0,18.7,98.0,37.0,5.1,0.0
2024-08-16 04:00:00,0.0,18.5,98.0,90.0,6.4,0.0
2024-08-16 05:00:00,0.0,18.4,99.0,95.0,5.6,0.0
2024-08-16 06:00:00,0.0,19.1,95.0,91.0,6.8,0.0
2024-08-16 07:00:00,0.0,19.3,93.0,99.0,7.6,17.0
2024-08-16 08:00:00,0.0,20.0,89.0,100.0,9.2,113.0
2024-08-16 09:00:00,0.0,21.1,83.0,100.0,8.6,225.0
2024-08-16 10:00:00,0.0,22.6,74.0,98.0,8.7,414.0
2024-08-16 11:00:00,0.0,24.5,65.0,95.0,12.0,735.0
2024-08-16 12:00:00,0.0,25.1,63.0,44.0,16.3,848.0
2024-08-16 13:00:00,0.0,25.4,60.0,31.0,17.8,931.0
2024-08-16 14:00:00,0.0,25.3,60.0,7.0,18.3,924.0
2024-08-16 15:00:00,0.0,25.1,61.0,85.0,17.6,853.0
2024-08-16 16:00:00,0.0,24.6,62.0,92.0,16.2,705.0
2024-08-16 17:00:00,0.0,23.9,65.0,65.0,15.8,509.0
2024-08-16 18:00:00,0.0,22.0,78.0,60.0,13.9,272.0
2024-08-16 19:00:00,0.0,21.2,81.0,26.0,12.8,130.0
2024-08-16 20:00:00,0.0,20.4,85.0,28.0,11.0,9.0
2024-08-16 21:00:00,0.0,20.4,85.0,20.0,9.3,0.0
2024-08-16 22:00:00,0.0,20.4,84.0,28.0,7.3,0.0
2024-08-16 23:00:00,0.0,20.2,85.0,35.0,5.4,0.0
2024-08-17 00:00:00,0.0,20.1,86.0,52.0,5.8,0.0
2024-08-17 01:00:00,0.0,20.0,87.0,62.0,7.2,0.0
2024-08-17 02:00:00,0.0,19.8,88.0,34.0,7.4,0.0
2024-08-17 03:00:00,0.0,19.4,90.0,21.0,8.4,0.0
2024-08-17 04:00:00,0.0,19.2,90.0,28.0,7.1,0.0
2024-08-17 05:00:00,0.0,19.0,91.0,25.0,5.7,0.0
2024-08-17 06:00:00,0.0,19.6,89.0,100.0,6.5,0.0
2024-08-17 07:00:00,0.0,19.8,87.0,100.0,6.1,12.0
2024-08-17 08:00:00,0.0,20.3,84.0,100.0,7.2,78.0
2024-08-17 09:00:00,0.0,21.0,79.0,100.0,8.3,195.0
2024-08-17 10:00:00,0.0,22.0,73.0,93.0,9.9,309.0
2024-08-17 11:00:00,0.0,23.3,66.0,64.0,13.9,560.0
2024-08-17 12:00:00,0.0,23.8,65.0,10.0,18.0,789.0
2024-08-17 13:00:00,0.0,24.0,62.0,16.0,18.4,921.0
2024-08-17 14:00:00,0.0,24.1,60.0,11.0,18.3,917.0
2024-08-17 15:00:00,0.0,23.6,61.0,6.0,18.1,850.0
2024-08-17 16:00:00,0.0,23.2,62.0,2.0,17.3,727.0
2024-08-17 17:00:00,0.0,22.5,65.0,1.0,13.3,557.0
2024-08-17 18:00:00,0.0,21.1,74.0,0.0,13.2,350.0
2024-08-17 19:00:00,0.0,20.3,78.0,2.0,9.0,141.0
2024-08-17 20:00:00,0.0,19.8,81.0,4.0,5.8,10.0
2024-08-17 21:00:00,0.0,19.8,82.0,6.0,4.4,0.0
2024-08-17 22:00:00,0.0,19.6,83.0,2.0,4.7,0.0
2024-08-17 23:00:00,0.0,19.2,85.0,1.0,4.9,0.0
2024-08-18 00:00:00,0.0,18.7,88.0,0.0,3.6,0.0
2024-08-18 01:00:00,0.0,18.2,91.0,1.0,2.3,0.0
2024-08-18 02:00:00,0.0,17.8,94.0,4.0,3.2,0.0
2024-08-18 03:00:00,0.0,18.2,91.0,4.0,1.1,0.0
2024-08-18 04:00:00,0.0,17.2,95.0,6.0,3.8,0.0
2024-08-18 05:00:00,0.0,16.7,97.0,25.0,5.8,0.0
2024-08-18 06:00:00,0.0,18.2,90.0,100.0,2.9,0.0
2024-08-18 07:00:00,0.0,18.5,89.0,100.0,1.8,11.0
2024-08-18 08:00:00,0.0,18.8,87.0,100.0,3.2,88.0
2024-08-18 09:00:00,0.0,19.8,79.0,34.0,3.7,233.0
2024-08-18 10:00:00,0.0,22.1,67.0,6.0,4.5,545.0
2024-08-18 11:00:00,0.0,24.1,58.0,9.0,9.4,747.0
2024-08-18 12:00:00,0.0,24.9,57.0,0.0,14.6,885.0
2024-08-18 13:00:00,0.0,24.6,62.0,0.0,16.4,950.0
2024-08-18 14:00:00,0.0,24.6,62.0,0.0,17.4,939.0
2024-08-18 15:00:00,0.0,24.4,60.0,0.0,17.2,865.0
2024-08-18 16:00:00,0.0,24.2,60.0,0.0,14.1,733.0
2024-08-18 17:00:00,0.0,23.7,63.0,0.0,13.2,554.0
2024-08-18 18:00:00,0.0,23.1,72.0,0.0,12.6,346.0
2024-08-18 19:00:00,0.0,22.1,77.0,0.0,11.3,138.0
2024-08-18 20:00:00,0.0,21.3,81.0,0.0,10.8,9.0
2024-08-18 21:00:00,0.0,21.2,83.0,0.0,9.7,0.0
2024-08-18 22:00:00,0.0,21.1,84.0,0.0,6.8,0.0
2024-08-18 23:00:00,0.0,20.8,86.0,0.0,6.9,0.0
2024-08-19 00:00:00,0.0,20.2,89.0,2.0,8.3,0.0
2024-08-19 01:00:00,0.0,19.8,92.0,3.0,8.8,0.0
2024-08-19 02:00:00,0.0,19.2,94.0,2.0,7.6,0.0
2024-08-19 03:00:00,0.0,18.6,96.0,84.0,6.7,0.0
2024-08-19 04:00:00,0.0,18.5,96.0,100.0,6.0,0.0
2024-08-19 05:00:00,0.0,19.3,95.0,100.0,7.2,0.0
2024-08-19 06:00:00,0.0,19.1,95.0,100.0,6.9,0.0
2024-08-19 07:00:00,0.0,18.9,94.0,100.0,6.0,14.0
2024-08-19 08:00:00,0.0,19.5,88.0,64.0,5.6,100.0
2024-08-19 09:00:00,0.0,21.4,77.0,37.0,7.0,353.0
2024-08-19 10:00:00,0.0,23.4,69.0,21.0,8.9,582.0
2024-08-19 11:00:00,0.0,25.3,64.0,22.0,12.3,762.0
2024-08-19 12:00:00,0.0,26.4,61.0,1.0,16.7,882.0
2024-08-19 13:00:00,0.0,26.6,59.0,0.0,19.2,942.0
2024-08-19 14:00:00,0.0,26.8,57.0,0.0,20.3,933.0
2024-08-19 15:00:00,0.0,27.0,55.0,0.0,19.1,861.0
2024-08-19 16:00:00,0.0,26.8,54.0,0.0,18.5,730.0
2024-08-19 17:00:00,0.0,26.1,55.0,0.0,17.3,552.0
2024-08-19 18:00:00,0.0,24.3,65.0,0.0,17.4,343.0
2024-08-19 19:00:00,0.0,23.1,73.0,0.0,14.2,135.0
2024-08-19 20:00:00,0.0,22.4,77.0,0.0,10.5,8.0
2024-08-19 21:00:00,0.0,22.2,80.0,0.0,8.4,0.0
2024-08-19 22:00:00,0.0,22.0,83.0,0.0,7.4,0.0
2024-08-19 23:00:00,0.0,21.5,86.0,0.0,8.4,0.0
2024-08-20 00:00:00,0.0,20.9,91.0,0.0,9.2,0.0
2024-08-20 01:00:00,0.0,20.3,93.0,0.0,8.2,0.0
2024-08-20 02:00:00,0.0,19.7,94.0,0.0,7.4,0.0
2024-08-20 03:00:00,0.0,19.2,93.0,0.0,7.2,0.0
2024-08-20 04:00:00,0.0,18.6,92.0,0.0,6.3,0.0
2024-08-20 05:00:00,0.0,18.2,91.0,0.0,5.8,0.0
2024-08-20 06:00:00,0.0,18.5,90.0,0.0,5.9,0.0
2024-08-20 07:00:00,0.0,19.6,83.0,0.0,4.0,25.0
2024-08-20 08:00:00,0.0,21.6,79.0,0.0,6.6,182.0
2024-08-20 09:00:00,0.0,23.9,72.0,0.0,8.7,390.0
2024-08-20 10:00:00,0.0,26.5,62.0,0.0,9.4,589.0
2024-08-20 11:00:00,0.0,28.3,57.0,0.0,13.8,756.0
2024-08-20 12:00:00,0.0,29.0,54.0,0.0,17.9,873.0
2024-08-20 13:00:00,0.0,29.0,51.0,0.0,19.6,930.0
2024-08-20 14:00:00,0.0,28.6,52.0,0.0,19.2,923.0
2024-08-20 15:00:00,0.0,28.3,50.0,0.0,18.3,852.0
2024-08-20 16:00:00,0.0,28.0,49.0,0.0,14.7,723.0
2024-08-20 17:00:00,0.0,27.8,47.0,0.0,12.1,545.0
2024-08-20 18:00:00,0.0,25.5,53.0,0.0,13.1,338.0
2024-08-20 19:00:00,0.0,24.1,58.0,0.0,10.6,131.0
2024-08-20 20:00:00,0.0,22.9,65.0,0.0,6.9,7.0
2024-08-20 21:00:00,0.0,22.4,70.0,0.0,7.6,0.0
2024-08-20 22:00:00,0.0,22.0,75.0,0.0,6.0,0.0
2024-08-20 23:00:00,0.0,21.7,79.0,0.0,2.8,0.0
2024-08-21 00:00:00,0.0,21.1,83.0,0.0,2.6,0.0
2024-08-21 01:00:00,0.0,20.5,87.0,0.0,5.8,0.0
2024-08-21 02:00:00,0.0,20.0,91.0,0.0,6.6,0.0
2024-08-21 03:00:00,0.0,19.7,93.0,7.0,7.6,0.0
2024-08-21 04:00:00,0.0,19.5,94.0,16.0,7.6,0.0
2024-08-21 05:00:00,0.0,19.0,95.0,30.0,5.6,0.0
2024-08-21 06:00:00,0.0,20.1,98.0,100.0,8.0,0.0
2024-08-21 07:00:00,0.0,20.2,96.0,100.0,8.3,11.0
2024-08-21 08:00:00,0.0,20.6,91.0,85.0,5.7,88.0
2024-08-21 09:00:00,0.0,22.4,80.0,61.0,7.1,284.0
2024-08-21 10:00:00,0.0,24.8,66.0,27.0,8.2,524.0
2024-08-21 11:00:00,0.0,26.4,61.0,6.0,13.0,729.0
2024-08-21 12:00:00,0.0,26.4,59.0,2.0,18.1,870.0
2024-08-21 13:00:00,0.0,26.1,58.0,4.0,18.4,926.0
2024-08-21 14:00:00,0.0,26.1,60.0,20.0,18.0,917.0
2024-08-21 15:00:00,0.0,25.8,61.0,7.0,18.3,819.0
2024-08-21 16:00:00,0.0,25.3,63.0,15.0,18.2,710.0
2024-08-21 17:00:00,0.0,24.4,67.0,14.0,18.1,535.0
2024-08-21 18:00:00,0.0,23.0,76.0,63.0,15.0,164.0
2024-08-21 19:00:00,0.0,22.0,79.0,11.0,13.8,88.0
2024-08-21 20:00:00,0.0,21.5,80.0,1.0,6.5,6.0
2024-08-21 21:00:00,0.0,21.4,82.0,3.0,5.5,0.0
2024-08-21 22:00:00,0.0,21.1,84.0,0.0,4.2,0.0
2024-08-21 23:00:00,0.0,20.7,86.0,0.0,3.2,0.0
2024-08-22 00:00:00,0.0,20.1,89.0,0.0,4.7,0.0
2024-08-22 01:00:00,0.0,19.5,92.0,0.0,3.3,0.0
2024-08-22 02:00:00,0.0,19.4,92.0,2.0,3.0,0.0
2024-08-22 03:00:00,0.0,18.6,96.0,17.0,5.1,0.0
2024-08-22 04:00:00,0.0,18.5,96.0,43.0,7.3,0.0
2024-08-22 05:00:00,0.0,18.0,97.0,71.0,7.9,0.0
2024-08-22 06:00:00,0.0,19.4,91.0,75.0,3.6,0.0
2024-08-22 07:00:00,0.0,19.4,90.0,91.0,4.3,16.0
2024-08-22 08:00:00,0.0,20.1,84.0,27.0,4.7,133.0
2024-08-22 09:00:00,0.0,21.5,75.0,18.0,5.2,350.0
2024-08-22 10:00:00,0.0,23.4,66.0,13.0,8.1,574.0
2024-08-22 11:00:00,0.0,24.7,62.0,6.0,14.1,745.0
2024-08-22 12:00:00,0.0,24.6,65.0,2.0,17.8,869.0
2024-08-22 13:00:00,0.0,24.5,66.0,2.0,17.9,928.0
2024-08-22 14:00:00,0.0,24.5,66.0,2.0,17.2,920.0
2024-08-22 15:00:00,0.0,24.3,65.0,1.0,16.6,846.0
2024-08-22 16:00:00,0.0,24.0,66.0,5.0,15.5,714.0
2024-08-22 17:00:00,0.0,23.4,69.0,15.0,15.7,530.0
2024-08-22 18:00:00,0.0,22.6,72.0,10.0,13.4,316.0
2024-08-22 19:00:00,0.0,21.5,78.0,4.0,12.6,118.0
2024-08-22 20:00:00,0.0,20.7,83.0,10.0,11.4,6.0
2024-08-22 21:00:00,0.0,20.5,83.0,19.0,10.0,0.0
2024-08-22 22:00:00,0.0,20.3,83.0,26.0,9.4,0.0
2024-08-22 23:00:00,0.0,20.0,84.0,40.0,7.9,0.0
2024-08-23 00:00:00,0.0,19.6,86.0,94.0,6.9,0.0
2024-08-23 01:00:00,0.0,19.4,85.0,96.0,6.8,0.0
2024-08-23 02:00:00,0.0,19.2,84.0,98.0,5.4,0.0
2024-08-23 03:00:00,0.0,19.0,85.0,100.0,4.2,0.0
2024-08-23 04:00:00,0.0,18.8,84.0,100.0,4.0,0.0
2024-08-23 05:00:00,0.0,18.5,84.0,100.0,2.6,0.0
2024-08-23 06:00:00,0.0,18.5,86.0,100.0,1.9,0.0
2024-08-23 07:00:00,0.0,18.4,86.0,100.0,1.8,12.0
2024-08-23 08:00:00,0.0,18.8,83.0,100.0,1.6,114.0
2024-08-23 09:00:00,0.0,20.1,76.0,63.0,4.7,299.0
2024-08-23 10:00:00,0.0,21.7,63.0,21.0,7.2,527.0
2024-08-23 11:00:00,0.0,23.2,55.0,2.0,12.4,746.0
2024-08-23 12:00:00,0.0,23.7,53.0,1.0,17.1,890.0
2024-08-23 13:00:00,0.0,24.3,48.0,0.0,18.2,951.0
2024-08-23 14:00:00,0.0,24.2,52.0,0.0,19.4,944.0
2024-08-23 15:00:00,0.0,23.7,57.0,0.0,18.8,868.0
2024-08-23 16:00:00,0.0,23.1,62.0,0.0,16.3,731.0
2024-08-23 17:00:00,0.0,22.7,64.0,0.0,13.8,546.0
2024-08-23 18:00:00,0.0,21.8,69.0,0.0,13.6,335.0
2024-08-23 19:00:00,0.0,20.8,76.0,3.0,10.8,124.0
2024-08-23 20:00:00,0.0,20.4,79.0,14.0,6.8,5.0
2024-08-23 21:00:00,0.0,20.3,79.0,27.0,4.6,0.0
2024-08-23 22:00:00,0.0,20.1,80.0,18.0,5.9,0.0
2024-08-23 23:00:00,0.0,19.6,83.0,16.0,4.6,0.0
2024-08-24 00:00:00,0.0,19.1,86.0,9.0,1.5,0.0
2024-08-24 01:00:00,0.0,18.5,89.0,12.0,0.7,0.0
2024-08-24 02:00:00,0.0,18.2,90.0,5.0,2.3,0.0
2024-08-24 03:00:00,0.0,17.5,93.0,48.0,3.3,0.0
2024-08-24 04:00:00,0.0,17.6,91.0,94.0,2.9,0.0
2024-08-24 05:00:00,0.0,17.8,90.0,91.0,2.6,0.0
2024-08-24 06:00:00,0.0,18.2,89.0,92.0,5.4,0.0
2024-08-24 07:00:00,0.0,18.2,88.0,59.0,3.2,15.0
2024-08-24 08:00:00,0.0,19.3,77.0,56.0,0.7,132.0
2024-08-24 09:00:00,0.0,20.5,64.0,53.0,1.5,298.0
2024-08-24 10:00:00,0.0,22.0,59.0,14.0,6.7,526.0
2024-08-24 11:00:00,0.0,23.2,57.0,2.0,13.0,754.0
2024-08-24 12:00:00,0.0,23.7,57.0,0.0,15.0,879.0
2024-08-24 13:00:00,0.0,24.0,54.0,0.0,17.5,935.0
2024-08-24 14:00:00,0.0,23.9,53.0,0.0,19.6,927.0
2024-08-24 15:00:00,0.0,23.3,58.0,0.0,19.2,854.0
2024-08-24 16:00:00,0.0,22.9,61.0,0.0,16.1,721.0
2024-08-24 17:00:00,0.0,22.5,63.0,0.0,13.8,540.0
2024-08-24 18:00:00,0.0,21.2,72.0,7.0,11.3,327.0
2024-08-24 19:00:00,0.0,20.4,77.0,8.0,8.5,117.0
2024-08-24 20:00:00,0.0,20.2,79.0,10.0,7.7,4.0
2024-08-24 21:00:00,0.0,20.1,80.0,25.0,6.3,0.0
2024-08-24 22:00:00,0.0,19.7,82.0,30.0,6.1,0.0
2024-08-24 23:00:00,0.0,19.4,83.0,21.0,4.1,0.0
2024-08-25 00:00:00,0.0,19.3,83.0,30.0,1.6,0.0
2024-08-25 01:00:00,0.0,19.0,83.0,28.0,1.9,0.0
2024-08-25 02:00:00,0.0,17.8,90.0,4.0,3.9,0.0
2024-08-25 03:00:00,0.0,17.1,94.0,0.0,7.2,0.0
2024-08-25 04:00:00,0.0,16.5,96.0,23.0,9.3,0.0
2024-08-25 05:00:00,0.0,15.8,96.0,65.0,9.7,0.0
2024-08-25 06:00:00,0.0,16.0,93.0,11.0,8.0,0.0
2024-08-25 07:00:00,0.0,16.3,92.0,28.0,9.0,20.0
2024-08-25 08:00:00,0.0,18.8,72.0,0.0,7.7,173.0
2024-08-25 09:00:00,0.0,20.9,53.0,0.0,3.2,386.0
2024-08-25 10:00:00,0.0,23.0,46.0,0.0,3.1,587.0
2024-08-25 11:00:00,0.0,25.2,37.0,0.0,9.0,755.0
2024-08-25 12:00:00,0.0,26.0,37.0,0.0,16.6,873.0
2024-08-25 13:00:00,0.0,25.3,47.0,0.0,19.8,929.0
2024-08-25 14:00:00,0.0,25.0,53.0,0.0,19.2,918.0
2024-08-25 15:00:00,0.0,24.9,54.0,0.0,18.0,843.0
2024-08-25 16:00:00,0.0,24.7,57.0,0.0,17.0,710.0
2024-08-25 17:00:00,0.0,24.3,60.0,0.0,16.0,530.0
2024-08-25 18:00:00,0.0,23.2,66.0,0.0,14.8,321.0
2024-08-25 19:00:00,0.0,22.3,68.0,0.0,12.8,115.0
2024-08-25 20:00:00,0.0,21.7,72.0,0.0,10.3,4.0
2024-08-25 21:00:00,0.0,21.6,75.0,0.0,7.7,0.0
2024-08-25 22:00:00,0.0,21.3,78.0,0.0,6.9,0.0
2024-08-25 23:00:00,0.0,20.7,83.0,0.0,6.0,0.0
2024-08-26 00:00:00,0.0,19.8,88.0,0.0,4.4,0.0
2024-08-26 01:00:00,0.0,19.2,88.0,0.0,4.8,0.0
2024-08-26 02:00:00,0.0,18.3,89.0,0.0,5.4,0.0
2024-08-26 03:00:00,0.0,17.6,89.0,0.0,5.8,0.0
2024-08-26 04:00:00,0.0,17.1,88.0,0.0,6.7,0.0
2024-08-26 05:00:00,0.0,16.8,86.0,0.0,7.7,0.0
2024-08-26 06:00:00,0.0,17.7,92.0,17.0,3.7,0.0
2024-08-26 07:00:00,0.0,17.8,91.0,3.0,5.1,20.0
2024-08-26 08:00:00,0.0,20.0,81.0,12.0,2.6,174.0
2024-08-26 09:00:00,0.0,22.0,73.0,4.0,4.3,387.0
2024-08-26 10:00:00,0.0,24.1,65.0,0.0,8.7,593.0
2024-08-26 11:00:00,0.0,25.4,60.0,0.0,13.4,763.0
2024-08-26 12:00:00,0.0,26.1,58.0,0.0,16.6,879.0
2024-08-26 13:00:00,0.0,26.4,55.0,0.0,17.7,935.0
2024-08-26 14:00:00,0.0,26.3,54.0,0.0,18.4,925.0
2024-08-26 15:00:00,0.0,25.9,56.0,0.0,18.8,850.0
2024-08-26 16:00:00,0.0,25.1,57.0,0.0,18.4,714.0
2024-08-26 17:00:00,0.0,24.2,61.0,0.0,16.3,531.0
2024-08-26 18:00:00,0.0,22.9,69.0,0.0,12.7,320.0
2024-08-26 19:00:00,0.0,21.6,77.0,0.0,9.3,113.0
2024-08-26 20:00:00,0.0,20.8,81.0,0.0,7.2,3.0
2024-08-26 21:00:00,0.0,20.4,83.0,0.0,6.2,0.0
2024-08-26 22:00:00,0.0,20.2,84.0,0.0,5.1,0.0
2024-08-26 23:00:00,0.0,19.9,86.0,0.0,3.6,0.0
2024-08-27 00:00:00,0.0,19.3,90.0,0.0,2.4,0.0
2024-08-27 01:00:00,0.0,19.5,90.0,0.0,1.1,0.0
2024-08-27 02:00:00,0.0,19.2,91.0,0.0,0.8,0.0
2024-08-27 03:00:00,0.0,18.8,93.0,18.0,2.4,0.0
2024-08-27 04:00:00,0.0,18.5,93.0,99.0,1.0,0.0
2024-08-27 05:00:00,0.0,18.6,94.0,99.0,1.1,0.0
2024-08-27 06:00:00,0.0,18.5,97.0,100.0,0.0,0.0
2024-08-27 07:00:00,0.0,18.4,96.0,100.0,0.7,10.0
2024-08-27 08:00:00,0.0,18.7,92.0,100.0,0.8,106.0
2024-08-27 09:00:00,0.0,20.3,81.0,46.0,3.8,280.0
2024-08-27 10:00:00,0.0,22.7,69.0,5.0,6.1,567.0
2024-08-27 11:00:00,0.0,24.4,62.0,7.0,11.1,749.0
2024-08-27 12:00:00,0.0,25.0,60.0,6.0,15.7,869.0
2024-08-27 13:00:00,0.0,25.0,61.0,1.0,16.8,929.0
2024-08-27 14:00:00,0.0,24.9,62.0,0.0,17.0,921.0
2024-08-27 15:00:00,0.0,24.7,61.0,0.0,16.9,845.0
2024-08-27 16:00:00,0.0,24.3,61.0,0.0,15.3,710.0
2024-08-27 17:00:00,0.0,23.7,64.0,0.0,14.1,528.0
2024-08-27 18:00:00,0.0,21.4,77.0,2.0,12.7,314.0
2024-08-27 19:00:00,0.0,20.5,82.0,2.0,9.7,108.0
2024-08-27 20:00:00,0.0,20.0,85.0,7.0,7.6,3.0
2024-08-27 21:00:00,0.0,20.0,85.0,4.0,5.4,0.0
2024-08-27 22:00:00,0.0,19.9,86.0,11.0,4.7,0.0
2024-08-27 23:00:00,0.0,19.6,87.0,11.0,4.0,0.0
2024-08-28 00:00:00,0.0,19.5,87.0,14.0,2.2,0.0
2024-08-28 01:00:00,0.0,19.3,88.0,26.0,1.8,0.0
2024-08-28 02:00:00,0.0,19.0,89.0,100.0,1.1,0.0
2024-08-28 03:00:00,0.0,18.8,89.0,100.0,2.0,0.0
2024-08-28 04:00:00,0.0,18.4,90.0,100.0,1.5,0.0
2024-08-28 05:00:00,0.0,18.2,91.0,100.0,1.1,0.0
2024-08-28 06:00:00,0.0,18.7,88.0,100.0,1.5,0.0
2024-08-28 07:00:00,0.0,18.6,88.0,98.0,0.8,10.0
2024-08-28 08:00:00,0.0,19.3,83.0,80.0,2.1,110.0
2024-08-28 09:00:00,0.0,20.4,76.0,37.0,4.7,300.0
2024-08-28 10:00:00,0.0,22.0,68.0,47.0,8.2,525.0
2024-08-28 11:00:00,0.0,23.1,64.0,1.0,12.8,735.0
2024-08-28 12:00:00,0.0,23.5,60.0,0.0,15.3,876.0
2024-08-28 13:00:00,0.0,23.8,58.0,0.0,16.2,937.0
2024-08-28 14:00:00,0.0,23.7,59.0,0.0,16.0,929.0
2024-08-28 15:00:00,0.0,23.5,60.0,0.0,15.5,854.0
2024-08-28 16:00:00,0.0,23.1,63.0,0.0,15.8,717.0
2024-08-28 17:00:00,0.0,22.2,67.0,0.0,14.6,530.0
2024-08-28 18:00:00,0.0,21.0,76.0,0.0,12.4,314.0
2024-08-28 19:00:00,0.0,20.2,80.0,0.0,10.4,106.0
2024-08-28 20:00:00,0.0,19.8,82.0,1.0,9.2,2.0
2024-08-28 21:00:00,0.0,19.6,83.0,2.0,7.3,0.0
2024-08-28 22:00:00,0.0,19.4,84.0,4.0,5.7,0.0
2024-08-28 23:00:00,0.0,19.1,85.0,3.0,4.5,0.0
2024-08-29 00:00:00,0.0,18.7,89.0,6.0,4.0,0.0
2024-08-29 01:00:00,0.0,18.2,92.0,2.0,3.3,0.0
2024-08-29 02:00:00,0.0,18.6,90.0,27.0,1.3,0.0
2024-08-29 03:00:00,0.0,18.1,93.0,100.0,2.6,0.0
2024-08-29 04:00:00,0.0,18.8,88.0,100.0,2.1,0.0
2024-08-29 05:00:00,0.0,18.7,87.0,100.0,1.8,0.0
2024-08-29 06:00:00,0.0,18.4,90.0,99.0,1.1,0.0
2024-08-29 07:00:00,0.0,18.6,89.0,100.0,1.6,7.0
2024-08-29 08:00:00,0.0,19.1,85.0,44.0,0.4,73.0
2024-08-29 09:00:00,0.0,20.6,75.0,99.0,2.5,307.0
2024-08-29 10:00:00,0.0,22.5,66.0,46.0,5.9,515.0
2024-08-29 11:00:00,0.0,23.7,62.0,12.0,12.7,720.0
2024-08-29 12:00:00,0.0,24.1,62.0,2.0,17.5,859.0
2024-08-29 13:00:00,0.0,24.1,61.0,0.0,18.9,922.0
2024-08-29 14:00:00,0.0,23.7,63.0,0.0,20.6,914.0
2024-08-29 15:00:00,0.0,23.3,66.0,0.0,19.8,837.0
2024-08-29 16:00:00,0.0,22.8,67.0,0.0,18.1,699.0
2024-08-29 17:00:00,0.0,22.3,68.0,0.0,16.3,515.0
2024-08-29 18:00:00,0.0,20.9,73.0,0.0,16.0,301.0
2024-08-29 19:00:00,0.0,20.1,77.0,8.0,13.1,99.0
2024-08-29 20:00:00,0.0,19.7,78.0,5.0,9.5,2.0
2024-08-29 21:00:00,0.0,19.6,79.0,0.0,9.0,0.0
2024-08-29 22:00:00,0.0,19.5,80.0,0.0,8.2,0.0
2024-08-29 23:00:00,0.0,19.4,81.0,0.0,7.5,0.0
2024-08-30 00:00:00,0.0,19.1,83.0,0.0,6.5,0.0
2024-08-30 01:00:00,0.0,18.6,85.0,0.0,6.6,0.0
2024-08-30 02:00:00,0.0,18.2,86.0,0.0,6.4,0.0
2024-08-30 03:00:00,0.0,17.6,89.0,2.0,6.9,0.0
2024-08-30 04:00:00,0.0,17.1,91.0,5.0,6.6,0.0
2024-08-30 05:00:00,0.0,16.9,93.0,11.0,7.4,0.0
2024-08-30 06:00:00,0.0,18.7,85.0,100.0,5.2,0.0
2024-08-30 07:00:00,0.0,19.0,84.0,100.0,6.1,7.0
2024-08-30 08:00:00,0.0,19.5,82.0,100.0,4.0,82.0
2024-08-30 09:00:00,0.0,20.2,79.0,100.0,1.0,174.0
2024-08-30 10:00:00,0.0,21.4,74.0,100.0,4.2,328.0
2024-08-30 11:00:00,0.0,22.3,70.0,100.0,9.2,460.0
2024-08-30 12:00:00,0.0,23.0,68.0,99.0,12.1,587.0
2024-08-30 13:00:00,0.0,23.9,63.0,45.0,14.5,786.0
2024-08-30 14:00:00,0.0,23.9,63.0,55.0,18.7,823.0
2024-08-30 15:00:00,0.0,23.3,65.0,36.0,17.2,757.0
2024-08-30 16:00:00,0.0,23.2,66.0,12.0,16.0,619.0
2024-08-30 17:00:00,0.0,22.8,68.0,2.0,15.1,473.0
2024-08-30 18:00:00,0.0,21.5,75.0,8.0,14.8,287.0
2024-08-30 19:00:00,0.0,20.9,78.0,38.0,12.1,90.0
2024-08-30 20:00:00,0.0,20.6,79.0,3.0,10.0,1.0
2024-08-30 21:00:00,0.0,20.4,79.0,21.0,7.9,0.0
2024-08-30 22:00:00,0.0,20.2,80.0,0.0,7.0,0.0
2024-08-30 23:00:00,0.0,19.9,81.0,0.0,7.5,0.0
2024-08-31 00:00:00,0.0,19.6,82.0,0.0,7.8,0.0
2024-08-31 01:00:00,0.0,19.1,84.0,1.0,6.5,0.0
2024-08-31 02:00:00,0.0,18.8,85.0,0.0,6.4,0.0
2024-08-31 03:00:00,0.0,18.5,87.0,0.0,5.9,0.0
2024-08-31 04:00:00,0.0,18.2,89.0,1.0,6.4,0.0
2024-08-31 05:00:00,0.0,17.9,91.0,5.0,5.9,0.0
2024-08-31 06:00:00,0.0,17.5,92.0,35.0,6.6,0.0
2024-08-31 07:00:00,0.0,17.8,90.0,62.0,7.3,14.0
2024-08-31 08:00:00,0.0,19.3,83.0,36.0,5.1,142.0
2024-08-31 09:00:00,0.0,21.2,76.0,59.0,0.8,346.0
2024-08-31 10:00:00,0.0,22.8,69.0,2.0,4.9,535.0
2024-08-31 11:00:00,0.0,24.3,64.0,3.0,10.7,715.0
2024-08-31 12:00:00,0.0,24.5,65.0,7.0,16.9,830.0
2024-08-31 13:00:00,0.0,24.0,67.0,0.0,19.0,897.0
2024-08-31 14:00:00,0.0,23.8,68.0,0.0,19.2,884.0
2024-08-31 15:00:00,0.0,23.4,68.0,0.0,17.3,809.0
2024-08-31 16:00:00,0.0,23.3,69.0,0.0,14.4,675.0
2024-08-31 17:00:00,0.0,23.0,70.0,0.0,13.1,494.0
2024-08-31 18:00:00,0.0,22.3,75.0,0.0,13.6,287.0
2024-08-31 19:00:00,0.0,21.4,80.0,1.0,10.9,90.0
2024-08-31 20:00:00,0.0,21.0,83.0,1.0,7.0,1.0
2024-08-31 21:00:00,0.0,20.8,85.0,0.0,3.8,0.0
2024-08-31 22:00:00,0.0,20.5,87.0,0.0,3.7,0.0
2024-08-31 23:00:00,0.0,20.2,89.0,0.0,3.2,0.0
2024-09-01 00:00:00,0.0,20.0,90.0,0.0,3.1,0.0
2024-09-01 01:00:00,0.0,19.8,91.0,1.0,4.3,0.0
2024-09-01 02:00:00,0.0,19.8,91.0,8.0,1.1,0.0
2024-09-01 03:00:00,0.0,18.9,96.0,25.0,3.9,0.0
2024-09-01 04:00:00,0.0,18.8,95.0,53.0,5.6,0.0
2024-09-01 05:00:00,0.0,18.8,94.0,79.0,6.5,0.0
2024-09-01 06:00:00,0.0,18.9,93.0,100.0,4.0,0.0
2024-09-01 07:00:00,0.0,19.0,92.0,100.0,5.1,8.0
2024-09-01 08:00:00,0.0,19.2,92.0,100.0,7.7,74.0
2024-09-01 09:00:00,0.0,20.0,88.0,100.0,7.8,171.0
2024-09-01 10:00:00,0.0,21.1,83.0,100.0,6.2,276.0
2024-09-01 11:00:00,0.0,23.0,73.0,58.0,7.8,529.0
2024-09-01 12:00:00,0.0,24.3,68.0,18.0,14.3,806.0
2024-09-01 13:00:00,0.0,24.2,67.0,7.0,16.5,881.0
2024-09-01 14:00:00,0.0,24.1,66.0,12.0,18.3,872.0
2024-09-01 15:00:00,0.0,23.6,68.0,5.0,15.8,757.0
2024-09-01 16:00:00,0.0,23.4,69.0,11.0,15.0,658.0
2024-09-01 17:00:00,0.0,22.7,72.0,3.0,11.8,466.0
2024-09-01 18:00:00,0.0,21.3,78.0,4.0,14.8,278.0
2024-09-01 19:00:00,0.0,20.3,83.0,17.0,9.7,85.0
2024-09-01 20:00:00,0.0,19.9,85.0,3.0,8.4,1.0
2024-09-01 21:00:00,0.0,19.9,85.0,6.0,6.7,0.0
2024-09-01 22:00:00,0.0,19.7,86.0,0.0,5.6,0.0
2024-09-01 23:00:00,0.0,19.6,87.0,0.0,3.7,0.0
2024-09-02 00:00:00,0.0,19.4,88.0,10.0,5.4,0.0
2024-09-02 01:00:00,0.0,19.1,90.0,6.0,5.2,0.0
2024-09-02 02:00:00,0.0,18.8,92.0,13.0,3.3,0.0
2024-09-02 03:00:00,0.0,18.5,94.0,11.0,4.7,0.0
2024-09-02 04:00:00,0.0,18.0,96.0,11.0,4.7,0.0
2024-09-02 05:00:00,0.0,17.7,97.0,22.0,5.1,0.0
2024-09-02 06:00:00,0.0,17.3,99.0,100.0,2.5,0.0
2024-09-02 07:00:00,0.0,17.3,98.0,100.0,4.7,10.0
2024-09-02 08:00:00,0.0,18.2,94.0,97.0,5.4,104.0
2024-09-02 09:00:00,0.0,20.8,80.0,0.0,4.6,333.0
2024-09-02 10:00:00,0.0,23.2,70.0,2.0,8.3,557.0
2024-09-02 11:00:00,0.0,24.3,66.0,0.0,13.8,723.0
2024-09-02 12:00:00,0.0,24.4,66.0,0.0,15.8,837.0
2024-09-02 13:00:00,0.0,24.6,65.0,1.0,15.9,890.0
2024-09-02 14:00:00,0.0,24.7,65.0,0.0,15.4,875.0
2024-09-02 15:00:00,0.0,24.4,67.0,3.0,16.6,799.0
2024-09-02 16:00:00,0.0,23.8,69.0,1.0,16.1,657.0
2024-09-02 17:00:00,0.0,23.2,71.0,0.0,13.7,483.0
2024-09-02 18:00:00,0.0,21.8,79.0,2.0,13.9,277.0
2024-09-02 19:00:00,0.0,20.8,85.0,4.0,9.8,83.0
2024-09-02 20:00:00,0.0,20.3,87.0,5.0,6.5,1.0
2024-09-02 21:00:00,0.0,20.2,87.0,2.0,2.6,0.0
2024-09-02 22:00:00,0.0,20.0,87.0,0.0,1.8,0.0
2024-09-02 23:00:00,0.0,19.9,88.0,0.0,0.8,0.0
2024-09-03 00:00:00,0.0,19.9,88.0,0.0,1.5,0.0
2024-09-03 01:00:00,0.0,19.6,90.0,0.0,1.8,0.0
2024-09-03 02:00:00,0.0,19.3,93.0,0.0,3.1,0.0
2024-09-03 03:00:00,0.0,19.1,95.0,0.0,3.6,0.0
2024-09-03 04:00:00,0.0,18.9,96.0,0.0,4.0,0.0
2024-09-03 05:00:00,0.0,18.6,97.0,0.0,4.9,0.0
2024-09-03 06:00:00,0.0,19.3,92.0,0.0,1.9,0.0
2024-09-03 07:00:00,0.0,19.0,94.0,0.0,1.6,14.0
2024-09-03 08:00:00,0.0,20.6,85.0,0.0,3.2,154.0
2024-09-03 09:00:00,0.0,22.9,75.0,0.0,3.6,361.0
2024-09-03 10:00:00,0.0,25.1,66.0,0.0,7.7,560.0
2024-09-03 11:00:00,0.0,26.4,62.0,0.0,11.9,726.0
2024-09-03 12:00:00,0.0,26.7,62.0,0.0,16.0,840.0
2024-09-03 13:00:00,0.0,26.0,64.0,0.0,17.6,892.0
2024-09-03 14:00:00,0.0,25.7,65.0,0.0,17.1,880.0
2024-09-03 15:00:00,0.0,25.7,64.0,0.0,13.2,803.0
2024-09-03 16:00:00,0.0,25.5,62.0,0.0,14.9,665.0
2024-09-03 17:00:00,0.0,24.4,65.0,0.0,14.1,483.0
2024-09-03 18:00:00,0.0,24.3,64.0,0.0,12.0,278.0
2024-09-03 19:00:00,0.0,22.7,71.0,0.0,8.0,82.0
2024-09-03 20:00:00,0.0,21.9,77.0,0.0,6.3,0.0
2024-09-03 21:00:00,0.0,21.4,81.0,0.0,6.1,0.0
2024-09-03 22:00:00,0.0,20.9,85.0,0.0,5.0,0.0
2024-09-03 23:00:00,0.0,20.8,87.0,0.0,1.8,0.0
2024-09-04 00:00:00,0.0,20.5,88.0,0.0,4.0,0.0
2024-09-04 01:00:00,0.0,20.0,91.0,0.0,4.7,0.0
2024-09-04 02:00:00,0.0,19.5,93.0,0.0,2.1,0.0
2024-09-04 03:00:00,0.0,19.3,94.0,0.0,3.1,0.0
2024-09-04 04:00:00,0.0,19.0,96.0,0.0,4.4,0.0
2024-09-04 05:00:00,0.0,18.8,96.0,0.0,5.1,0.0
2024-09-04 06:00:00,0.0,19.1,96.0,11.0,5.0,0.0
2024-09-04 07:00:00,0.0,19.7,95.0,16.0,6.3,13.0
2024-09-04 08:00:00,0.0,22.1,88.0,0.0,6.0,151.0
2024-09-04 09:00:00,0.0,24.1,77.0,0.0,9.2,357.0
2024-09-04 10:00:00,0.0,26.5,64.0,0.0,11.5,558.0
2024-09-04 11:00:00,0.0,28.7,54.0,0.0,14.3,724.0
2024-09-04 12:00:00,0.0,29.6,50.0,0.0,17.4,839.0
2024-09-04 13:00:00,0.0,29.6,49.0,0.0,20.3,893.0
2024-09-04 14:00:00,0.0,29.1,51.0,0.0,21.6,884.0
2024-09-04 15:00:00,0.0,28.1,56.0,2.0,20.3,802.0
2024-09-04 16:00:00,0.0,27.6,59.0,4.0,15.3,656.0
2024-09-04 17:00:00,0.0,27.0,61.0,1.0,13.6,471.0
2024-09-04 18:00:00,0.0,25.4,66.0,4.0,12.2,269.0
2024-09-04 19:00:00,0.0,24.0,73.0,0.0,9.1,76.0
2024-09-04 20:00:00,0.0,23.3,78.0,0.0,6.5,0.0
2024-09-04 21:00:00,0.0,23.2,78.0,0.0,7.9,0.0
2024-09-04 22:00:00,0.0,22.8,79.0,0.0,6.2,0.0
2024-09-04 23:00:00,0.0,22.1,84.0,0.0,4.8,0.0
2024-09-05 00:00:00,0.0,21.7,87.0,0.0,6.2,0.0
2024-09-05 01:00:00,0.0,21.4,88.0,0.0,1.8,0.0
2024-09-05 02:00:00,0.0,21.0,89.0,0.0,2.6,0.0
2024-09-05 03:00:00,0.0,20.3,92.0,0.0,3.5,0.0
2024-09-05 04:00:00,0.0,20.2,91.0,0.0,3.3,0.0
2024-09-05 05:00:00,0.0,20.0,90.0,0.0,3.3,0.0
2024-09-05 06:00:00,0.0,19.1,94.0,0.0,8.2,0.0
2024-09-05 07:00:00,0.0,19.5,87.0,0.0,7.9,13.0
2024-09-05 08:00:00,0.0,22.2,72.0,0.0,2.4,153.0
2024-09-05 09:00:00,0.0,25.1,61.0,0.0,4.7,361.0
2024-09-05 10:00:00,0.0,27.6,55.0,0.0,9.0,560.0
2024-09-05 11:00:00,0.0,29.1,54.0,0.0,14.4,725.0
2024-09-05 12:00:00,0.0,29.9,50.0,0.0,17.3,838.0
2024-09-05 13:00:00,0.0,30.4,45.0,1.0,18.4,892.0
2024-09-05 14:00:00,0.0,31.0,44.0,10.0,15.8,880.0
2024-09-05 15:00:00,0.0,32.2,36.0,3.0,15.6,762.0
2024-09-05 16:00:00,0.0,32.8,34.0,10.0,14.5,657.0
2024-09-05 17:00:00,0.0,30.1,47.0,7.0,12.7,454.0
2024-09-05 18:00:00,0.0,27.7,59.0,7.0,11.9,259.0
2024-09-05 19:00:00,0.0,26.5,61.0,9.0,4.1,73.0
2024-09-05 20:00:00,0.0,25.7,66.0,11.0,4.2,0.0
2024-09-05 21:00:00,0.0,24.5,71.0,9.0,4.1,0.0
2024-09-05 22:00:00,0.0,23.6,76.0,4.0,3.2,0.0
2024-09-05 23:00:00,0.0,23.5,77.0,6.0,4.2,0.0
2024-09-06 00:00:00,0.0,22.5,81.0,10.0,6.5,0.0
2024-09-06 01:00:00,0.0,21.8,82.0,2.0,5.1,0.0
2024-09-06 02:00:00,0.0,21.5,82.0,1.0,3.6,0.0
2024-09-06 03:00:00,0.0,21.3,80.0,0.0,6.1,0.0
2024-09-06 04:00:00,0.0,20.8,80.0,0.0,5.9,0.0
2024-09-06 05:00:00,0.0,20.7,77.0,0.0,6.8,0.0
2024-09-06 06:00:00,0.0,22.3,77.0,5.0,1.8,0.0
2024-09-06 07:00:00,0.0,21.1,75.0,25.0,6.5,12.0
2024-09-06 08:00:00,0.0,24.7,57.0,21.0,2.6,144.0
2024-09-06 09:00:00,0.0,27.8,51.0,16.0,4.0,336.0
2024-09-06 10:00:00,0.0,29.6,49.0,0.0,11.5,544.0
2024-09-06 11:00:00,0.0,28.8,54.0,14.0,16.2,727.0
2024-09-06 12:00:00,0.0,28.8,53.0,11.0,19.4,823.0
2024-09-06 13:00:00,0.0,28.5,53.0,12.0,19.2,894.0
2024-09-06 14:00:00,0.0,27.9,55.0,13.0,16.6,840.0
2024-09-06 15:00:00,0.0,28.0,53.0,9.0,15.4,759.0
2024-09-06 16:00:00,0.0,27.6,55.0,9.0,15.3,646.0
2024-09-06 17:00:00,0.0,27.1,56.0,3.0,15.2,470.0
2024-09-06 18:00:00,0.0,24.9,68.0,18.0,11.7,240.0
2024-09-06 19:00:00,0.0,23.5,77.0,23.0,6.2,68.0
2024-09-06 20:00:00,0.0,22.9,79.0,5.0,3.3,0.0
2024-09-06 21:00:00,0.0,23.5,76.0,2.0,2.8,0.0
2024-09-06 22:00:00,0.0,23.1,78.0,17.0,4.2,0.0
2024-09-06 23:00:00,0.0,21.7,86.0,29.0,4.7,0.0
2024-09-07 00:00:00,0.0,21.3,88.0,17.0,2.9,0.0
2024-09-07 01:00:00,0.0,21.0,88.0,17.0,0.8,0.0
2024-09-07 02:00:00,0.0,20.8,89.0,32.0,3.1,0.0
2024-09-07 03:00:00,0.0,20.8,85.0,17.0,2.6,0.0
2024-09-07 04:00:00,0.0,21.0,81.0,1.0,5.9,0.0
2024-09-07 05:00:00,0.0,21.0,79.0,5.0,6.1,0.0
2024-09-07 06:00:00,0.0,21.1,80.0,2.0,5.4,0.0
2024-09-07 07:00:00,0.0,21.7,76.0,3.0,4.3,11.0
2024-09-07 08:00:00,0.0,24.6,63.0,0.0,1.3,149.0
2024-09-07 09:00:00,0.0,27.1,55.0,0.0,6.5,356.0
2024-09-07 10:00:00,0.0,28.6,53.0,8.0,11.5,558.0
2024-09-07 11:00:00,0.0,29.5,49.0,34.0,16.4,714.0
2024-09-07 12:00:00,0.0,29.8,47.0,37.0,13.7,820.0
2024-09-07 13:00:00,0.0,31.3,42.0,36.0,13.1,852.0
2024-09-07 14:00:00,0.0,30.7,43.0,40.0,16.3,821.0
2024-09-07 15:00:00,0.0,28.8,53.0,36.0,14.2,766.0
2024-09-07 16:00:00,0.0,29.4,49.0,19.0,7.4,624.0
2024-09-07 17:00:00,0.0,31.1,41.0,12.0,14.5,453.0
2024-09-07 18:00:00,0.0,29.8,53.0,0.0,11.3,252.0
2024-09-07 19:00:00,0.0,27.7,61.0,4.0,5.4,67.0
2024-09-07 20:00:00,0.0,26.5,67.0,13.0,4.7,0.0
2024-09-07 21:00:00,0.0,25.5,74.0,26.0,6.6,0.0
2024-09-07 22:00:00,0.0,24.4,79.0,4.0,10.5,0.0
2024-09-07 23:00:00,0.0,24.8,74.0,2.0,7.7,0.0
2024-09-08 00:00:00,0.0,24.6,75.0,0.0,1.8,0.0
2024-09-08 01:00:00,0.0,23.1,84.0,7.0,5.9,0.0
2024-09-08 02:00:00,0.0,21.6,95.0,13.0,4.7,0.0
2024-09-08 03:00:00,0.0,21.1,98.0,13.0,4.1,0.0
2024-09-08 04:00:00,0.0,21.4,95.0,9.0,6.9,0.0
2024-09-08 05:00:00,0.0,22.1,85.0,5.0,10.5,0.0
2024-09-08 06:00:00,0.0,23.5,60.0,0.0,10.4,0.0
2024-09-08 07:00:00,0.0,23.4,51.0,0.0,6.6,11.0
2024-09-08 08:00:00,0.0,26.8,37.0,0.0,4.7,147.0
2024-09-08 09:00:00,0.0,30.5,30.0,2.0,4.7,353.0
2024-09-08 10:00:00,0.0,32.4,33.0,1.0,9.9,552.0
2024-09-08 11:00:00,0.0,33.6,37.0,12.0,14.5,718.0
2024-09-08 12:00:00,0.0,34.3,38.0,1.0,15.5,833.0
2024-09-08 13:00:00,0.0,32.7,44.0,3.0,19.4,861.0
2024-09-08 14:00:00,0.0,31.7,46.0,10.0,12.6,832.0
2024-09-08 15:00:00,0.0,33.1,38.0,4.0,13.3,699.0
2024-09-08 16:00:00,0.0,33.0,39.0,0.0,20.5,625.0
2024-09-08 17:00:00,0.0,31.6,42.0,0.0,15.2,466.0
2024-09-08 18:00:00,0.0,32.0,40.0,44.0,10.7,176.0
2024-09-08 19:00:00,0.0,29.5,51.0,5.0,9.2,52.0
2024-09-08 20:00:00,0.0,26.7,62.0,0.0,13.6,0.0
2024-09-08 21:00:00,0.0,26.3,62.0,0.0,11.5,0.0
2024-09-08 22:00:00,0.0,27.5,52.0,0.0,6.4,0.0
2024-09-08 23:00:00,0.0,27.5,50.0,0.0,1.1,0.0
2024-09-09 00:00:00,0.0,25.6,62.0,0.0,10.8,0.0
2024-09-09 01:00:00,0.0,24.5,69.0,0.0,9.3,0.0
2024-09-09 02:00:00,0.0,24.2,70.0,0.0,0.4,0.0
2024-09-09 03:00:00,0.0,22.4,83.0,0.0,5.6,0.0
2024-09-09 04:00:00,0.0,21.2,92.0,0.0,4.1,0.0
2024-09-09 05:00:00,0.0,20.6,95.0,0.0,1.1,0.0
2024-09-09 06:00:00,0.0,20.9,99.0,14.0,3.1,0.0
2024-09-09 07:00:00,0.0,20.7,98.0,24.0,4.6,10.0
2024-09-09 08:00:00,0.0,22.6,87.0,2.0,3.1,140.0
2024-09-09 09:00:00,0.0,25.1,74.0,3.0,4.6,345.0
2024-09-09 10:00:00,0.0,27.6,60.0,6.0,8.1,542.0
2024-09-09 11:00:00,0.0,29.9,50.0,5.0,9.5,707.0
2024-09-09 12:00:00,0.0,30.6,48.0,37.0,15.1,822.0
2024-09-09 13:00:00,0.0,29.9,50.0,1.0,15.6,858.0
2024-09-09 14:00:00,0.0,30.5,45.0,1.0,14.2,859.0
2024-09-09 15:00:00,0.0,29.7,49.0,1.0,14.5,780.0
2024-09-09 16:00:00,0.0,28.8,53.0,1.0,14.2,640.0
2024-09-09 17:00:00,0.0,28.1,56.0,0.0,11.9,457.0
2024-09-09 18:00:00,0.0,29.2,49.0,0.0,11.7,249.0
2024-09-09 19:00:00,0.0,27.5,55.0,0.0,9.4,62.0
2024-09-09 20:00:00,0.0,27.0,53.0,0.0,4.3,0.0
2024-09-09 21:00:00,0.0,27.1,50.0,0.0,6.2,0.0
2024-09-09 22:00:00,0.0,26.3,51.0,0.0,9.8,0.0
2024-09-09 23:00:00,0.0,25.5,56.0,0.0,11.0,0.0
2024-09-10 00:00:00,0.0,24.7,62.0,0.0,7.9,0.0
2024-09-10 01:00:00,0.0,23.7,68.0,0.0,4.6,0.0
2024-09-10 02:00:00,0.0,23.3,71.0,0.0,3.9,0.0
2024-09-10 03:00:00,0.0,23.5,71.0,0.0,3.2,0.0
2024-09-10 04:00:00,0.0,22.3,79.0,0.0,4.0,0.0
2024-09-10 05:00:00,0.0,21.3,88.0,0.0,5.1,0.0
2024-09-10 06:00:00,0.0,20.6,82.0,0.0,7.3,0.0
2024-09-10 07:00:00,0.0,21.2,81.0,0.0,7.6,10.0
2024-09-10 08:00:00,0.0,23.4,70.0,0.0,7.1,144.0
2024-09-10 09:00:00,0.0,25.2,60.0,0.0,9.7,353.0
2024-09-10 10:00:00,0.0,27.0,53.0,0.0,11.4,554.0
2024-09-10 11:00:00,0.0,28.1,51.0,0.0,17.2,719.0
2024-09-10 12:00:00,0.0,28.0,52.0,0.0,22.9,829.0
2024-09-10 13:00:00,0.0,27.8,53.0,0.0,24.2,880.0
2024-09-10 14:00:00,0.0,28.1,50.0,0.0,22.8,864.0
2024-09-10 15:00:00,0.0,28.0,49.0,0.0,23.2,785.0
2024-09-10 16:00:00,0.0,26.7,56.0,0.0,25.3,646.0
2024-09-10 17:00:00,0.0,25.6,61.0,0.0,22.5,461.0
2024-09-10 18:00:00,0.0,23.9,72.0,0.0,16.0,251.0
2024-09-10 19:00:00,0.0,22.8,77.0,0.0,12.8,60.0
2024-09-10 20:00:00,0.0,22.4,79.0,0.0,11.1,0.0
2024-09-10 21:00:00,0.0,22.1,81.0,0.0,11.8,0.0
2024-09-10 22:00:00,0.0,21.6,85.0,0.0,11.2,0.0
2024-09-10 23:00:00,0.0,21.0,88.0,0.0,10.1,0.0
2024-09-11 00:00:00,0.0,20.5,90.0,2.0,10.3,0.0
2024-09-11 01:00:00,0.0,20.2,91.0,8.0,9.2,0.0
2024-09-11 02:00:00,0.0,19.8,91.0,63.0,9.0,0.0
2024-09-11 03:00:00,0.0,19.2,94.0,44.0,6.5,0.0
2024-09-11 04:00:00,0.0,18.8,95.0,99.0,4.3,0.0
2024-09-11 05:00:00,0.0,18.8,94.0,100.0,3.3,0.0
2024-09-11 06:00:00,0.0,19.2,90.0,100.0,5.0,0.0
2024-09-11 07:00:00,0.0,19.1,88.0,99.0,4.7,5.0
2024-09-11 08:00:00,0.0,19.3,84.0,99.0,5.4,52.0
2024-09-11 09:00:00,0.0,19.8,79.0,100.0,5.4,156.0
2024-09-11 10:00:00,0.0,21.0,72.0,91.0,5.7,399.0
2024-09-11 11:00:00,0.0,22.2,64.0,6.0,9.0,658.0
2024-09-11 12:00:00,0.0,23.1,61.0,1.0,13.9,849.0
2024-09-11 13:00:00,0.0,22.9,61.0,0.0,17.7,908.0
2024-09-11 14:00:00,0.0,22.8,60.0,0.0,18.6,887.0
2024-09-11 15:00:00,0.0,22.3,62.0,0.0,18.7,805.0
2024-09-11 16:00:00,0.0,21.8,64.0,1.0,16.3,661.0
2024-09-11 17:00:00,0.0,21.3,66.0,1.0,14.5,469.0
2024-09-11 18:00:00,0.0,19.9,73.0,29.0,12.7,245.0
2024-09-11 19:00:00,0.0,19.3,75.0,18.0,10.3,55.0
2024-09-11 20:00:00,0.0,19.1,75.0,19.0,8.3,0.0
2024-09-11 21:00:00,0.0,18.9,76.0,11.0,8.8,0.0
2024-09-11 22:00:00,0.0,18.7,77.0,4.0,7.2,0.0
2024-09-11 23:00:00,0.0,18.4,79.0,4.0,5.8,0.0
2024-09-12 00:00:00,0.0,18.0,82.0,17.0,6.7,0.0
2024-09-12 01:00:00,0.0,17.6,84.0,17.0,7.8,0.0
2024-09-12 02:00:00,0.0,17.0,87.0,14.0,8.1,0.0
2024-09-12 03:00:00,0.0,16.7,88.0,9.0,9.8,0.0
2024-09-12 04:00:00,0.0,16.3,90.0,7.0,10.6,0.0
2024-09-12 05:00:00,0.0,16.2,90.0,21.0,11.4,0.0
2024-09-12 06:00:00,0.0,17.6,78.0,50.0,8.4,0.0
2024-09-12 07:00:00,0.0,17.5,80.0,56.0,9.0,8.0
2024-09-12 08:00:00,0.0,18.6,77.0,68.0,12.4,106.0
2024-09-12 09:00:00,0.0,19.8,70.0,85.0,13.4,269.0
2024-09-12 10:00:00,0.0,20.9,64.0,67.0,13.1,413.0
2024-09-12 11:00:00,0.0,22.1,60.0,39.0,16.6,646.0
2024-09-12 12:00:00,0.0,22.9,57.0,18.0,19.7,796.0
2024-09-12 13:00:00,0.0,23.2,57.0,1.0,20.3,853.0
2024-09-12 14:00:00,0.0,23.2,59.0,0.0,19.1,871.0
2024-09-12 15:00:00,0.0,23.0,60.0,0.0,17.7,790.0
2024-09-12 16:00:00,0.0,22.6,64.0,1.0,15.6,647.0
2024-09-12 17:00:00,0.0,21.9,69.0,2.0,14.3,457.0
2024-09-12 18:00:00,0.0,20.3,73.0,37.0,13.8,216.0
2024-09-12 19:00:00,0.0,19.3,77.0,93.0,11.7,45.0
2024-09-12 20:00:00,0.0,19.1,78.0,100.0,9.4,0.0
2024-09-12 21:00:00,0.0,18.8,79.0,86.0,8.7,0.0
2024-09-12 22:00:00,0.0,18.7,78.0,54.0,8.4,0.0
2024-09-12 23:00:00,0.0,18.5,77.0,49.0,9.4,0.0
2024-09-13 00:00:00,0.0,18.2,78.0,66.0,10.2,0.0
2024-09-13 01:00:00,0.0,18.2,78.0,72.0,13.4,0.0
2024-09-13 02:00:00,0.0,18.2,78.0,74.0,13.7,0.0
2024-09-13 03:00:00,0.0,18.3,77.0,73.0,12.2,0.0
2024-09-13 04:00:00,0.0,18.1,78.0,58.0,11.2,0.0
2024-09-13 05:00:00,0.0,17.9,80.0,63.0,9.9,0.0
2024-09-13 06:00:00,0.0,18.3,76.0,57.0,9.7,0.0
2024-09-13 07:00:00,0.0,18.2,75.0,21.0,6.3,7.0
2024-09-13 08:00:00,0.0,19.3,67.0,31.0,8.9,133.0
2024-09-13 09:00:00,0.0,20.5,62.0,33.0,10.0,310.0
2024-09-13 10:00:00,0.0,21.6,58.0,38.0,11.6,501.0
2024-09-13 11:00:00,0.0,22.8,54.0,40.0,14.5,672.0
2024-09-13 12:00:00,0.0,23.3,54.0,64.0,17.1,765.0
2024-09-13 13:00:00,0.0,23.3,58.0,36.0,17.7,782.0
2024-09-13 14:00:00,0.0,23.5,59.0,8.0,18.6,827.0
2024-09-13 15:00:00,0.0,23.2,58.0,2.0,20.1,768.0
2024-09-13 16:00:00,0.0,22.9,60.0,0.0,17.7,638.0
2024-09-13 17:00:00,0.0,22.3,64.0,0.0,15.3,451.0
2024-09-13 18:00:00,0.0,21.0,68.0,18.0,13.4,223.0
2024-09-13 19:00:00,0.0,19.9,74.0,1.0,12.6,48.0
2024-09-13 20:00:00,0.0,19.5,76.0,2.0,10.2,0.0
2024-09-13 21:00:00,0.0,19.3,77.0,1.0,7.8,0.0
2024-09-13 22:00:00,0.0,19.0,78.0,3.0,4.9,0.0
2024-09-13 23:00:00,0.0,18.6,80.0,2.0,3.4,0.0
2024-09-14 00:00:00,0.0,18.1,81.0,2.0,6.2,0.0
2024-09-14 01:00:00,0.0,17.5,84.0,1.0,8.4,0.0
2024-09-14 02:00:00,0.0,17.0,86.0,0.0,9.0,0.0
2024-09-14 03:00:00,0.0,16.6,89.0,0.0,9.1,0.0
2024-09-14 04:00:00,0.0,16.2,90.0,3.0,9.8,0.0
2024-09-14 05:00:00,0.0,16.0,92.0,4.0,9.8,0.0
2024-09-14 06:00:00,0.0,16.7,89.0,22.0,8.6,0.0
2024-09-14 07:00:00,0.0,17.0,88.0,1.0,8.3,8.0
2024-09-14 08:00:00,0.0,18.7,78.0,2.0,7.3,136.0
2024-09-14 09:00:00,0.0,20.4,70.0,6.0,4.7,345.0
2024-09-14 10:00:00,0.0,21.9,62.0,51.0,3.8,522.0
2024-09-14 11:00:00,0.0,23.2,58.0,0.0,8.4,666.0
2024-09-14 12:00:00,0.0,23.9,57.0,1.0,14.2,830.0
2024-09-14 13:00:00,0.0,23.8,57.0,0.0,17.1,879.0
2024-09-14 14:00:00,0.0,23.8,57.0,0.0,17.7,860.0
2024-09-14 15:00:00,0.0,23.4,59.0,0.0,17.8,775.0
2024-09-14 16:00:00,0.0,22.9,60.0,0.0,16.1,632.0
2024-09-14 17:00:00,0.0,22.2,62.0,0.0,14.7,444.0
2024-09-14 18:00:00,0.0,21.2,65.0,0.0,12.4,235.0
2024-09-14 19:00:00,0.0,20.3,70.0,0.0,8.8,48.0
2024-09-14 20:00:00,0.0,20.2,72.0,3.0,5.8,0.0
2024-09-14 21:00:00,0.0,20.0,72.0,6.0,5.2,0.0
2024-09-14 22:00:00,0.0,19.7,75.0,6.0,6.3,0.0
2024-09-14 23:00:00,0.0,19.1,79.0,2.0,5.2,0.0
2024-09-15 00:00:00,0.0,18.7,82.0,2.0,5.1,0.0
2024-09-15 01:00:00,0.0,18.2,85.0,9.0,4.7,0.0
2024-09-15 02:00:00,0.0,17.7,87.0,4.0,5.4,0.0
2024-09-15 03:00:00,0.0,17.2,88.0,8.0,6.8,0.0
2024-09-15 04:00:00,0.0,16.7,89.0,4.0,7.4,0.0
2024-09-15 05:00:00,0.0,16.3,91.0,13.0,7.2,0.0
2024-09-15 06:00:00,0.0,18.1,86.0,0.0,8.1,0.0
2024-09-15 07:00:00,0.0,18.5,84.0,21.0,8.2,6.0
2024-09-15 08:00:00,0.0,19.7,77.0,71.0,9.3,126.0
2024-09-15 09:00:00,0.0,20.6,72.0,100.0,8.4,263.0
2024-09-15 10:00:00,0.1,20.6,75.0,100.0,10.7,181.0
2024-09-15 11:00:00,0.1,20.5,77.0,100.0,16.3,229.0
2024-09-15 12:00:00,0.0,21.3,71.0,100.0,16.6,432.0
2024-09-15 13:00:00,0.0,21.1,70.0,100.0,15.6,372.0
2024-09-15 14:00:00,0.0,21.4,67.0,100.0,15.2,449.0
2024-09-15 15:00:00,0.0,20.9,69.0,22.0,14.0,328.0
2024-09-15 16:00:00,0.0,21.4,66.0,28.0,11.8,515.0
2024-09-15 17:00:00,0.0,20.9,67.0,33.0,12.0,362.0
2024-09-15 18:00:00,0.0,20.1,70.0,40.0,11.5,197.0
2024-09-15 19:00:00,0.0,19.4,73.0,59.0,11.7,33.0
2024-09-15 20:00:00,0.0,19.3,73.0,54.0,10.5,0.0
2024-09-15 21:00:00,0.0,19.3,72.0,76.0,8.7,0.0
2024-09-15 22:00:00,0.0,19.1,72.0,100.0,8.6,0.0
2024-09-15 23:00:00,0.0,19.1,71.0,100.0,8.5,0.0
2024-09-16 00:00:00,0.0,19.0,69.0,97.0,7.2,0.0
2024-09-16 01:00:00,0.0,18.6,69.0,75.0,6.5,0.0
2024-09-16 02:00:00,0.0,18.3,72.0,99.0,6.2,0.0
2024-09-16 03:00:00,0.0,18.4,76.0,100.0,8.7,0.0
2024-09-16 04:00:00,0.0,18.5,74.0,100.0,9.3,0.0
2024-09-16 05:00:00,0.0,18.4,74.0,100.0,9.2,0.0
2024-09-16 06:00:00,0.1,18.3,79.0,100.0,12.1,0.0
2024-09-16 07:00:00,0.0,18.1,81.0,80.0,13.5,4.0
2024-09-16 08:00:00,0.3,18.5,79.0,100.0,14.8,69.0
2024-09-16 09:00:00,0.2,18.8,78.0,98.0,14.7,149.0
2024-09-16 10:00:00,0.1,20.0,69.0,69.0,14.9,339.0
2024-09-16 11:00:00,0.0,21.0,62.0,85.0,17.3,484.0
2024-09-16 12:00:00,0.0,21.6,56.0,95.0,18.9,626.0
2024-09-16 13:00:00,0.0,22.2,52.0,47.0,18.7,700.0
2024-09-16 14:00:00,0.0,22.4,50.0,41.0,20.5,717.0
2024-09-16 15:00:00,0.0,21.8,55.0,52.0,23.4,690.0
2024-09-16 16:00:00,0.0,21.0,54.0,5.0,22.5,523.0
2024-09-16 17:00:00,0.0,20.6,57.0,1.0,21.2,426.0
2024-09-16 18:00:00,0.0,19.8,62.0,41.0,17.8,203.0
2024-09-16 19:00:00,0.0,19.4,63.0,35.0,18.2,35.0
2024-09-16 20:00:00,0.0,19.0,65.0,48.0,18.4,0.0
2024-09-16 21:00:00,0.0,18.6,66.0,27.0,16.3,0.0
2024-09-16 22:00:00,0.0,18.2,68.0,6.0,13.8,0.0
2024-09-16 23:00:00,0.0,17.6,71.0,11.0,10.6,0.0
2024-09-17 00:00:00,0.0,17.1,73.0,23.0,8.6,0.0
2024-09-17 01:00:00,0.0,16.9,74.0,28.0,7.8,0.0
2024-09-17 02:00:00,0.0,16.2,80.0,22.0,4.7,0.0
2024-09-17 03:00:00,0.0,17.0,72.0,30.0,2.2,0.0
2024-09-17 04:00:00,0.0,16.6,74.0,33.0,0.4,0.0
2024-09-17 05:00:00,0.0,16.2,77.0,35.0,2.5,0.0
2024-09-17 06:00:00,0.0,14.7,85.0,40.0,10.3,0.0
2024-09-17 07:00:00,0.0,14.9,81.0,46.0,12.4,6.0
2024-09-17 08:00:00,0.0,17.1,68.0,36.0,12.0,112.0
2024-09-17 09:00:00,0.0,18.7,62.0,29.0,7.1,284.0
2024-09-17 10:00:00,0.0,20.0,55.0,37.0,4.2,468.0
2024-09-17 11:00:00,0.0,21.0,53.0,86.0,10.5,592.0
2024-09-17 12:00:00,0.0,21.3,54.0,54.0,14.1,557.0
2024-09-17 13:00:00,0.0,22.0,52.0,21.0,15.2,654.0
2024-09-17 14:00:00,0.0,21.9,52.0,18.0,18.3,698.0
2024-09-17 15:00:00,0.0,21.9,53.0,10.0,19.1,725.0
2024-09-17 16:00:00,0.0,21.7,54.0,4.0,18.5,592.0
2024-09-17 17:00:00,0.0,21.4,55.0,8.0,16.2,418.0
2024-09-17 18:00:00,0.0,19.9,64.0,0.0,13.6,211.0
2024-09-17 19:00:00,0.0,19.3,66.0,1.0,7.7,38.0
2024-09-17 20:00:00,0.0,19.2,67.0,2.0,5.6,0.0
2024-09-17 21:00:00,0.0,19.1,68.0,12.0,4.0,0.0
2024-09-17 22:00:00,0.0,18.6,71.0,23.0,4.4,0.0
2024-09-17 23:00:00,0.0,17.9,79.0,24.0,3.2,0.0
2024-09-18 00:00:00,0.0,17.2,82.0,39.0,3.8,0.0
2024-09-18 01:00:00,0.0,16.9,81.0,37.0,6.2,0.0
2024-09-18 02:00:00,0.0,16.5,80.0,20.0,8.7,0.0
2024-09-18 03:00:00,0.0,16.2,81.0,2.0,9.3,0.0
2024-09-18 04:00:00,0.0,15.5,84.0,0.0,8.9,0.0
2024-09-18 05:00:00,0.0,15.1,86.0,2.0,8.4,0.0
2024-09-18 06:00:00,0.0,15.4,83.0,51.0,9.1,0.0
2024-09-18 07:00:00,0.0,15.5,82.0,100.0,10.5,5.0
2024-09-18 08:00:00,0.0,17.5,72.0,98.0,10.1,72.0
2024-09-18 09:00:00,0.0,18.8,66.0,97.0,7.2,154.0
2024-09-18 10:00:00,0.0,20.0,63.0,100.0,3.2,336.0
2024-09-18 11:00:00,0.0,21.0,59.0,100.0,4.1,440.0
2024-09-18 12:00:00,0.0,22.1,55.0,53.0,8.3,554.0
2024-09-18 13:00:00,0.0,23.0,52.0,4.0,15.1,814.0
2024-09-18 14:00:00,0.0,22.5,55.0,1.0,18.8,831.0
2024-09-18 15:00:00,0.0,22.1,57.0,2.0,19.0,746.0
2024-09-18 16:00:00,0.0,21.8,58.0,3.0,17.4,601.0
2024-09-18 17:00:00,0.0,21.4,59.0,0.0,14.5,409.0
2024-09-18 18:00:00,0.0,19.8,70.0,95.0,13.4,156.0
2024-09-18 19:00:00,0.0,19.0,74.0,98.0,10.0,24.0
2024-09-18 20:00:00,0.0,18.8,76.0,98.0,8.3,0.0
2024-09-18 21:00:00,0.0,18.8,75.0,100.0,6.9,0.0
2024-09-18 22:00:00,0.0,18.7,74.0,100.0,6.5,0.0
2024-09-18 23:00:00,0.0,18.6,74.0,100.0,6.9,0.0
2024-09-19 00:00:00,0.0,18.4,75.0,98.0,6.5,0.0
2024-09-19 01:00:00,0.0,18.2,75.0,100.0,5.4,0.0
2024-09-19 02:00:00,0.0,18.2,75.0,100.0,5.8,0.0
2024-09-19 03:00:00,0.0,18.3,74.0,100.0,6.6,0.0
2024-09-19 04:00:00,0.0,18.1,75.0,100.0,6.3,0.0
2024-09-19 05:00:00,0.0,17.9,76.0,100.0,5.2,0.0
2024-09-19 06:00:00,0.0,18.2,75.0,57.0,7.2,0.0
2024-09-19 07:00:00,0.0,17.9,77.0,33.0,5.5,4.0
2024-09-19 08:00:00,0.0,18.7,70.0,32.0,5.4,93.0
2024-09-19 09:00:00,0.0,19.8,64.0,20.0,6.5,257.0
2024-09-19 10:00:00,0.0,20.8,59.0,51.0,6.7,405.0
2024-09-19 11:00:00,0.0,21.7,55.0,99.0,9.5,524.0
2024-09-19 12:00:00,0.0,21.7,60.0,42.0,14.0,491.0
2024-09-19 13:00:00,0.0,22.5,58.0,1.0,17.3,734.0
2024-09-19 14:00:00,0.0,22.6,59.0,3.0,18.7,800.0
2024-09-19 15:00:00,0.0,22.6,60.0,27.0,18.0,713.0
2024-09-19 16:00:00,0.0,22.2,62.0,20.0,18.4,519.0
2024-09-19 17:00:00,0.0,21.5,63.0,10.0,15.8,374.0
2024-09-19 18:00:00,0.0,20.6,65.0,100.0,15.1,163.0
2024-09-19 19:00:00,0.0,19.7,72.0,18.0,12.6,20.0
2024-09-19 20:00:00,0.0,19.5,73.0,38.0,9.2,0.0
2024-09-19 21:00:00,0.0,19.4,72.0,45.0,9.0,0.0
2024-09-19 22:00:00,0.0,19.1,73.0,12.0,7.0,0.0
2024-09-19 23:00:00,0.0,18.8,76.0,91.0,6.0,0.0
2024-09-20 00:00:00,0.0,18.7,78.0,36.0,4.8,0.0
2024-09-20 01:00:00,0.1,17.6,84.0,53.0,5.1,0.0
2024-09-20 02:00:00,0.0,17.4,86.0,35.0,4.0,0.0
2024-09-20 03:00:00,0.0,17.5,86.0,19.0,2.2,0.0
2024-09-20 04:00:00,0.0,17.3,86.0,20.0,1.1,0.0
2024-09-20 05:00:00,0.0,16.6,89.0,31.0,3.3,0.0
2024-09-20 06:00:00,0.0,17.6,83.0,27.0,2.2,0.0
2024-09-20 07:00:00,0.0,17.1,86.0,38.0,2.0,5.0
2024-09-20 08:00:00,0.1,17.7,82.0,100.0,2.2,101.0
2024-09-20 09:00:00,0.1,18.7,76.0,99.0,6.3,228.0
2024-09-20 10:00:00,0.2,19.2,74.0,99.0,9.7,282.0
2024-09-20 11:00:00,0.1,19.9,70.0,96.0,10.8,296.0
2024-09-20 12:00:00,0.0,21.3,65.0,51.0,14.4,576.0
2024-09-20 13:00:00,0.0,21.8,62.0,44.0,15.9,669.0
2024-09-20 14:00:00,0.0,21.9,62.0,36.0,20.4,673.0
2024-09-20 15:00:00,0.0,21.4,65.0,9.0,21.0,580.0
2024-09-20 16:00:00,0.0,21.4,61.0,13.0,15.6,541.0
2024-09-20 17:00:00,0.0,20.9,65.0,54.0,15.5,367.0
2024-09-20 18:00:00,0.0,20.2,67.0,25.0,11.6,185.0
2024-09-20 19:00:00,0.0,19.5,71.0,69.0,11.6,26.0
2024-09-20 20:00:00,0.0,18.7,80.0,1.0,11.0,0.0
2024-09-20 21:00:00,0.0,18.1,83.0,5.0,8.7,0.0
2024-09-20 22:00:00,0.0,17.8,86.0,5.0,6.1,0.0
2024-09-20 23:00:00,0.0,17.4,91.0,17.0,3.3,0.0
2024-09-21 00:00:00,0.0,17.3,91.0,100.0,1.9,0.0
2024-09-21 01:00:00,0.0,17.4,90.0,100.0,0.5,0.0
2024-09-21 02:00:00,0.0,17.6,89.0,100.0,0.5,0.0
2024-09-21 03:00:00,0.0,17.7,88.0,100.0,1.0,0.0
2024-09-21 04:00:00,0.0,17.8,88.0,100.0,1.9,0.0
2024-09-21 05:00:00,0.0,17.7,88.0,100.0,3.4,0.0
2024-09-21 06:00:00,0.0,17.7,86.0,100.0,4.7,0.0
2024-09-21 07:00:00,0.0,17.5,86.0,100.0,6.5,2.0
2024-09-21 08:00:00,0.0,18.3,81.0,100.0,7.9,63.0
2024-09-21 09:00:00,0.0,19.5,72.0,100.0,4.7,201.0
2024-09-21 10:00:00,0.0,20.6,68.0,99.0,1.9,329.0
2024-09-21 11:00:00,0.0,22.2,61.0,67.0,6.6,541.0
2024-09-21 12:00:00,0.0,22.9,60.0,69.0,14.0,682.0
2024-09-21 13:00:00,0.0,22.5,65.0,57.0,17.3,719.0
2024-09-21 14:00:00,0.0,22.6,65.0,24.0,17.7,708.0
2024-09-21 15:00:00,0.0,22.5,65.0,25.0,17.1,672.0
2024-09-21 16:00:00,0.0,21.9,67.0,20.0,17.9,539.0
2024-09-21 17:00:00,0.0,21.5,69.0,17.0,16.3,368.0
2024-09-21 18:00:00,0.0,20.0,75.0,6.0,15.8,176.0
2024-09-21 19:00:00,0.0,19.0,80.0,0.0,14.0,27.0
2024-09-21 20:00:00,0.0,18.6,82.0,0.0,10.9,0.0
2024-09-21 21:00:00,0.0,18.3,83.0,1.0,6.9,0.0
2024-09-21 22:00:00,0.0,18.1,85.0,4.0,6.3,0.0
2024-09-21 23:00:00,0.0,17.7,88.0,7.0,5.4,0.0
2024-09-22 00:00:00,0.0,17.4,91.0,5.0,4.8,0.0
2024-09-22 01:00:00,0.0,17.0,93.0,11.0,4.7,0.0
2024-09-22 02:00:00,0.0,16.9,93.0,16.0,5.4,0.0
2024-09-22 03:00:00,0.0,16.7,93.0,100.0,6.0,0.0
2024-09-22 04:00:00,0.0,17.0,91.0,100.0,7.1,0.0
2024-09-22 05:00:00,0.0,17.6,88.0,100.0,9.0,0.0
2024-09-22 06:00:00,0.0,18.4,84.0,100.0,9.2,0.0
2024-09-22 07:00:00,0.0,18.4,84.0,100.0,7.6,2.0
2024-09-22 08:00:00,0.0,18.6,83.0,100.0,7.3,54.0
2024-09-22 09:00:00,0.0,19.3,79.0,100.0,7.2,177.0
2024-09-22 10:00:00,0.0,21.2,70.0,0.0,6.4,450.0
2024-09-22 11:00:00,0.0,23.0,64.0,0.0,10.8,653.0
2024-09-22 12:00:00,0.0,23.6,63.0,0.0,18.3,771.0
2024-09-22 13:00:00,0.0,23.2,66.0,1.0,21.9,826.0
2024-09-22 14:00:00,0.0,23.1,66.0,2.0,19.2,804.0
2024-09-22 15:00:00,0.0,23.0,66.0,2.0,16.9,717.0
2024-09-22 16:00:00,0.0,22.7,67.0,0.0,16.8,572.0
2024-09-22 17:00:00,0.0,21.8,71.0,0.0,15.7,386.0
2024-09-22 18:00:00,0.0,20.4,78.0,2.0,14.8,183.0
2024-09-22 19:00:00,0.0,19.7,81.0,1.0,11.8,25.0
2024-09-22 20:00:00,0.0,19.4,83.0,29.0,10.7,0.0
2024-09-22 21:00:00,0.0,19.2,85.0,55.0,7.7,0.0
2024-09-22 22:00:00,0.0,18.9,87.0,42.0,5.7,0.0
2024-09-22 23:00:00,0.0,18.5,89.0,58.0,6.4,0.0
2024-09-23 00:00:00,0.0,18.2,92.0,84.0,7.6,0.0
2024-09-23 01:00:00,0.0,17.8,94.0,25.0,7.0,0.0
2024-09-23 02:00:00,0.0,17.6,95.0,28.0,6.7,0.0
2024-09-23 03:00:00,0.0,17.4,96.0,93.0,7.1,0.0
2024-09-23 04:00:00,0.0,17.4,96.0,94.0,6.9,0.0
2024-09-23 05:00:00,0.0,18.0,93.0,100.0,6.9,0.0
2024-09-23 06:00:00,0.0,18.2,92.0,100.0,7.1,0.0
2024-09-23 07:00:00,0.0,18.3,91.0,100.0,5.2,2.0
2024-09-23 08:00:00,0.0,18.4,89.0,100.0,5.4,53.0
2024-09-23 09:00:00,0.0,19.2,83.0,94.0,6.8,148.0
2024-09-23 10:00:00,0.0,21.2,73.0,2.0,6.7,444.0
2024-09-23 11:00:00,0.0,23.2,65.0,0.0,11.3,658.0
2024-09-23 12:00:00,0.0,24.5,60.0,0.0,15.5,773.0
2024-09-23 13:00:00,0.0,24.8,58.0,0.0,19.3,820.0
2024-09-23 14:00:00,0.0,24.7,59.0,0.0,19.8,800.0
2024-09-23 15:00:00,0.0,24.4,61.0,0.0,16.8,715.0
2024-09-23 16:00:00,0.0,23.3,66.0,0.0,16.9,570.0
2024-09-23 17:00:00,0.0,22.7,69.0,0.0,15.0,384.0
2024-09-23 18:00:00,0.0,21.2,76.0,0.0,11.8,180.0
2024-09-23 19:00:00,0.0,20.3,82.0,0.0,11.6,24.0
2024-09-23 20:00:00,0.0,19.8,84.0,0.0,11.5,0.0
2024-09-23 21:00:00,0.0,19.2,88.0,0.0,8.7,0.0
2024-09-23 22:00:00,0.0,18.8,91.0,0.0,5.9,0.0
2024-09-23 23:00:00,0.0,18.4,93.0,11.0,4.5,0.0
2024-09-24 00:00:00,0.0,18.1,95.0,100.0,4.9,0.0
2024-09-24 01:00:00,0.0,18.2,94.0,100.0,4.1,0.0
2024-09-24 02:00:00,0.0,18.1,94.0,100.0,5.1,0.0
2024-09-24 03:00:00,0.0,18.2,93.0,100.0,4.8,0.0
2024-09-24 04:00:00,0.0,18.3,92.0,100.0,4.5,0.0
2024-09-24 05:00:00,0.0,18.4,90.0,99.0,3.9,0.0
2024-09-24 06:00:00,0.0,18.1,88.0,100.0,4.0,0.0
2024-09-24 07:00:00,0.0,18.0,88.0,100.0,5.4,3.0
2024-09-24 08:00:00,0.0,17.9,88.0,99.0,6.5,75.0
2024-09-24 09:00:00,0.0,19.1,81.0,87.0,5.9,237.0
2024-09-24 10:00:00,0.0,21.0,73.0,32.0,6.5,490.0
2024-09-24 11:00:00,0.0,22.6,67.0,15.0,11.8,654.0
2024-09-24 12:00:00,0.0,23.5,65.0,12.0,16.4,768.0
2024-09-24 13:00:00,0.0,23.4,66.0,23.0,17.7,816.0
2024-09-24 14:00:00,0.0,23.8,64.0,16.0,14.5,778.0
2024-09-24 15:00:00,0.0,24.1,62.0,3.0,16.0,704.0
2024-09-24 16:00:00,0.0,22.6,68.0,0.0,19.5,563.0
2024-09-24 17:00:00,0.0,21.4,72.0,0.0,17.7,377.0
2024-09-24 18:00:00,0.0,20.3,77.0,0.0,14.8,175.0
2024-09-24 19:00:00,0.0,19.4,84.0,1.0,11.8,22.0
2024-09-24 20:00:00,0.0,19.0,87.0,7.0,13.0,0.0
2024-09-24 21:00:00,0.0,18.8,88.0,20.0,10.7,0.0
2024-09-24 22:00:00,0.0,18.9,87.0,85.0,8.8,0.0
2024-09-24 23:00:00,0.0,18.8,87.0,84.0,8.8,0.0
2024-09-25 00:00:00,0.0,18.3,90.0,94.0,9.3,0.0
2024-09-25 01:00:00,0.0,18.4,88.0,100.0,10.1,0.0
2024-09-25 02:00:00,0.0,18.4,88.0,100.0,9.9,0.0
2024-09-25 03:00:00,0.0,18.1,89.0,100.0,8.2,0.0
2024-09-25 04:00:00,0.0,18.2,88.0,100.0,8.7,0.0
2024-09-25 05:00:00,0.0,18.3,87.0,100.0,9.6,0.0
2024-09-25 06:00:00,0.0,18.1,85.0,99.0,9.8,0.0
2024-09-25 07:00:00,0.0,17.9,86.0,100.0,8.0,2.0
2024-09-25 08:00:00,0.0,17.9,84.0,100.0,8.6,55.0
2024-09-25 09:00:00,0.0,18.6,80.0,100.0,8.9,145.0
2024-09-25 10:00:00,0.0,20.3,72.0,89.0,8.6,361.0
2024-09-25 11:00:00,0.0,21.9,67.0,5.0,12.8,628.0
2024-09-25 12:00:00,0.0,22.2,66.0,11.0,18.1,755.0
2024-09-25 13:00:00,0.0,22.2,66.0,30.0,20.3,799.0
2024-09-25 14:00:00,0.0,22.3,64.0,18.0,19.3,778.0
2024-09-25 15:00:00,0.0,22.2,65.0,10.0,19.3,691.0
2024-09-25 16:00:00,0.0,21.7,66.0,2.0,20.1,553.0
2024-09-25 17:00:00,0.0,21.0,70.0,3.0,18.2,370.0
2024-09-25 18:00:00,0.0,19.5,74.0,1.0,15.5,169.0
2024-09-25 19:00:00,0.0,18.6,81.0,0.0,14.0,20.0
2024-09-25 20:00:00,0.0,18.3,83.0,0.0,12.1,0.0
2024-09-25 21:00:00,0.0,18.1,85.0,2.0,11.6,0.0
2024-09-25 22:00:00,0.0,17.9,87.0,1.0,10.7,0.0
2024-09-25 23:00:00,0.0,17.6,89.0,8.0,8.9,0.0
2024-09-26 00:00:00,0.0,17.2,91.0,27.0,6.1,0.0
2024-09-26 01:00:00,0.0,16.8,93.0,27.0,4.1,0.0
2024-09-26 02:00:00,0.0,16.4,96.0,87.0,5.2,0.0
2024-09-26 03:00:00,0.0,16.3,97.0,97.0,5.6,0.0
2024-09-26 04:00:00,0.0,16.7,93.0,95.0,5.8,0.0
2024-09-26 05:00:00,0.0,16.8,91.0,100.0,7.0,0.0
2024-09-26 06:00:00,0.0,17.3,87.0,100.0,6.4,0.0
2024-09-26 07:00:00,0.0,17.3,87.0,100.0,5.5,2.0
2024-09-26 08:00:00,0.0,17.6,85.0,100.0,7.3,62.0
2024-09-26 09:00:00,0.0,18.6,79.0,100.0,9.3,179.0
2024-09-26 10:00:00,0.0,20.0,73.0,100.0,10.6,318.0
2024-09-26 11:00:00,0.0,21.4,67.0,40.0,12.4,476.0
2024-09-26 12:00:00,0.0,22.8,62.0,5.0,16.2,740.0
2024-09-26 13:00:00,0.0,23.2,61.0,1.0,19.6,813.0
2024-09-26 14:00:00,0.0,22.9,61.0,2.0,22.4,791.0
2024-09-26 15:00:00,0.0,22.7,61.0,1.0,22.4,704.0
2024-09-26 16:00:00,0.0,22.4,63.0,1.0,20.6,558.0
2024-09-26 17:00:00,0.0,21.6,69.0,1.0,20.3,370.0
2024-09-26 18:00:00,0.0,20.1,76.0,0.0,16.3,167.0
2024-09-26 19:00:00,0.0,19.0,83.0,0.0,14.0,18.0
2024-09-26 20:00:00,0.0,18.8,85.0,1.0,12.6,0.0
2024-09-26 21:00:00,0.0,18.5,87.0,2.0,11.3,0.0
2024-09-26 22:00:00,0.0,18.1,90.0,2.0,10.3,0.0
2024-09-26 23:00:00,0.0,17.6,93.0,4.0,10.2,0.0
2024-09-27 00:00:00,0.0,17.1,95.0,3.0,8.3,0.0
2024-09-27 01:00:00,0.0,16.7,95.0,13.0,7.3,0.0
2024-09-27 02:00:00,0.0,16.3,96.0,86.0,6.4,0.0
2024-09-27 03:00:00,0.0,16.1,97.0,99.0,6.5,0.0
2024-09-27 04:00:00,0.0,16.4,97.0,100.0,6.3,0.0
2024-09-27 05:00:00,0.0,16.8,94.0,100.0,6.9,0.0
2024-09-27 06:00:00,0.0,16.5,93.0,100.0,8.2,0.0
2024-09-27 07:00:00,0.0,16.7,92.0,100.0,7.3,2.0
2024-09-27 08:00:00,0.0,16.7,92.0,100.0,7.3,49.0
2024-09-27 09:00:00,0.0,17.3,88.0,100.0,6.4,111.0
2024-09-27 10:00:00,0.0,18.8,79.0,90.0,6.1,257.0
2024-09-27 11:00:00,0.0,21.1,68.0,19.0,9.4,566.0
2024-09-27 12:00:00,0.0,22.4,63.0,2.0,14.0,755.0
2024-09-27 13:00:00,0.0,23.0,61.0,1.0,18.1,812.0
2024-09-27 14:00:00,0.0,23.1,61.0,0.0,20.2,791.0
2024-09-27 15:00:00,0.0,22.6,63.0,0.0,20.7,702.0
2024-09-27 16:00:00,0.0,22.1,65.0,0.0,18.6,556.0
2024-09-27 17:00:00,0.0,21.3,68.0,0.0,16.9,366.0
2024-09-27 18:00:00,0.0,19.8,73.0,0.0,14.6,165.0
2024-09-27 19:00:00,0.0,18.4,81.0,0.0,11.5,17.0
2024-09-27 20:00:00,0.0,18.1,85.0,0.0,9.8,0.0
2024-09-27 21:00:00,0.0,17.8,87.0,0.0,8.8,0.0
2024-09-27 22:00:00,0.0,17.4,90.0,0.0,6.9,0.0
2024-09-27 23:00:00,0.0,16.9,92.0,0.0,7.3,0.0
2024-09-28 00:00:00,0.0,16.3,94.0,1.0,7.3,0.0
2024-09-28 01:00:00,0.0,15.9,95.0,28.0,8.0,0.0
2024-09-28 02:00:00,0.0,15.7,97.0,100.0,8.0,0.0
2024-09-28 03:00:00,0.0,15.8,98.0,100.0,6.9,0.0
2024-09-28 04:00:00,0.0,15.9,96.0,100.0,8.5,0.0
2024-09-28 05:00:00,0.0,16.0,94.0,100.0,8.0,0.0
2024-09-28 06:00:00,0.0,15.9,92.0,100.0,7.0,0.0
2024-09-28 07:00:00,0.0,15.3,95.0,100.0,7.1,2.0
2024-09-28 08:00:00,0.0,15.6,93.0,98.0,8.0,74.0
2024-09-28 09:00:00,0.0,16.8,85.0,56.0,7.6,188.0
2024-09-28 10:00:00,0.0,19.2,74.0,15.0,7.9,460.0
2024-09-28 11:00:00,0.0,21.3,65.0,2.0,11.3,642.0
2024-09-28 12:00:00,0.0,22.3,62.0,1.0,16.2,760.0
2024-09-28 13:00:00,0.0,22.5,61.0,0.0,18.8,814.0
2024-09-28 14:00:00,0.0,22.6,61.0,0.0,18.9,791.0
2024-09-28 15:00:00,0.0,22.4,61.0,0.0,17.8,700.0
2024-09-28 16:00:00,0.0,21.9,62.0,0.0,16.0,552.0
2024-09-28 17:00:00,0.0,21.3,65.0,0.0,15.4,361.0
2024-09-28 18:00:00,0.0,20.0,67.0,0.0,12.5,158.0
2024-09-28 19:00:00,0.0,18.8,75.0,0.0,9.6,15.0
2024-09-28 20:00:00,0.0,18.3,79.0,0.0,7.6,0.0
2024-09-28 21:00:00,0.0,17.8,84.0,0.0,6.3,0.0
2024-09-28 22:00:00,0.0,17.3,89.0,0.0,5.7,0.0
2024-09-28 23:00:00,0.0,16.5,94.0,0.0,5.7,0.0
2024-09-29 00:00:00,0.0,15.6,96.0,0.0,4.5,0.0
2024-09-29 01:00:00,0.0,15.2,95.0,0.0,4.0,0.0
2024-09-29 02:00:00,0.0,14.7,95.0,3.0,4.8,0.0
2024-09-29 03:00:00,0.0,14.1,96.0,80.0,5.8,0.0
2024-09-29 04:00:00,0.0,14.9,95.0,100.0,5.8,0.0
2024-09-29 05:00:00,0.0,15.3,94.0,91.0,7.0,0.0
2024-09-29 06:00:00,0.0,14.9,97.0,100.0,8.9,0.0
2024-09-29 07:00:00,0.0,14.8,98.0,99.0,11.2,1.0
2024-09-29 08:00:00,0.0,15.1,92.0,100.0,10.7,47.0
2024-09-29 09:00:00,0.0,17.0,80.0,15.0,5.7,232.0
2024-09-29 10:00:00,0.0,19.9,66.0,4.0,8.1,480.0
2024-09-29 11:00:00,0.0,21.4,61.0,33.0,16.5,643.0
2024-09-29 12:00:00,0.0,22.0,63.0,7.0,20.8,764.0
2024-09-29 13:00:00,0.0,23.3,58.0,0.0,20.1,809.0
2024-09-29 14:00:00,0.0,24.0,54.0,0.0,18.9,786.0
2024-09-29 15:00:00,0.0,23.5,60.0,0.0,20.8,697.0
2024-09-29 16:00:00,0.0,22.7,64.0,0.0,19.5,548.0
2024-09-29 17:00:00,0.0,21.7,67.0,0.0,17.7,357.0
2024-09-29 18:00:00,0.0,20.4,74.0,0.0,15.1,154.0
2024-09-29 19:00:00,0.0,19.0,84.0,0.0,13.2,14.0
2024-09-29 20:00:00,0.0,18.5,88.0,0.0,8.1,0.0
2024-09-29 21:00:00,0.0,18.1,90.0,0.0,6.6,0.0
2024-09-29 22:00:00,0.0,17.3,94.0,0.0,5.8,0.0
2024-09-29 23:00:00,0.0,16.4,98.0,0.0,5.5,0.0
2024-09-30 00:00:00,0.0,15.7,98.0,0.0,5.9,0.0
2024-09-30 01:00:00,0.0,15.3,97.0,0.0,6.2,0.0
2024-09-30 02:00:00,0.0,15.2,96.0,31.0,6.7,0.0
2024-09-30 03:00:00,0.0,14.9,98.0,93.0,6.1,0.0
2024-09-30 04:00:00,0.0,14.4,99.0,100.0,6.0,0.0
2024-09-30 05:00:00,0.0,14.4,99.0,100.0,5.4,0.0
2024-09-30 06:00:00,0.0,15.5,95.0,99.0,4.2,0.0
2024-09-30 07:00:00,0.0,14.9,96.0,98.0,5.2,1.0
2024-09-30 08:00:00,0.0,15.1,95.0,94.0,5.1,50.0
2024-09-30 09:00:00,0.0,16.8,83.0,61.0,4.0,203.0
2024-09-30 10:00:00,0.0,19.6,69.0,16.0,6.5,465.0
2024-09-30 11:00:00,0.0,21.4,62.0,10.0,10.8,644.0
2024-09-30 12:00:00,0.0,22.4,57.0,4.0,12.6,751.0
2024-09-30 13:00:00,0.0,23.2,51.0,3.0,13.6,796.0
2024-09-30 14:00:00,0.0,23.5,49.0,1.0,13.5,770.0
2024-09-30 15:00:00,0.0,23.3,52.0,0.0,13.0,679.0
2024-09-30 16:00:00,0.0,22.4,64.0,0.0,12.3,532.0
2024-09-30 17:00:00,0.0,21.6,72.0,0.0,10.3,342.0
2024-09-30 18:00:00,0.0,20.2,83.0,0.0,9.2,143.0
2024-09-30 19:00:00,0.0,19.5,86.0,0.0,7.0,12.0
2024-09-30 20:00:00,0.0,19.3,86.0,0.0,5.0,0.0
2024-09-30 21:00:00,0.0,19.0,87.0,0.0,4.1,0.0
2024-09-30 22:00:00,0.0,18.4,90.0,0.0,2.9,0.0
2024-09-30 23:00:00,0.0,18.0,93.0,0.0,2.6,0.0
2024-10-01 00:00:00,0.0,17.9,94.0,0.0,2.7,0.0
2024-10-01 01:00:00,0.0,17.8,95.0,0.0,1.9,0.0
2024-10-01 02:00:00,0.0,17.5,97.0,2.0,2.0,0.0
2024-10-01 03:00:00,0.0,16.1,100.0,99.0,4.5,0.0
2024-10-01 04:00:00,0.0,16.3,99.0,100.0,6.9,0.0
2024-10-01 05:00:00,0.0,16.1,99.0,100.0,6.2,0.0
2024-10-01 06:00:00,0.0,17.2,94.0,100.0,4.9,0.0
2024-10-01 07:00:00,0.0,17.0,93.0,99.0,6.0,1.0
2024-10-01 08:00:00,0.0,17.5,90.0,100.0,6.7,62.0
2024-10-01 09:00:00,0.0,19.2,82.0,5.0,5.8,241.0
2024-10-01 10:00:00,0.0,22.2,68.0,9.0,8.7,457.0
2024-10-01 11:00:00,0.0,24.6,58.0,20.0,13.3,618.0
2024-10-01 12:00:00,0.0,26.7,51.0,36.0,16.3,711.0
2024-10-01 13:00:00,0.0,26.2,53.0,44.0,20.3,715.0
2024-10-01 14:00:00,0.0,24.7,59.0,24.0,19.2,716.0
2024-10-01 15:00:00,0.0,24.0,64.0,25.0,13.7,635.0
2024-10-01 16:00:00,0.0,24.0,65.0,28.0,10.8,487.0
2024-10-01 17:00:00,0.0,24.1,64.0,14.0,12.1,304.0
2024-10-01 18:00:00,0.0,23.2,68.0,0.0,13.5,136.0
2024-10-01 19:00:00,0.0,20.6,81.0,1.0,10.7,10.0
2024-10-01 20:00:00,0.0,19.9,85.0,3.0,8.6,0.0
2024-10-01 21:00:00,0.0,19.4,87.0,0.0,7.0,0.0
2024-10-01 22:00:00,0.0,19.0,89.0,0.0,5.6,0.0
2024-10-01 23:00:00,0.0,18.8,90.0,0.0,5.1,0.0
2024-10-02 00:00:00,0.0,18.3,92.0,0.0,6.4,0.0
2024-10-02 01:00:00,0.0,17.6,94.0,0.0,5.2,0.0
2024-10-02 02:00:00,0.0,17.5,92.0,0.0,4.5,0.0
2024-10-02 03:00:00,0.0,17.0,93.0,0.0,5.4,0.0
2024-10-02 04:00:00,0.0,16.5,94.0,0.0,6.6,0.0
2024-10-02 05:00:00,0.0,16.1,93.0,5.0,5.4,0.0
2024-10-02 06:00:00,0.0,16.1,93.0,6.0,6.8,0.0
2024-10-02 07:00:00,0.0,16.0,92.0,4.0,6.3,2.0
2024-10-02 08:00:00,0.0,18.0,82.0,6.0,3.2,88.0
2024-10-02 09:00:00,0.0,20.2,73.0,0.0,2.8,271.0
2024-10-02 10:00:00,0.0,23.0,61.0,8.0,6.0,462.0
2024-10-02 11:00:00,0.0,25.2,53.0,6.0,11.4,620.0
2024-10-02 12:00:00,0.0,26.1,52.0,35.0,14.1,729.0
2024-10-02 13:00:00,0.0,25.7,55.0,20.0,15.1,742.0
2024-10-02 14:00:00,0.0,25.8,56.0,29.0,14.5,738.0
2024-10-02 15:00:00,0.0,24.8,60.0,15.0,15.2,642.0
2024-10-02 16:00:00,0.0,24.3,61.0,11.0,12.0,498.0
2024-10-02 17:00:00,0.0,23.9,64.0,4.0,8.5,322.0
2024-10-02 18:00:00,0.0,21.4,77.0,1.0,11.0,134.0
2024-10-02 19:00:00,0.0,19.8,87.0,4.0,6.5,10.0
2024-10-02 20:00:00,0.0,19.4,88.0,8.0,5.0,0.0
2024-10-02 21:00:00,0.0,19.1,89.0,1.0,7.1,0.0
2024-10-02 22:00:00,0.0,18.9,89.0,0.0,3.3,0.0
2024-10-02 23:00:00,0.0,18.5,90.0,0.0,2.7,0.0
2024-10-03 00:00:00,0.0,18.2,90.0,0.0,5.9,0.0
2024-10-03 01:00:00,0.0,17.8,91.0,0.0,6.6,0.0
2024-10-03 02:00:00,0.0,18.5,87.0,0.0,0.7,0.0
2024-10-03 03:00:00,0.0,18.4,88.0,1.0,0.9,0.0
2024-10-03 04:00:00,0.0,16.9,94.0,0.0,4.2,0.0
2024-10-03 05:00:00,0.0,16.2,96.0,1.0,4.5,0.0
2024-10-03 06:00:00,0.0,16.6,99.0,96.0,6.0,0.0
2024-10-03 07:00:00,0.0,16.7,99.0,96.0,5.7,1.0
2024-10-03 08:00:00,0.0,17.0,98.0,96.0,5.0,58.0
2024-10-03 09:00:00,0.0,18.9,87.0,1.0,1.9,216.0
2024-10-03 10:00:00,0.0,21.7,74.0,4.0,4.7,450.0
2024-10-03 11:00:00,0.0,23.5,66.0,7.0,10.3,605.0
2024-10-03 12:00:00,0.0,24.2,62.0,30.0,13.2,718.0
2024-10-03 13:00:00,0.0,24.4,61.0,45.0,14.1,740.0
2024-10-03 14:00:00,0.0,24.3,60.0,38.0,14.1,714.0
2024-10-03 15:00:00,0.0,23.6,63.0,35.0,15.3,637.0
2024-10-03 16:00:00,0.0,22.6,69.0,42.0,14.4,482.0
2024-10-03 17:00:00,0.0,21.7,76.0,36.0,10.4,306.0
2024-10-03 18:00:00,0.0,19.4,88.0,40.0,9.3,122.0
2024-10-03 19:00:00,0.0,18.6,92.0,39.0,6.8,8.0
2024-10-03 20:00:00,0.0,18.7,90.0,6.0,5.0,0.0
2024-10-03 21:00:00,0.0,18.5,90.0,1.0,4.6,0.0
2024-10-03 22:00:00,0.0,18.3,91.0,1.0,3.4,0.0
2024-10-03 23:00:00,0.0,17.8,94.0,2.0,3.5,0.0
2024-10-04 00:00:00,0.0,17.5,96.0,0.0,1.4,0.0
2024-10-04 01:00:00,0.0,16.9,98.0,2.0,2.3,0.0
2024-10-04 02:00:00,0.0,16.3,100.0,95.0,3.6,0.0
2024-10-04 03:00:00,0.0,16.0,100.0,100.0,2.5,0.0
2024-10-04 04:00:00,0.0,16.1,99.0,100.0,2.6,0.0
2024-10-04 05:00:00,0.0,16.1,98.0,98.0,3.7,0.0
2024-10-04 06:00:00,0.0,16.3,96.0,4.0,3.1,0.0
2024-10-04 07:00:00,0.0,16.5,94.0,6.0,3.5,1.0
2024-10-04 08:00:00,0.0,17.8,89.0,30.0,2.7,76.0
2024-10-04 09:00:00,0.0,19.2,84.0,20.0,2.9,236.0
2024-10-04 10:00:00,0.0,21.1,74.0,0.0,6.9,430.0
2024-10-04 11:00:00,0.0,22.7,67.0,14.0,10.2,590.0
2024-10-04 12:00:00,0.0,23.2,64.0,21.0,14.0,705.0
2024-10-04 13:00:00,0.0,23.3,64.0,23.0,15.1,742.0
2024-10-04 14:00:00,0.0,22.9,68.0,25.0,15.7,712.0
2024-10-04 15:00:00,0.0,22.6,70.0,36.0,13.4,617.0
2024-10-04 16:00:00,0.0,22.2,74.0,43.0,11.9,475.0
2024-10-04 17:00:00,0.0,21.6,77.0,20.0,9.6,301.0
2024-10-04 18:00:00,0.0,19.4,86.0,49.0,12.6,114.0
2024-10-04 19:00:00,0.0,18.6,89.0,54.0,8.4,7.0
2024-10-04 20:00:00,0.0,18.1,91.0,46.0,3.6,0.0
2024-10-04 21:00:00,0.0,17.8,92.0,13.0,1.3,0.0
2024-10-04 22:00:00,0.0,17.9,92.0,0.0,5.5,0.0
2024-10-04 23:00:00,0.0,18.0,91.0,0.0,6.3,0.0
2024-10-05 00:00:00,0.0,17.7,94.0,0.0,4.9,0.0
2024-10-05 01:00:00,0.0,17.2,97.0,1.0,2.8,0.0
2024-10-05 02:00:00,0.0,16.5,99.0,12.0,3.8,0.0
2024-10-05 03:00:00,0.0,16.3,100.0,100.0,7.0,0.0
2024-10-05 04:00:00,0.0,16.6,99.0,100.0,5.7,0.0
2024-10-05 05:00:00,0.0,16.6,98.0,100.0,5.8,0.0
2024-10-05 06:00:00,0.0,16.9,94.0,100.0,7.4,0.0
2024-10-05 07:00:00,0.0,17.2,92.0,100.0,4.4,1.0
2024-10-05 08:00:00,0.0,17.1,91.0,100.0,1.6,32.0
2024-10-05 09:00:00,0.0,17.0,97.0,99.0,4.0,114.0
2024-10-05 10:00:00,0.0,19.6,83.0,10.0,4.1,296.0
2024-10-05 11:00:00,0.0,22.6,69.0,16.0,7.9,585.0
2024-10-05 12:00:00,0.0,23.8,64.0,32.0,13.6,700.0
2024-10-05 13:00:00,0.0,23.4,67.0,29.0,13.1,729.0
2024-10-05 14:00:00,0.0,23.6,66.0,35.0,15.3,710.0
2024-10-05 15:00:00,0.0,23.5,66.0,14.0,12.8,617.0
2024-10-05 16:00:00,0.0,24.0,65.0,1.0,14.4,482.0
2024-10-05 17:00:00,0.0,23.9,67.0,0.0,12.9,302.0
2024-10-05 18:00:00,0.0,21.5,80.0,0.0,10.0,115.0
2024-10-05 19:00:00,0.0,21.1,82.0,0.0,8.7,6.0
2024-10-05 20:00:00,0.0,20.5,86.0,0.0,7.6,0.0
2024-10-05 21:00:00,0.0,19.8,89.0,0.0,5.1,0.0
2024-10-05 22:00:00,0.0,19.2,92.0,0.0,0.8,0.0
2024-10-05 23:00:00,0.0,18.5,96.0,2.0,4.9,0.0
2024-10-06 00:00:00,0.0,17.8,99.0,16.0,3.7,0.0
2024-10-06 01:00:00,0.0,17.6,99.0,31.0,6.2,0.0
2024-10-06 02:00:00,0.0,17.3,100.0,100.0,9.0,0.0
2024-10-06 03:00:00,0.0,17.2,100.0,98.0,11.5,0.0
2024-10-06 04:00:00,0.0,17.3,99.0,100.0,9.9,0.0
2024-10-06 05:00:00,0.0,17.3,99.0,100.0,6.2,0.0
2024-10-06 06:00:00,0.0,17.4,94.0,100.0,6.6,0.0
2024-10-06 07:00:00,0.0,17.6,92.0,100.0,8.7,0.0
2024-10-06 08:00:00,0.0,17.7,97.0,95.0,8.9,37.0
2024-10-06 09:00:00,0.0,19.8,86.0,2.0,6.2,163.0
2024-10-06 10:00:00,0.0,22.8,71.0,12.0,9.2,416.0
2024-10-06 11:00:00,0.0,24.6,63.0,33.0,13.9,576.0
2024-10-06 12:00:00,0.0,24.5,63.0,38.0,16.7,672.0
2024-10-06 13:00:00,0.0,23.9,64.0,21.0,17.9,723.0
2024-10-06 14:00:00,0.0,24.3,63.0,4.0,16.5,711.0
2024-10-06 15:00:00,0.0,24.0,65.0,3.0,15.7,630.0
2024-10-06 16:00:00,0.0,23.7,66.0,1.0,13.2,482.0
2024-10-06 17:00:00,0.0,23.0,69.0,0.0,12.1,300.0
2024-10-06 18:00:00,0.0,20.3,81.0,1.0,11.2,112.0
2024-10-06 19:00:00,0.0,19.4,85.0,0.0,3.6,6.0
2024-10-06 20:00:00,0.0,19.6,84.0,0.0,3.4,0.0
2024-10-06 21:00:00,0.0,19.3,86.0,0.0,6.8,0.0
2024-10-06 22:00:00,0.0,19.0,88.0,0.0,6.0,0.0
2024-10-06 23:00:00,0.0,18.3,93.0,10.0,7.7,0.0
2024-10-07 00:00:00,0.0,17.6,97.0,10.0,5.6,0.0
2024-10-07 01:00:00,0.0,17.1,98.0,10.0,2.9,0.0
2024-10-07 02:00:00,0.0,16.8,99.0,10.0,6.7,0.0
2024-10-07 03:00:00,0.0,16.4,99.0,11.0,7.0,0.0
2024-10-07 04:00:00,0.0,16.3,98.0,37.0,7.7,0.0
2024-10-07 05:00:00,0.0,15.9,100.0,95.0,6.4,0.0
2024-10-07 06:00:00,0.0,15.2,98.0,99.0,9.1,0.0
2024-10-07 07:00:00,0.0,15.7,98.0,93.0,8.7,1.0
2024-10-07 08:00:00,0.0,17.0,95.0,46.0,7.2,59.0
2024-10-07 09:00:00,0.0,19.8,79.0,27.0,4.9,224.0
2024-10-07 10:00:00,0.0,23.0,66.0,96.0,6.7,412.0
2024-10-07 11:00:00,0.0,25.5,56.0,100.0,11.4,582.0
2024-10-07 12:00:00,0.0,26.1,55.0,100.0,14.8,674.0
2024-10-07 13:00:00,0.0,25.7,58.0,100.0,16.4,685.0
2024-10-07 14:00:00,0.0,25.7,59.0,14.0,16.3,682.0
2024-10-07 15:00:00,0.0,26.4,57.0,15.0,15.7,624.0
2024-10-07 16:00:00,0.0,26.7,55.0,93.0,13.7,482.0
2024-10-07 17:00:00,0.0,25.9,56.0,49.0,10.8,294.0
2024-10-07 18:00:00,0.0,22.5,68.0,10.0,13.2,113.0
2024-10-07 19:00:00,0.0,20.6,78.0,58.0,8.6,5.0
2024-10-07 20:00:00,0.0,20.2,81.0,3.0,6.4,0.0
2024-10-07 21:00:00,0.0,19.7,86.0,5.0,7.4,0.0
2024-10-07 22:00:00,0.0,19.0,91.0,17.0,7.8,0.0
2024-10-07 23:00:00,0.0,18.4,94.0,14.0,6.6,0.0
2024-10-08 00:00:00,0.0,17.5,97.0,20.0,4.7,0.0
2024-10-08 01:00:00,0.0,16.9,98.0,28.0,5.3,0.0
2024-10-08 02:00:00,0.0,16.6,99.0,28.0,7.0,0.0
2024-10-08 03:00:00,0.0,16.4,97.0,36.0,7.1,0.0
2024-10-08 04:00:00,0.0,16.1,94.0,40.0,6.2,0.0
2024-10-08 05:00:00,0.0,15.8,93.0,41.0,6.0,0.0
2024-10-08 06:00:00,0.0,14.3,98.0,61.0,7.5,0.0
2024-10-08 07:00:00,0.0,14.3,96.0,41.0,6.0,1.0
2024-10-08 08:00:00,0.0,15.9,88.0,47.0,4.8,65.0
2024-10-08 09:00:00,0.0,17.3,86.0,65.0,6.0,214.0
2024-10-08 10:00:00,0.0,19.9,73.0,41.0,7.6,386.0
2024-10-08 11:00:00,0.0,22.5,63.0,42.0,10.6,557.0
2024-10-08 12:00:00,0.0,23.5,61.0,23.0,13.9,673.0
2024-10-08 13:00:00,0.0,23.5,62.0,31.0,15.6,722.0
2024-10-08 14:00:00,0.0,23.7,60.0,15.0,14.8,706.0
2024-10-08 15:00:00,0.0,24.1,60.0,6.0,13.4,624.0
2024-10-08 16:00:00,0.0,24.2,60.0,1.0,11.3,480.0
2024-10-08 17:00:00,0.0,23.8,61.0,0.0,8.5,296.0
2024-10-08 18:00:00,0.0,20.4,78.0,4.0,8.5,108.0
2024-10-08 19:00:00,0.0,19.2,85.0,1.0,3.5,4.0
2024-10-08 20:00:00,0.0,18.7,88.0,0.0,4.2,0.0
2024-10-08 21:00:00,0.0,18.2,92.0,0.0,2.4,0.0
2024-10-08 22:00:00,0.0,17.6,96.0,0.0,1.5,0.0
2024-10-08 23:00:00,0.0,17.2,98.0,12.0,2.0,0.0
2024-10-09 00:00:00,0.0,16.4,100.0,99.0,4.4,0.0
2024-10-09 01:00:00,0.0,16.1,100.0,100.0,6.1,0.0
2024-10-09 02:00:00,0.0,16.4,99.0,100.0,6.2,0.0
2024-10-09 03:00:00,0.0,16.2,99.0,100.0,4.2,0.0
2024-10-09 04:00:00,0.0,15.8,99.0,100.0,3.2,0.0
2024-10-09 05:00:00,0.0,15.5,99.0,100.0,3.5,0.0
2024-10-09 06:00:00,0.0,15.5,97.0,100.0,5.5,0.0
2024-10-09 07:00:00,0.0,15.4,98.0,100.0,6.1,0.0
2024-10-09 08:00:00,0.0,15.5,98.0,99.0,6.0,28.0
2024-10-09 09:00:00,0.0,16.9,90.0,96.0,4.2,133.0
2024-10-09 10:00:00,0.0,19.3,77.0,10.0,5.6,346.0
2024-10-09 11:00:00,0.0,21.1,69.0,26.0,11.2,557.0
2024-10-09 12:00:00,0.0,21.9,65.0,33.0,13.4,665.0
2024-10-09 13:00:00,0.0,22.3,63.0,19.0,13.4,721.0
2024-10-09 14:00:00,0.0,22.8,60.0,5.0,12.8,699.0
2024-10-09 15:00:00,0.0,22.8,60.0,9.0,12.1,615.0
2024-10-09 16:00:00,0.0,22.3,63.0,5.0,11.6,470.0
2024-10-09 17:00:00,0.0,21.6,67.0,2.0,9.6,287.0
2024-10-09 18:00:00,0.0,19.7,77.0,1.0,9.8,101.0
2024-10-09 19:00:00,0.0,18.6,85.0,1.0,7.8,4.0
2024-10-09 20:00:00,0.0,18.2,88.0,1.0,4.8,0.0
2024-10-09 21:00:00,0.0,18.0,90.0,2.0,2.1,0.0
2024-10-09 22:00:00,0.0,17.8,92.0,1.0,1.1,0.0
2024-10-09 23:00:00,0.0,16.9,96.0,1.0,3.3,0.0
2024-10-10 00:00:00,0.0,16.7,97.0,1.0,3.0,0.0
2024-10-10 01:00:00,0.0,15.8,99.0,14.0,4.8,0.0
2024-10-10 02:00:00,0.0,15.2,100.0,100.0,5.2,0.0
2024-10-10 03:00:00,0.0,15.0,100.0,100.0,4.9,0.0
2024-10-10 04:00:00,0.0,15.1,99.0,100.0,5.4,0.0
2024-10-10 05:00:00,0.0,15.0,99.0,100.0,7.4,0.0
2024-10-10 06:00:00,0.0,14.3,99.0,100.0,9.0,0.0
2024-10-10 07:00:00,0.0,14.7,98.0,92.0,8.6,0.0
2024-10-10 08:00:00,0.0,15.3,98.0,99.0,5.9,45.0
2024-10-10 09:00:00,0.0,16.5,92.0,49.0,7.0,181.0
2024-10-10 10:00:00,0.0,19.1,77.0,15.0,8.6,401.0
2024-10-10 11:00:00,0.0,21.5,63.0,17.0,11.8,577.0
2024-10-10 12:00:00,0.0,22.7,58.0,0.0,14.5,688.0
2024-10-10 13:00:00,0.0,23.5,55.0,1.0,15.9,733.0
2024-10-10 14:00:00,0.0,23.9,54.0,0.0,16.3,708.0
2024-10-10 15:00:00,0.0,24.1,55.0,0.0,15.2,617.0
2024-10-10 16:00:00,0.0,24.0,59.0,0.0,13.8,469.0
2024-10-10 17:00:00,0.0,23.3,64.0,0.0,11.8,284.0
2024-10-10 18:00:00,0.0,21.1,70.0,0.0,8.1,98.0
2024-10-10 19:00:00,0.0,19.9,77.0,0.0,6.2,3.0
2024-10-10 20:00:00,0.0,19.3,81.0,0.0,7.7,0.0
2024-10-10 21:00:00,0.0,18.7,83.0,0.0,8.4,0.0
2024-10-10 22:00:00,0.0,17.9,87.0,0.0,7.6,0.0
2024-10-10 23:00:00,0.0,17.1,88.0,0.0,7.3,0.0
2024-10-11 00:00:00,0.0,16.5,87.0,0.0,4.1,0.0
2024-10-11 01:00:00,0.0,15.8,88.0,0.0,4.7,0.0
2024-10-11 02:00:00,0.0,15.0,91.0,0.0,6.9,0.0
2024-10-11 03:00:00,0.0,14.4,92.0,0.0,6.2,0.0
2024-10-11 04:00:00,0.0,14.4,93.0,0.0,8.2,0.0
2024-10-11 05:00:00,0.0,14.0,90.0,0.0,7.4,0.0
2024-10-11 06:00:00,0.0,14.2,93.0,42.0,10.9,0.0
2024-10-11 07:00:00,0.0,13.8,90.0,21.0,9.4,0.0
2024-10-11 08:00:00,0.0,15.7,68.0,6.0,7.1,65.0
2024-10-11 09:00:00,0.0,19.0,48.0,0.0,2.2,238.0
2024-10-11 10:00:00,0.0,22.8,37.0,2.0,4.3,428.0
2024-10-11 11:00:00,0.0,25.5,35.0,1.0,9.0,585.0
2024-10-11 12:00:00,0.0,26.3,42.0,12.0,14.7,689.0
2024-10-11 13:00:00,0.0,25.9,53.0,18.0,19.2,728.0
2024-10-11 14:00:00,0.0,26.0,53.0,7.0,19.4,698.0
2024-10-11 15:00:00,0.0,26.2,51.0,6.0,18.1,607.0
2024-10-11 16:00:00,0.0,25.8,53.0,11.0,16.4,458.0
2024-10-11 17:00:00,0.0,24.5,59.0,22.0,14.3,276.0
2024-10-11 18:00:00,0.0,21.5,71.0,52.0,13.1,93.0
2024-10-11 19:00:00,0.0,20.2,79.0,12.0,10.5,3.0
2024-10-11 20:00:00,0.0,19.9,75.0,20.0,7.5,0.0
2024-10-11 21:00:00,0.0,19.3,74.0,2.0,7.6,0.0
2024-10-11 22:00:00,0.0,18.3,78.0,23.0,6.6,0.0
2024-10-11 23:00:00,0.0,17.7,80.0,3.0,4.5,0.0
2024-10-12 00:00:00,0.0,16.8,82.0,0.0,5.7,0.0
2024-10-12 01:00:00,0.0,16.2,86.0,2.0,8.9,0.0
2024-10-12 02:00:00,0.0,15.4,90.0,18.0,8.2,0.0
2024-10-12 03:00:00,0.0,14.6,92.0,42.0,7.6,0.0
2024-10-12 04:00:00,0.0,14.4,89.0,34.0,6.3,0.0
2024-10-12 05:00:00,0.0,14.4,89.0,35.0,6.1,0.0
2024-10-12 06:00:00,0.0,12.9,92.0,62.0,8.3,0.0
2024-10-12 07:00:00,0.0,13.2,92.0,99.0,8.4,0.0
2024-10-12 08:00:00,0.0,15.0,98.0,99.0,7.2,51.0
2024-10-12 09:00:00,0.0,16.0,96.0,91.0,7.3,171.0
2024-10-12 10:00:00,0.0,19.1,77.0,3.0,6.7,347.0
2024-10-12 11:00:00,0.0,22.7,58.0,15.0,10.0,571.0
2024-10-12 12:00:00,0.0,24.0,55.0,22.0,14.8,679.0
2024-10-12 13:00:00,0.0,24.1,57.0,16.0,16.9,715.0
2024-10-12 14:00:00,0.0,24.2,60.0,14.0,16.6,690.0
2024-10-12 15:00:00,0.0,24.1,60.0,2.0,16.9,599.0
2024-10-12 16:00:00,0.0,23.3,63.0,0.0,17.1,454.0
2024-10-12 17:00:00,0.0,22.1,67.0,0.0,15.7,270.0
2024-10-12 18:00:00,0.0,19.7,76.0,0.0,12.9,91.0
2024-10-12 19:00:00,0.0,18.5,85.0,0.0,9.9,2.0
2024-10-12 20:00:00,0.0,17.8,90.0,0.0,6.5,0.0
2024-10-12 21:00:00,0.0,17.1,94.0,0.0,6.0,0.0
2024-10-12 22:00:00,0.0,16.4,98.0,0.0,6.0,0.0
2024-10-12 23:00:00,0.0,15.8,99.0,72.0,4.9,0.0
2024-10-13 00:00:00,0.0,16.3,100.0,96.0,3.3,0.0
2024-10-13 01:00:00,0.0,16.0,99.0,99.0,2.5,0.0
2024-10-13 02:00:00,0.0,15.6,99.0,100.0,2.6,0.0
2024-10-13 03:00:00,0.0,15.4,98.0,100.0,4.0,0.0
2024-10-13 04:00:00,0.0,15.0,98.0,100.0,7.3,0.0
2024-10-13 05:00:00,0.0,14.8,98.0,100.0,7.7,0.0
2024-10-13 06:00:00,0.0,14.3,90.0,76.0,2.2,0.0
2024-10-13 07:00:00,0.0,14.3,86.0,73.0,4.6,0.0
2024-10-13 08:00:00,0.0,14.5,86.0,78.0,5.6,42.0
2024-10-13 09:00:00,0.0,15.5,81.0,2.0,3.4,153.0
2024-10-13 10:00:00,0.0,17.9,65.0,1.0,2.6,385.0
2024-10-13 11:00:00,0.0,19.8,57.0,2.0,8.6,560.0
2024-10-13 12:00:00,0.0,21.1,54.0,2.0,12.1,672.0
2024-10-13 13:00:00,0.0,21.8,52.0,1.0,13.2,715.0
2024-10-13 14:00:00,0.0,21.9,54.0,0.0,12.7,689.0
2024-10-13 15:00:00,0.0,22.0,59.0,0.0,12.1,597.0
2024-10-13 16:00:00,0.0,21.5,64.0,0.0,12.3,449.0
2024-10-13 17:00:00,0.0,20.7,68.0,0.0,12.7,264.0
2024-10-13 18:00:00,0.0,19.1,74.0,0.0,11.2,85.0
2024-10-13 19:00:00,0.0,18.3,81.0,0.0,5.3,2.0
2024-10-13 20:00:00,0.0,17.8,85.0,0.0,3.2,0.0
2024-10-13 21:00:00,0.0,17.0,91.0,1.0,3.8,0.0
2024-10-13 22:00:00,0.0,16.2,97.0,2.0,4.3,0.0
2024-10-13 23:00:00,0.0,15.7,98.0,5.0,5.5,0.0
2024-10-14 00:00:00,0.0,15.4,98.0,5.0,6.3,0.0
2024-10-14 01:00:00,0.0,15.1,97.0,4.0,5.6,0.0
2024-10-14 02:00:00,0.0,15.4,94.0,4.0,3.0,0.0
2024-10-14 03:00:00,0.0,15.6,93.0,10.0,1.6,0.0
2024-10-14 04:00:00,0.0,14.4,97.0,31.0,3.1,0.0
2024-10-14 05:00:00,0.0,14.8,97.0,49.0,6.4,0.0
2024-10-14 06:00:00,0.0,15.7,91.0,100.0,6.3,0.0
2024-10-14 07:00:00,0.0,15.7,91.0,85.0,6.7,0.0
2024-10-14 08:00:00,0.0,16.0,88.0,85.0,8.1,23.0
2024-10-14 09:00:00,0.0,17.6,76.0,100.0,7.7,128.0
2024-10-14 10:00:00,0.0,18.4,73.0,100.0,4.9,128.0
2024-10-14 11:00:00,0.0,19.6,72.0,100.0,5.2,202.0
2024-10-14 12:00:00,0.0,20.6,70.0,99.0,10.2,295.0
2024-10-14 13:00:00,0.0,21.3,67.0,100.0,12.3,475.0
2024-10-14 14:00:00,0.0,21.4,67.0,59.0,13.0,442.0
2024-10-14 15:00:00,0.0,21.4,69.0,96.0,13.5,460.0
2024-10-14 16:00:00,0.0,20.9,74.0,100.0,12.6,304.0
2024-10-14 17:00:00,0.0,20.3,78.0,100.0,11.1,134.0
2024-10-14 18:00:00,0.0,18.8,82.0,16.0,10.4,76.0
2024-10-14 19:00:00,0.0,18.2,87.0,44.0,4.5,1.0
2024-10-14 20:00:00,0.0,17.9,90.0,67.0,2.5,0.0
2024-10-14 21:00:00,0.0,17.6,91.0,54.0,3.0,0.0
2024-10-14 22:00:00,0.0,17.1,94.0,90.0,4.0,0.0
2024-10-14 23:00:00,0.0,17.4,91.0,100.0,2.9,0.0
2024-10-15 00:00:00,0.0,17.4,91.0,100.0,3.0,0.0
2024-10-15 01:00:00,0.0,17.5,91.0,100.0,2.8,0.0
2024-10-15 02:00:00,0.0,17.5,89.0,100.0,2.3,0.0
2024-10-15 03:00:00,0.0,17.5,87.0,100.0,3.9,0.0
2024-10-15 04:00:00,0.0,17.5,84.0,100.0,5.0,0.0
2024-10-15 05:00:00,0.0,17.5,82.0,100.0,5.1,0.0
2024-10-15 06:00:00,0.0,17.6,82.0,100.0,3.9,0.0
2024-10-15 07:00:00,0.0,17.6,82.0,100.0,3.8,0.0
2024-10-15 08:00:00,0.0,17.5,81.0,100.0,3.0,28.0
2024-10-15 09:00:00,0.0,18.2,77.0,100.0,2.6,123.0
2024-10-15 10:00:00,0.0,18.9,73.0,100.0,2.9,199.0
2024-10-15 11:00:00,0.0,20.2,66.0,100.0,5.1,378.0
2024-10-15 12:00:00,0.0,21.3,62.0,100.0,9.5,494.0
2024-10-15 13:00:00,0.0,21.7,63.0,39.0,14.9,556.0
2024-10-15 14:00:00,0.0,21.7,64.0,35.0,17.0,619.0
2024-10-15 15:00:00,0.0,21.5,64.0,10.0,16.9,536.0
2024-10-15 16:00:00,0.0,21.3,63.0,5.0,14.4,410.0
2024-10-15 17:00:00,0.0,20.8,64.0,1.0,13.1,240.0
2024-10-15 18:00:00,0.0,18.6,74.0,25.0,11.8,70.0
2024-10-15 19:00:00,0.0,17.9,77.0,3.0,7.6,1.0
2024-10-15 20:00:00,0.0,17.5,80.0,13.0,2.9,0.0
2024-10-15 21:00:00,0.0,17.3,80.0,11.0,1.1,0.0
2024-10-15 22:00:00,0.0,17.0,84.0,1.0,1.9,0.0
2024-10-15 23:00:00,0.0,16.3,88.0,3.0,4.1,0.0
2024-10-16 00:00:00,0.0,15.8,92.0,6.0,5.2,0.0
2024-10-16 01:00:00,0.0,15.3,95.0,11.0,5.7,0.0
2024-10-16 02:00:00,0.0,14.7,96.0,16.0,5.6,0.0
2024-10-16 03:00:00,0.0,14.7,95.0,29.0,8.0,0.0
2024-10-16 04:00:00,0.0,14.6,95.0,43.0,8.2,0.0
2024-10-16 05:00:00,0.0,14.5,95.0,60.0,8.0,0.0
2024-10-16 06:00:00,0.0,16.4,86.0,100.0,4.4,0.0
2024-10-16 07:00:00,0.0,16.4,85.0,100.0,3.7,0.0
2024-10-16 08:00:00,0.0,17.0,81.0,100.0,2.7,37.0
2024-10-16 09:00:00,0.0,17.7,76.0,100.0,4.1,132.0
2024-10-16 10:00:00,0.0,18.7,72.0,100.0,6.2,263.0
2024-10-16 11:00:00,0.0,19.7,67.0,100.0,8.4,395.0
2024-10-16 12:00:00,0.0,20.5,64.0,48.0,11.2,487.0
2024-10-16 13:00:00,0.0,21.1,61.0,0.0,13.9,601.0
2024-10-16 14:00:00,0.0,21.0,62.0,3.0,15.7,628.0
2024-10-16 15:00:00,0.0,20.7,64.0,9.0,13.8,539.0
2024-10-16 16:00:00,0.0,20.8,64.0,2.0,11.2,406.0
2024-10-16 17:00:00,0.0,20.1,68.0,1.0,14.5,239.0
2024-10-16 18:00:00,0.0,18.0,78.0,54.0,11.1,25.0
2024-10-16 19:00:00,0.0,17.5,81.0,54.0,6.9,1.0
2024-10-16 20:00:00,0.0,17.0,85.0,100.0,8.4,0.0
2024-10-16 21:00:00,0.0,17.0,86.0,100.0,7.7,0.0
2024-10-16 22:00:00,0.0,17.1,86.0,100.0,4.6,0.0
2024-10-16 23:00:00,0.0,17.0,86.0,100.0,5.6,0.0
2024-10-17 00:00:00,0.0,17.0,84.0,37.0,6.4,0.0
2024-10-17 01:00:00,0.0,16.7,85.0,82.0,3.8,0.0
2024-10-17 02:00:00,0.0,16.6,85.0,100.0,5.0,0.0
2024-10-17 03:00:00,0.0,16.5,85.0,86.0,5.2,0.0
2024-10-17 04:00:00,0.0,16.4,84.0,43.0,3.5,0.0
2024-10-17 05:00:00,0.0,15.7,89.0,12.0,2.7,0.0
2024-10-17 06:00:00,0.0,17.0,83.0,100.0,5.5,0.0
2024-10-17 07:00:00,0.0,17.2,79.0,95.0,8.6,0.0
2024-10-17 08:00:00,0.0,17.3,75.0,4.0,8.4,42.0
2024-10-17 09:00:00,0.0,18.8,67.0,6.0,8.3,209.0
2024-10-17 10:00:00,0.0,20.1,62.0,8.0,9.6,383.0
2024-10-17 11:00:00,0.0,20.7,62.0,1.0,13.7,496.0
2024-10-17 12:00:00,0.0,20.8,65.0,100.0,15.2,525.0
2024-10-17 13:00:00,0.0,19.9,74.0,63.0,19.1,268.0
2024-10-17 14:00:00,0.0,21.4,62.0,56.0,14.6,477.0
2024-10-17 15:00:00,0.0,21.0,67.0,86.0,16.1,408.0
2024-10-17 16:00:00,0.0,20.3,72.0,64.0,16.1,243.0
2024-10-17 17:00:00,0.0,20.0,74.0,34.0,15.6,165.0
2024-10-17 18:00:00,0.0,18.4,84.0,48.0,12.9,68.0
2024-10-17 19:00:00,0.0,17.5,91.0,49.0,9.4,1.0
2024-10-17 20:00:00,0.0,17.4,91.0,95.0,8.8,0.0
2024-10-17 21:00:00,0.2,17.2,93.0,71.0,7.6,0.0
2024-10-17 22:00:00,0.1,17.2,93.0,57.0,9.9,0.0
2024-10-17 23:00:00,0.1,16.9,94.0,41.0,9.2,0.0
2024-10-18 00:00:00,0.0,16.4,95.0,23.0,10.2,0.0
2024-10-18 01:00:00,0.0,16.1,94.0,70.0,11.4,0.0
2024-10-18 02:00:00,0.0,16.1,90.0,86.0,10.7,0.0
2024-10-18 03:00:00,0.0,16.3,85.0,100.0,7.0,0.0
2024-10-18 04:00:00,0.0,16.1,86.0,100.0,6.3,0.0
2024-10-18 05:00:00,0.0,15.5,90.0,10.0,9.1,0.0
2024-10-18 06:00:00,0.0,14.8,88.0,41.0,7.8,0.0
2024-10-18 07:00:00,0.0,14.7,88.0,11.0,7.0,0.0
2024-10-18 08:00:00,0.0,16.1,79.0,5.0,7.4,53.0
2024-10-18 09:00:00,0.0,17.9,65.0,8.0,7.9,212.0
2024-10-18 10:00:00,0.0,19.1,54.0,0.0,3.0,389.0
2024-10-18 11:00:00,0.0,20.6,48.0,0.0,7.9,550.0
2024-10-18 12:00:00,0.0,21.2,48.0,2.0,12.5,654.0
2024-10-18 13:00:00,0.0,21.4,49.0,0.0,15.2,688.0
2024-10-18 14:00:00,0.0,21.8,48.0,1.0,16.3,661.0
2024-10-18 15:00:00,0.0,21.8,49.0,1.0,13.2,567.0
2024-10-18 16:00:00,0.0,21.8,51.0,0.0,13.1,420.0
2024-10-18 17:00:00,0.0,21.3,54.0,6.0,15.7,244.0
2024-10-18 18:00:00,0.0,19.7,65.0,87.0,13.4,72.0
2024-10-18 19:00:00,0.0,19.1,68.0,6.0,10.8,1.0
2024-10-18 20:00:00,0.0,18.6,67.0,72.0,9.9,0.0
2024-10-18 21:00:00,0.0,17.7,66.0,96.0,7.4,0.0
2024-10-18 22:00:00,0.0,16.6,71.0,85.0,4.7,0.0
2024-10-18 23:00:00,0.0,17.4,66.0,100.0,2.0,0.0
2024-10-19 00:00:00,0.0,15.2,75.0,12.0,4.9,0.0
2024-10-19 01:00:00,0.0,14.0,78.0,0.0,4.9,0.0
2024-10-19 02:00:00,0.0,13.5,73.0,0.0,10.2,0.0
2024-10-19 03:00:00,0.0,12.3,66.0,0.0,6.3,0.0
2024-10-19 04:00:00,0.0,12.4,58.0,0.0,9.7,0.0
2024-10-19 05:00:00,0.0,11.6,50.0,44.0,8.5,0.0
2024-10-19 06:00:00,0.0,11.3,59.0,1.0,8.6,0.0
2024-10-19 07:00:00,0.0,11.3,56.0,0.0,9.0,0.0
2024-10-19 08:00:00,0.0,13.5,46.0,14.0,8.4,54.0
2024-10-19 09:00:00,0.0,17.8,36.0,4.0,3.3,218.0
2024-10-19 10:00:00,0.0,20.9,34.0,12.0,2.8,400.0
2024-10-19 11:00:00,0.0,23.1,29.0,0.0,8.8,552.0
2024-10-19 12:00:00,0.0,24.1,28.0,0.0,13.4,651.0
2024-10-19 13:00:00,0.0,24.2,30.0,2.0,15.1,686.0
2024-10-19 14:00:00,0.0,24.6,30.0,0.0,15.9,656.0
2024-10-19 15:00:00,0.0,24.5,35.0,0.0,15.6,565.0
2024-10-19 16:00:00,0.0,24.0,39.0,0.0,16.1,419.0
2024-10-19 17:00:00,0.0,23.3,38.0,0.0,14.7,239.0
2024-10-19 18:00:00,0.0,22.5,35.0,0.0,7.6,69.0
2024-10-19 19:00:00,0.0,21.2,37.0,0.0,7.2,0.0
2024-10-19 20:00:00,0.0,19.9,37.0,0.0,6.5,0.0
2024-10-19 21:00:00,0.0,18.6,37.0,0.0,6.5,0.0
2024-10-19 22:00:00,0.0,17.8,36.0,0.0,8.9,0.0
2024-10-19 23:00:00,0.0,16.4,39.0,0.0,9.3,0.0
2024-10-20 00:00:00,0.0,15.2,43.0,0.0,10.1,0.0
2024-10-20 01:00:00,0.0,14.3,46.0,0.0,10.8,0.0
2024-10-20 02:00:00,0.0,13.6,48.0,0.0,12.1,0.0
2024-10-20 03:00:00,0.0,13.5,47.0,0.0,12.2,0.0
2024-10-20 04:00:00,0.0,13.6,45.0,0.0,12.6,0.0
2024-10-20 05:00:00,0.0,13.7,44.0,0.0,12.4,0.0
2024-10-20 06:00:00,0.0,12.5,50.0,0.0,10.7,0.0
2024-10-20 07:00:00,0.0,12.4,49.0,0.0,10.5,0.0
2024-10-20 08:00:00,0.0,14.1,45.0,0.0,9.6,52.0
2024-10-20 09:00:00,0.0,19.4,33.0,0.0,4.9,214.0
2024-10-20 10:00:00,0.0,24.1,24.0,0.0,2.3,394.0
2024-10-20 11:00:00,0.0,26.3,21.0,0.0,7.4,545.0
2024-10-20 12:00:00,0.0,27.1,23.0,0.0,13.9,644.0
2024-10-20 13:00:00,0.0,27.6,27.0,0.0,15.8,680.0
2024-10-20 14:00:00,0.0,28.1,23.0,0.0,19.1,651.0
2024-10-20 15:00:00,0.0,27.5,25.0,0.0,22.9,560.0
2024-10-20 16:00:00,0.0,25.9,36.0,0.0,22.2,415.0
2024-10-20 17:00:00,0.0,24.4,44.0,0.0,17.6,235.0
2024-10-20 18:00:00,0.0,22.9,37.0,0.0,12.0,66.0
2024-10-20 19:00:00,0.0,22.0,38.0,0.0,10.4,0.0
2024-10-20 20:00:00,0.0,21.2,43.0,0.0,10.2,0.0
2024-10-20 21:00:00,0.0,19.6,51.0,0.0,7.0,0.0
2024-10-20 22:00:00,0.0,18.3,60.0,0.0,5.9,0.0
2024-10-20 23:00:00,0.0,17.8,72.0,0.0,5.2,0.0
2024-10-21 00:00:00,0.0,18.5,71.0,0.0,1.9,0.0
2024-10-21 01:00:00,0.0,16.5,75.0,0.0,5.3,0.0
2024-10-21 02:00:00,0.0,15.3,56.0,0.0,10.1,0.0
2024-10-21 03:00:00,0.0,14.2,44.0,0.0,9.8,0.0
2024-10-21 04:00:00,0.0,13.6,47.0,0.0,9.2,0.0
2024-10-21 05:00:00,0.0,13.3,47.0,0.0,9.3,0.0
2024-10-21 06:00:00,0.0,12.7,48.0,0.0,10.0,0.0
2024-10-21 07:00:00,0.0,12.2,50.0,0.0,8.9,0.0
2024-10-21 08:00:00,0.0,14.7,43.0,0.0,7.0,51.0
2024-10-21 09:00:00,0.0,18.8,33.0,1.0,2.9,214.0
2024-10-21 10:00:00,0.0,22.4,28.0,28.0,6.6,394.0
2024-10-21 11:00:00,0.0,25.1,25.0,60.0,11.1,543.0
2024-10-21 12:00:00,0.0,26.7,25.0,8.0,15.7,639.0
2024-10-21 13:00:00,0.0,26.3,34.0,3.0,19.8,683.0
2024-10-21 14:00:00,0.0,25.2,44.0,68.0,19.2,654.0
2024-10-21 15:00:00,0.0,24.5,49.0,99.0,15.5,555.0
2024-10-21 16:00:00,0.0,24.1,54.0,100.0,11.8,407.0
2024-10-21 17:00:00,0.0,23.6,56.0,100.0,8.7,230.0
2024-10-21 18:00:00,0.0,22.2,57.0,100.0,8.9,59.0
2024-10-21 19:00:00,0.0,21.3,56.0,100.0,7.7,0.0
2024-10-21 20:00:00,0.0,20.5,54.0,100.0,7.7,0.0
2024-10-21 21:00:00,0.0,19.3,54.0,36.0,6.7,0.0
2024-10-21 22:00:00,0.0,18.2,55.0,92.0,6.5,0.0
2024-10-21 23:00:00,0.0,17.6,56.0,79.0,6.4,0.0
2024-10-22 00:00:00,0.0,16.8,60.0,0.0,7.5,0.0
2024-10-22 01:00:00,0.0,16.0,62.0,0.0,7.1,0.0
2024-10-22 02:00:00,0.0,17.2,51.0,0.0,4.4,0.0
2024-10-22 03:00:00,0.0,17.5,47.0,0.0,2.5,0.0
2024-10-22 04:00:00,0.0,17.4,45.0,0.0,3.1,0.0
2024-10-22 05:00:00,0.0,17.2,45.0,0.0,3.6,0.0
2024-10-22 06:00:00,0.0,15.1,47.0,0.0,6.2,0.0
2024-10-22 07:00:00,0.0,15.2,46.0,0.0,5.6,0.0
2024-10-22 08:00:00,0.0,15.6,45.0,0.0,6.3,50.0
2024-10-22 09:00:00,0.0,19.1,35.0,0.0,2.1,213.0
2024-10-22 10:00:00,0.0,21.8,30.0,0.0,3.7,395.0
2024-10-22 11:00:00,0.0,23.9,29.0,0.0,8.8,547.0
2024-10-22 12:00:00,0.0,24.7,33.0,0.0,14.6,647.0
2024-10-22 13:00:00,0.0,24.5,43.0,0.0,17.6,684.0
2024-10-22 14:00:00,0.0,24.3,55.0,0.0,16.6,654.0
2024-10-22 15:00:00,0.0,24.4,57.0,0.0,13.9,559.0
2024-10-22 16:00:00,0.0,24.1,57.0,0.0,11.6,412.0
2024-10-22 17:00:00,0.0,23.1,61.0,0.0,9.7,232.0
2024-10-22 18:00:00,0.0,20.5,75.0,0.0,9.2,63.0
2024-10-22 19:00:00,0.0,19.4,81.0,0.0,3.8,0.0
2024-10-22 20:00:00,0.0,18.7,85.0,1.0,1.6,0.0
2024-10-22 21:00:00,0.0,18.1,88.0,0.0,3.6,0.0
2024-10-22 22:00:00,0.0,18.4,83.0,0.0,3.1,0.0
2024-10-22 23:00:00,0.0,17.8,82.0,0.0,3.4,0.0
2024-10-23 00:00:00,0.0,17.9,78.0,0.0,2.9,0.0
2024-10-23 01:00:00,0.0,17.6,73.0,0.0,1.7,0.0
2024-10-23 02:00:00,0.0,17.1,71.0,0.0,3.8,0.0
2024-10-23 03:00:00,0.0,15.2,76.0,1.0,5.5,0.0
2024-10-23 04:00:00,0.0,16.2,63.0,15.0,5.0,0.0
2024-10-23 05:00:00,0.0,17.7,50.0,100.0,4.6,0.0
2024-10-23 06:00:00,0.0,14.9,44.0,44.0,7.5,0.0
2024-10-23 07:00:00,0.0,14.1,42.0,100.0,8.8,0.0
2024-10-23 08:00:00,0.0,16.0,38.0,0.0,6.4,47.0
2024-10-23 09:00:00,0.0,19.5,33.0,0.0,2.3,213.0
2024-10-23 10:00:00,0.0,21.4,33.0,0.0,7.2,394.0
2024-10-23 11:00:00,0.0,22.8,38.0,0.0,8.0,545.0
2024-10-23 12:00:00,0.0,23.9,45.0,0.0,9.4,643.0
2024-10-23 13:00:00,0.0,24.5,53.0,1.0,10.8,678.0
2024-10-23 14:00:00,0.0,24.9,55.0,14.0,12.4,647.0
2024-10-23 15:00:00,0.0,24.8,54.0,29.0,12.9,552.0
2024-10-23 16:00:00,0.0,24.1,56.0,39.0,10.8,406.0
2024-10-23 17:00:00,0.0,22.9,61.0,100.0,7.7,228.0
2024-10-23 18:00:00,0.0,20.6,68.0,1.0,6.7,62.0
2024-10-23 19:00:00,0.0,19.5,75.0,0.0,4.2,0.0
2024-10-23 20:00:00,0.0,19.3,76.0,0.0,0.5,0.0
2024-10-23 21:00:00,0.0,18.4,80.0,0.0,2.7,0.0
2024-10-23 22:00:00,0.0,17.9,84.0,1.0,1.7,0.0
2024-10-23 23:00:00,0.0,17.4,89.0,1.0,1.5,0.0
2024-10-24 00:00:00,0.0,17.1,90.0,0.0,2.7,0.0
2024-10-24 01:00:00,0.0,16.3,89.0,0.0,4.0,0.0
2024-10-24 02:00:00,0.0,15.0,87.0,0.0,5.9,0.0
2024-10-24 03:00:00,0.0,14.5,82.0,7.0,6.8,0.0
2024-10-24 04:00:00,0.0,14.7,74.0,0.0,6.0,0.0
2024-10-24 05:00:00,0.0,14.2,67.0,0.0,7.2,0.0
2024-10-24 06:00:00,0.0,14.9,57.0,1.0,5.8,0.0
2024-10-24 07:00:00,0.0,14.1,56.0,40.0,7.2,0.0
2024-10-24 08:00:00,0.0,15.7,49.0,99.0,8.2,48.0
2024-10-24 09:00:00,0.0,19.4,38.0,90.0,2.4,201.0
2024-10-24 10:00:00,0.0,22.3,33.0,100.0,2.7,385.0
2024-10-24 11:00:00,0.0,24.3,31.0,96.0,8.5,538.0
2024-10-24 12:00:00,0.0,24.7,35.0,47.0,13.6,646.0
2024-10-24 13:00:00,0.0,24.3,46.0,10.0,16.1,685.0
2024-10-24 14:00:00,0.0,23.7,57.0,1.0,15.9,655.0
2024-10-24 15:00:00,0.0,23.4,60.0,11.0,13.9,561.0
2024-10-24 16:00:00,0.0,22.7,65.0,9.0,11.6,413.0
2024-10-24 17:00:00,0.0,21.7,73.0,2.0,9.4,232.0
2024-10-24 18:00:00,0.0,20.0,81.0,5.0,6.0,60.0
2024-10-24 19:00:00,0.0,18.6,92.0,37.0,3.9,0.0
2024-10-24 20:00:00,0.0,17.4,99.0,70.0,3.2,0.0
2024-10-24 21:00:00,0.0,16.5,100.0,100.0,2.0,0.0
2024-10-24 22:00:00,0.0,16.0,99.0,95.0,4.4,0.0
2024-10-24 23:00:00,0.0,15.4,99.0,94.0,4.8,0.0
2024-10-25 00:00:00,0.0,14.9,98.0,96.0,4.6,0.0
2024-10-25 01:00:00,0.0,14.9,96.0,98.0,5.2,0.0
2024-10-25 02:00:00,0.0,14.8,97.0,99.0,4.7,0.0
2024-10-25 03:00:00,0.0,14.7,100.0,100.0,4.1,0.0
2024-10-25 04:00:00,0.0,14.7,99.0,98.0,3.1,0.0
2024-10-25 05:00:00,0.0,14.5,100.0,100.0,0.9,0.0
2024-10-25 06:00:00,0.0,13.3,97.0,100.0,8.2,0.0
2024-10-25 07:00:00,0.0,13.5,90.0,100.0,7.2,0.0
2024-10-25 08:00:00,0.0,14.0,90.0,99.0,5.7,30.0
2024-10-25 09:00:00,0.0,15.4,82.0,62.0,4.3,146.0
2024-10-25 10:00:00,0.0,17.6,71.0,5.0,3.6,346.0
2024-10-25 11:00:00,0.0,19.9,65.0,4.0,6.8,534.0
2024-10-25 12:00:00,0.0,21.3,63.0,1.0,10.3,640.0
2024-10-25 13:00:00,0.0,21.8,62.0,0.0,12.5,679.0
2024-10-25 14:00:00,0.0,22.0,60.0,0.0,12.6,649.0
2024-10-25 15:00:00,0.0,22.1,59.0,0.0,11.8,555.0
2024-10-25 16:00:00,0.0,21.9,60.0,0.0,12.1,407.0
2024-10-25 17:00:00,0.0,21.3,67.0,2.0,10.3,225.0
2024-10-25 18:00:00,0.0,19.5,76.0,5.0,8.1,57.0
2024-10-25 19:00:00,0.0,18.6,85.0,7.0,5.6,0.0
2024-10-25 20:00:00,0.0,17.8,91.0,2.0,3.1,0.0
2024-10-25 21:00:00,0.0,17.1,94.0,17.0,6.2,0.0
2024-10-25 22:00:00,0.0,16.1,94.0,66.0,6.4,0.0
2024-10-25 23:00:00,0.0,15.4,94.0,85.0,5.6,0.0
2024-10-26 00:00:00,0.0,15.0,92.0,94.0,8.6,0.0
2024-10-26 01:00:00,0.0,14.5,89.0,100.0,9.1,0.0
2024-10-26 02:00:00,0.0,13.8,86.0,99.0,8.4,0.0
2024-10-26 03:00:00,0.0,13.4,83.0,100.0,8.4,0.0
2024-10-26 04:00:00,0.0,13.2,80.0,100.0,8.5,0.0
2024-10-26 05:00:00,0.0,13.5,75.0,100.0,6.8,0.0
2024-10-26 06:00:00,0.0,14.3,71.0,100.0,5.9,0.0
2024-10-26 07:00:00,0.0,15.3,62.0,99.0,4.8,0.0
2024-10-26 08:00:00,0.0,14.3,66.0,81.0,5.1,43.0
2024-10-26 09:00:00,0.0,17.5,54.0,99.0,2.3,205.0
2024-10-26 10:00:00,0.0,20.0,49.0,96.0,3.5,374.0
2024-10-26 11:00:00,0.0,22.5,46.0,95.0,9.4,517.0
2024-10-26 12:00:00,0.0,23.4,48.0,100.0,14.9,599.0
2024-10-26 13:00:00,0.0,23.8,53.0,100.0,16.7,646.0
2024-10-26 14:00:00,0.0,23.9,57.0,100.0,15.9,616.0
2024-10-26 15:00:00,0.0,23.7,57.0,79.0,14.3,528.0
2024-10-26 16:00:00,0.0,23.1,60.0,0.0,11.3,400.0
2024-10-26 17:00:00,0.0,22.4,64.0,4.0,8.5,221.0
2024-10-26 18:00:00,0.0,20.4,75.0,94.0,8.2,55.0
2024-10-26 19:00:00,0.0,18.8,86.0,99.0,5.4,0.0
2024-10-26 20:00:00,0.0,18.1,91.0,100.0,2.8,0.0
2024-10-26 21:00:00,0.0,17.8,92.0,99.0,5.3,0.0
2024-10-26 22:00:00,0.0,17.2,92.0,100.0,7.4,0.0
2024-10-26 23:00:00,0.0,16.6,90.0,99.0,4.7,0.0
2024-10-27 00:00:00,0.0,16.2,87.0,91.0,6.2,0.0
2024-10-27 01:00:00,0.0,16.0,75.0,100.0,6.6,0.0
2024-10-27 02:00:00,0.0,16.7,65.0,100.0,5.2,0.0
2024-10-27 03:00:00,0.0,17.9,56.0,100.0,3.6,0.0
2024-10-27 04:00:00,0.0,15.5,63.0,100.0,6.4,0.0
2024-10-27 05:00:00,0.0,17.1,60.0,100.0,3.8,0.0
2024-10-27 06:00:00,0.0,13.0,80.0,100.0,10.9,0.0
2024-10-27 07:00:00,0.0,12.3,79.0,100.0,7.6,0.0
2024-10-27 08:00:00,0.0,15.2,61.0,60.0,3.2,35.0
2024-10-27 09:00:00,0.0,17.3,60.0,99.0,0.7,199.0
2024-10-27 10:00:00,0.0,19.2,62.0,95.0,3.1,307.0
2024-10-27 11:00:00,0.0,21.6,57.0,100.0,2.5,466.0
2024-10-27 12:00:00,0.0,23.5,50.0,100.0,9.0,560.0
2024-10-27 13:00:00,0.0,23.4,57.0,100.0,12.8,627.0
2024-10-27 14:00:00,0.0,23.3,60.0,100.0,13.1,608.0
2024-10-27 15:00:00,0.0,22.8,63.0,100.0,13.9,524.0
2024-10-27 16:00:00,0.0,21.6,70.0,100.0,12.6,364.0
2024-10-27 17:00:00,0.0,20.4,80.0,100.0,9.3,189.0
2024-10-27 18:00:00,0.0,19.0,90.0,100.0,9.1,47.0
2024-10-27 19:00:00,0.0,18.6,93.0,100.0,3.3,0.0
2024-10-27 20:00:00,0.0,18.4,94.0,92.0,4.9,0.0
2024-10-27 21:00:00,0.0,17.8,97.0,97.0,7.1,0.0
2024-10-27 22:00:00,0.0,17.2,99.0,100.0,4.8,0.0
2024-10-27 23:00:00,0.0,16.8,99.0,67.0,2.5,0.0
2024-10-28 00:00:00,0.0,16.4,100.0,100.0,7.1,0.0
2024-10-28 01:00:00,0.0,16.2,99.0,99.0,4.4,0.0
2024-10-28 02:00:00,0.0,15.6,100.0,100.0,5.3,0.0
2024-10-28 03:00:00,0.0,16.2,100.0,100.0,7.6,0.0
2024-10-28 04:00:00,0.0,16.2,100.0,100.0,9.2,0.0
2024-10-28 05:00:00,0.0,16.2,98.0,100.0,9.4,0.0
2024-10-28 06:00:00,0.0,16.3,98.0,100.0,6.0,0.0
2024-10-28 07:00:00,0.0,16.9,99.0,100.0,6.3,0.0
2024-10-28 08:00:00,0.0,17.3,95.0,100.0,5.4,5.0
2024-10-28 09:00:00,0.0,18.3,91.0,100.0,3.5,78.0
2024-10-28 10:00:00,0.0,18.9,84.0,100.0,5.4,113.0
2024-10-28 11:00:00,0.0,19.6,78.0,63.0,8.0,216.0
2024-10-28 12:00:00,0.0,21.1,68.0,100.0,12.1,521.0
2024-10-28 13:00:00,0.0,20.5,70.0,79.0,15.2,336.0
2024-10-28 14:00:00,0.0,20.8,68.0,61.0,16.4,433.0
2024-10-28 15:00:00,0.0,20.7,67.0,54.0,16.5,410.0
2024-10-28 16:00:00,0.0,20.2,67.0,27.0,15.9,321.0
2024-10-28 17:00:00,0.0,19.7,67.0,8.0,16.0,197.0
2024-10-28 18:00:00,0.0,18.2,68.0,66.0,19.1,32.0
2024-10-28 19:00:00,0.0,17.6,67.0,2.0,19.7,0.0
2024-10-28 20:00:00,0.0,16.9,69.0,1.0,16.4,0.0
2024-10-28 21:00:00,0.0,16.4,73.0,50.0,15.0,0.0
2024-10-28 22:00:00,0.0,16.6,73.0,34.0,14.9,0.0
2024-10-28 23:00:00,0.0,16.5,75.0,22.0,16.3,0.0
2024-10-29 00:00:00,0.0,16.6,76.0,32.0,17.9,0.0
2024-10-29 01:00:00,0.0,16.5,77.0,35.0,20.7,0.0
2024-10-29 02:00:00,0.0,16.1,80.0,34.0,23.5,0.0
2024-10-29 03:00:00,0.0,16.0,82.0,10.0,22.4,0.0
2024-10-29 04:00:00,0.0,15.5,84.0,16.0,20.0,0.0
2024-10-29 05:00:00,0.0,15.3,83.0,18.0,19.8,0.0
2024-10-29 06:00:00,0.0,14.1,86.0,21.0,5.1,0.0
2024-10-29 07:00:00,0.0,14.1,85.0,12.0,5.2,0.0
2024-10-29 08:00:00,0.2,15.5,77.0,38.0,6.4,40.0
2024-10-29 09:00:00,0.4,17.1,68.0,38.0,12.6,162.0
2024-10-29 10:00:00,0.4,18.1,60.0,33.0,17.3,309.0
2024-10-29 11:00:00,0.1,18.8,57.0,19.0,19.8,441.0
2024-10-29 12:00:00,0.0,19.3,53.0,3.0,18.7,571.0
2024-10-29 13:00:00,0.0,19.5,50.0,2.0,18.4,658.0
2024-10-29 14:00:00,0.0,19.5,50.0,4.0,18.7,636.0
2024-10-29 15:00:00,0.0,19.6,47.0,7.0,15.8,536.0
2024-10-29 16:00:00,0.0,19.5,48.0,36.0,12.8,387.0
2024-10-29 17:00:00,0.0,19.0,47.0,16.0,13.3,185.0
2024-10-29 18:00:00,0.0,17.2,61.0,27.0,3.3,40.0
2024-10-29 19:00:00,0.0,16.9,63.0,10.0,4.3,0.0
2024-10-29 20:00:00,0.0,16.1,69.0,1.0,6.9,0.0
2024-10-29 21:00:00,0.0,15.3,73.0,0.0,8.7,0.0
2024-10-29 22:00:00,0.0,14.5,77.0,0.0,9.7,0.0
2024-10-29 23:00:00,0.0,13.8,79.0,0.0,9.7,0.0
2024-10-30 00:00:00,0.0,13.0,80.0,0.0,9.5,0.0
2024-10-30 01:00:00,0.0,12.3,81.0,0.0,9.4,0.0
2024-10-30 02:00:00,0.0,11.6,82.0,1.0,10.0,0.0
2024-10-30 03:00:00,0.0,11.1,83.0,0.0,10.2,0.0
2024-10-30 04:00:00,0.0,10.6,84.0,0.0,10.5,0.0
2024-10-30 05:00:00,0.0,10.3,84.0,0.0,10.1,0.0
2024-10-30 06:00:00,0.0,10.3,86.0,0.0,8.4,0.0
2024-10-30 07:00:00,0.0,9.8,88.0,0.0,9.1,0.0
2024-10-30 08:00:00,0.0,11.1,80.0,0.0,7.3,39.0
2024-10-30 09:00:00,0.0,15.0,63.0,15.0,5.2,195.0
2024-10-30 10:00:00,0.0,17.5,57.0,20.0,3.6,372.0
2024-10-30 11:00:00,0.0,19.4,50.0,69.0,8.0,523.0
2024-10-30 12:00:00,0.0,20.8,44.0,94.0,13.0,621.0
2024-10-30 13:00:00,0.0,21.3,45.0,84.0,18.1,631.0
2024-10-30 14:00:00,0.0,21.7,43.0,76.0,20.5,615.0
2024-10-30 15:00:00,0.0,21.6,43.0,32.0,20.0,515.0
2024-10-30 16:00:00,0.0,21.4,44.0,0.0,18.3,392.0
2024-10-30 17:00:00,0.0,20.5,51.0,0.0,15.7,213.0
2024-10-30 18:00:00,0.0,18.4,74.0,0.0,9.3,47.0
2024-10-30 19:00:00,0.0,17.3,85.0,0.0,5.0,0.0
2024-10-30 20:00:00,0.0,17.4,84.0,0.0,2.2,0.0
2024-10-30 21:00:00,0.0,16.8,86.0,0.0,3.3,0.0
2024-10-30 22:00:00,0.0,15.0,92.0,0.0,5.6,0.0
2024-10-30 23:00:00,0.0,16.0,86.0,0.0,3.0,0.0
2024-10-31 00:00:00,0.0,14.3,90.0,0.0,5.5,0.0
2024-10-31 01:00:00,0.0,13.2,89.0,0.0,9.7,0.0
2024-10-31 02:00:00,0.0,12.1,83.0,0.0,9.0,0.0
2024-10-31 03:00:00,0.0,11.3,79.0,0.0,8.4,0.0
2024-10-31 04:00:00,0.0,10.6,78.0,0.0,7.9,0.0
2024-10-31 05:00:00,0.0,10.4,77.0,0.0,8.8,0.0
2024-10-31 06:00:00,0.0,9.9,75.0,0.0,10.4,0.0
2024-10-31 07:00:00,0.0,9.7,74.0,0.0,10.4,0.0
2024-10-31 08:00:00,0.0,11.2,65.0,1.0,8.9,37.0
2024-10-31 09:00:00,0.0,15.4,52.0,0.0,3.7,192.0
2024-10-31 10:00:00,0.0,17.6,55.0,0.0,0.6,372.0
2024-10-31 11:00:00,0.0,19.2,55.0,0.0,7.0,523.0
2024-10-31 12:00:00,0.0,20.3,53.0,0.0,13.1,621.0
2024-10-31 13:00:00,0.0,20.5,52.0,0.0,17.6,656.0
2024-10-31 14:00:00,0.0,20.7,48.0,0.0,18.4,626.0
2024-10-31 15:00:00,0.0,20.7,48.0,0.0,17.5,534.0
2024-10-31 16:00:00,0.0,20.2,50.0,0.0,16.5,390.0
2024-10-31 17:00:00,0.0,19.3,56.0,0.0,14.9,211.0
2024-10-31 18:00:00,0.0,17.6,75.0,0.0,10.6,46.0
2024-10-31 19:00:00,0.0,16.9,81.0,0.0,6.8,0.0
2024-10-31 20:00:00,0.0,15.9,87.0,0.0,5.9,0.0
2024-10-31 21:00:00,0.0,15.0,90.0,0.0,6.0,0.0
2024-10-31 22:00:00,0.0,15.8,83.0,0.0,3.0,0.0
2024-10-31 23:00:00,0.0,15.5,83.0,0.0,1.2,0.0
2024-11-01 00:00:00,0.0,15.3,83.0,0.0,1.7,0.0
2024-11-01 01:00:00,0.0,14.8,84.0,0.0,2.9,0.0
2024-11-01 02:00:00,0.0,12.3,91.0,0.0,6.3,0.0
2024-11-01 03:00:00,0.0,11.5,91.0,0.0,6.9,0.0
2024-11-01 04:00:00,0.0,10.9,91.0,0.0,8.1,0.0
2024-11-01 05:00:00,0.0,10.7,87.0,0.0,9.4,0.0
2024-11-01 06:00:00,0.0,9.8,86.0,0.0,9.3,0.0
2024-11-01 07:00:00,0.0,9.4,80.0,0.0,9.7,0.0
2024-11-01 08:00:00,0.0,10.9,66.0,0.0,9.1,37.0
2024-11-01 09:00:00,0.0,14.8,53.0,0.0,3.7,194.0
2024-11-01 10:00:00,0.0,16.8,58.0,0.0,4.7,374.0
2024-11-01 11:00:00,0.0,18.0,62.0,0.0,8.0,522.0
2024-11-01 12:00:00,0.0,19.1,62.0,0.0,11.6,621.0
2024-11-01 13:00:00,0.0,19.7,60.0,0.0,14.0,657.0
2024-11-01 14:00:00,0.0,19.9,57.0,0.0,13.9,627.0
2024-11-01 15:00:00,0.0,19.9,53.0,0.0,14.6,534.0
2024-11-01 16:00:00,0.0,19.5,54.0,0.0,12.0,389.0
2024-11-01 17:00:00,0.0,18.7,59.0,0.0,11.3,210.0
2024-11-01 18:00:00,0.0,16.9,70.0,0.0,9.1,45.0
2024-11-01 19:00:00,0.0,16.5,74.0,0.0,4.4,0.0
2024-11-01 20:00:00,0.0,16.1,79.0,1.0,2.5,0.0
2024-11-01 21:00:00,0.0,16.2,78.0,5.0,2.6,0.0
2024-11-01 22:00:00,0.0,14.6,85.0,25.0,7.9,0.0
2024-11-01 23:00:00,0.0,13.7,87.0,10.0,9.4,0.0
2024-11-02 00:00:00,0.0,12.9,89.0,1.0,8.3,0.0
2024-11-02 01:00:00,0.0,12.5,91.0,2.0,8.0,0.0
2024-11-02 02:00:00,0.0,12.1,93.0,2.0,7.8,0.0
2024-11-02 03:00:00,0.0,12.0,93.0,18.0,9.9,0.0
2024-11-02 04:00:00,0.0,11.4,93.0,100.0,9.4,0.0
2024-11-02 05:00:00,0.0,11.4,92.0,95.0,10.6,0.0
2024-11-02 06:00:00,0.0,12.5,89.0,23.0,10.4,0.0
2024-11-02 07:00:00,0.0,12.3,89.0,14.0,10.6,0.0
2024-11-02 08:00:00,0.0,13.1,85.0,94.0,9.6,31.0
2024-11-02 09:00:00,0.0,15.6,73.0,100.0,7.0,172.0
2024-11-02 10:00:00,0.0,17.0,68.0,92.0,7.2,261.0
2024-11-02 11:00:00,0.0,18.2,63.0,95.0,8.3,423.0
2024-11-02 12:00:00,0.0,19.0,59.0,61.0,11.2,506.0
2024-11-02 13:00:00,0.0,19.4,58.0,2.0,16.1,615.0
2024-11-02 14:00:00,0.0,19.3,58.0,1.0,15.8,574.0
2024-11-02 15:00:00,0.0,19.5,60.0,0.0,17.6,510.0
2024-11-02 16:00:00,0.0,18.9,64.0,8.0,18.0,373.0
2024-11-02 17:00:00,0.0,18.5,68.0,20.0,15.7,112.0
2024-11-02 18:00:00,0.0,17.2,74.0,47.0,11.6,34.0
2024-11-02 19:00:00,0.1,16.9,79.0,84.0,12.6,0.0
2024-11-02 20:00:00,0.6,16.3,81.0,80.0,7.5,0.0
2024-11-02 21:00:00,0.5,15.5,86.0,100.0,3.9,0.0
2024-11-02 22:00:00,0.3,15.6,86.0,61.0,5.2,0.0
2024-11-02 23:00:00,0.2,15.6,87.0,34.0,8.7,0.0
2024-11-03 00:00:00,0.0,15.2,89.0,32.0,9.3,0.0
2024-11-03 01:00:00,0.0,15.2,86.0,29.0,10.1,0.0
2024-11-03 02:00:00,0.0,15.0,82.0,37.0,9.9,0.0
2024-11-03 03:00:00,0.0,14.4,83.0,38.0,9.6,0.0
2024-11-03 04:00:00,0.0,14.3,84.0,94.0,11.5,0.0
2024-11-03 05:00:00,0.0,15.0,81.0,83.0,10.5,0.0
2024-11-03 06:00:00,0.0,14.1,79.0,39.0,11.1,0.0
2024-11-03 07:00:00,0.0,13.5,83.0,36.0,14.5,0.0
2024-11-03 08:00:00,0.0,14.0,80.0,54.0,13.7,30.0
2024-11-03 09:00:00,0.1,15.7,71.0,21.0,15.1,146.0
2024-11-03 10:00:00,0.0,17.2,68.0,16.0,12.1,347.0
2024-11-03 11:00:00,0.0,18.2,63.0,54.0,8.0,473.0
2024-11-03 12:00:00,0.0,18.8,59.0,6.0,7.8,474.0
2024-11-03 13:00:00,0.0,19.5,57.0,94.0,8.5,621.0
2024-11-03 14:00:00,0.0,19.2,57.0,14.0,16.6,490.0
2024-11-03 15:00:00,0.0,18.9,56.0,35.0,20.4,473.0
2024-11-03 16:00:00,0.0,18.7,59.0,1.0,21.5,327.0
2024-11-03 17:00:00,0.0,18.7,53.0,0.0,16.8,202.0
2024-11-03 18:00:00,0.0,17.4,64.0,0.0,10.7,42.0
2024-11-03 19:00:00,0.0,16.5,69.0,0.0,9.7,0.0
2024-11-03 20:00:00,0.0,15.3,72.0,0.0,8.2,0.0
2024-11-03 21:00:00,0.0,14.1,75.0,0.0,7.5,0.0
2024-11-03 22:00:00,0.0,13.1,79.0,0.0,8.3,0.0
2024-11-03 23:00:00,0.0,12.0,85.0,0.0,7.6,0.0
2024-11-04 00:00:00,0.0,11.5,86.0,0.0,7.0,0.0
2024-11-04 01:00:00,0.0,11.5,83.0,0.0,11.1,0.0
2024-11-04 02:00:00,0.0,10.5,85.0,0.0,9.6,0.0
2024-11-04 03:00:00,0.0,9.9,83.0,0.0,9.4,0.0
2024-11-04 04:00:00,0.0,9.3,78.0,0.0,10.2,0.0
2024-11-04 05:00:00,0.0,9.0,72.0,0.0,10.9,0.0
2024-11-04 06:00:00,0.0,9.8,67.0,0.0,10.1,0.0
2024-11-04 07:00:00,0.0,9.0,68.0,0.0,10.3,0.0
2024-11-04 08:00:00,0.0,9.9,64.0,0.0,8.9,34.0
2024-11-04 09:00:00,0.0,14.5,50.0,0.0,4.0,193.0
2024-11-04 10:00:00,0.0,17.6,42.0,0.0,2.3,376.0
2024-11-04 11:00:00,0.0,19.4,42.0,0.0,6.1,526.0
2024-11-04 12:00:00,0.0,20.9,34.0,0.0,10.1,626.0
2024-11-04 13:00:00,0.0,21.6,30.0,0.0,11.6,662.0
2024-11-04 14:00:00,0.0,21.7,28.0,0.0,11.5,631.0
2024-11-04 15:00:00,0.0,21.7,29.0,0.0,11.4,536.0
2024-11-04 16:00:00,0.0,21.2,34.0,0.0,9.2,388.0
2024-11-04 17:00:00,0.0,20.1,43.0,0.0,6.2,207.0
2024-11-04 18:00:00,0.0,17.9,66.0,0.0,6.5,41.0
2024-11-04 19:00:00,0.0,17.1,67.0,0.0,6.7,0.0
2024-11-04 20:00:00,0.0,16.3,63.0,0.0,8.6,0.0
2024-11-04 21:00:00,0.0,15.2,66.0,0.0,8.3,0.0
2024-11-04 22:00:00,0.0,14.0,70.0,0.0,7.2,0.0
2024-11-04 23:00:00,0.0,13.1,69.0,0.0,7.8,0.0
2024-11-05 00:00:00,0.0,12.2,67.0,0.0,9.8,0.0
2024-11-05 01:00:00,0.0,10.8,69.0,0.0,9.9,0.0
2024-11-05 02:00:00,0.0,10.6,66.0,0.0,11.0,0.0
2024-11-05 03:00:00,0.0,10.0,64.0,0.0,11.0,0.0
2024-11-05 04:00:00,0.0,9.7,63.0,0.0,10.5,0.0
2024-11-05 05:00:00,0.0,9.4,62.0,0.0,10.6,0.0
2024-11-05 06:00:00,0.0,8.6,66.0,0.0,10.0,0.0
2024-11-05 07:00:00,0.0,8.5,64.0,0.0,11.1,0.0
2024-11-05 08:00:00,0.0,9.9,58.0,0.0,9.7,33.0
2024-11-05 09:00:00,0.0,14.6,48.0,0.0,4.6,192.0
2024-11-05 10:00:00,0.0,18.2,33.0,0.0,3.6,377.0
2024-11-05 11:00:00,0.0,20.2,30.0,0.0,6.9,528.0
2024-11-05 12:00:00,0.0,21.6,27.0,0.0,7.6,627.0
2024-11-05 13:00:00,0.0,22.2,26.0,0.0,11.4,663.0
2024-11-05 14:00:00,0.0,21.8,29.0,0.0,15.0,634.0
2024-11-05 15:00:00,0.0,21.2,36.0,9.0,14.1,539.0
2024-11-05 16:00:00,0.0,20.3,46.0,8.0,12.4,391.0
2024-11-05 17:00:00,0.0,18.7,66.0,22.0,9.3,207.0
2024-11-05 18:00:00,0.0,17.2,60.0,87.0,4.4,40.0
2024-11-05 19:00:00,0.0,16.2,75.0,61.0,1.5,0.0
2024-11-05 20:00:00,0.0,15.1,78.0,96.0,4.2,0.0
2024-11-05 21:00:00,0.0,14.4,73.0,100.0,6.6,0.0
2024-11-05 22:00:00,0.0,13.9,68.0,98.0,7.7,0.0
2024-11-05 23:00:00,0.0,13.6,62.0,100.0,9.0,0.0
2024-11-06 00:00:00,0.0,13.0,58.0,87.0,9.2,0.0
2024-11-06 01:00:00,0.0,12.3,56.0,51.0,9.5,0.0
2024-11-06 02:00:00,0.0,11.4,59.0,61.0,8.7,0.0
2024-11-06 03:00:00,0.0,11.1,56.0,100.0,9.4,0.0
2024-11-06 04:00:00,0.0,10.9,56.0,99.0,6.9,0.0
2024-11-06 05:00:00,0.0,10.1,55.0,99.0,10.5,0.0
2024-11-06 06:00:00,0.0,12.2,44.0,98.0,6.9,0.0
2024-11-06 07:00:00,0.0,9.9,53.0,94.0,6.8,0.0
2024-11-06 08:00:00,0.0,11.8,43.0,85.0,10.3,28.0
2024-11-06 09:00:00,0.0,15.4,35.0,50.0,6.6,189.0
2024-11-06 10:00:00,0.0,18.0,25.0,32.0,1.7,374.0
2024-11-06 11:00:00,0.0,20.0,26.0,34.0,8.5,527.0
2024-11-06 12:00:00,0.0,21.1,29.0,34.0,13.8,623.0
2024-11-06 13:00:00,0.0,22.0,25.0,92.0,12.5,656.0
2024-11-06 14:00:00,0.0,23.2,22.0,68.0,6.9,624.0
2024-11-06 15:00:00,0.0,24.5,6.0,51.0,15.9,536.0
2024-11-06 16:00:00,0.0,24.5,6.0,45.0,20.7,398.0
2024-11-06 17:00:00,0.0,23.1,6.0,77.0,12.3,213.0
2024-11-06 18:00:00,0.0,21.2,9.0,55.0,13.1,40.0
2024-11-06 19:00:00,0.0,19.0,11.0,82.0,15.2,0.0
2024-11-06 20:00:00,0.0,17.6,13.0,78.0,13.0,0.0
2024-11-06 21:00:00,0.0,17.0,16.0,43.0,4.9,0.0
2024-11-06 22:00:00,0.0,18.1,13.0,52.0,4.4,0.0
2024-11-06 23:00:00,0.0,18.0,13.0,20.0,5.0,0.0
2024-11-07 00:00:00,0.0,17.4,13.0,0.0,4.5,0.0
2024-11-07 01:00:00,0.0,14.1,18.0,0.0,7.6,0.0
2024-11-07 02:00:00,0.0,11.5,25.0,0.0,10.8,0.0
2024-11-07 03:00:00,0.0,10.8,27.0,0.0,10.1,0.0
2024-11-07 04:00:00,0.0,11.1,23.0,0.0,9.8,0.0
2024-11-07 05:00:00,0.0,11.8,21.0,0.0,9.4,0.0
2024-11-07 06:00:00,0.0,9.7,24.0,0.0,15.1,0.0
2024-11-07 07:00:00,0.0,9.3,25.0,0.0,15.0,0.0
2024-11-07 08:00:00,0.0,10.7,24.0,0.0,12.6,32.0
2024-11-07 09:00:00,0.0,15.3,19.0,0.0,7.2,195.0
2024-11-07 10:00:00,0.0,18.9,13.0,0.0,4.2,382.0
2024-11-07 11:00:00,0.0,20.3,12.0,0.0,3.4,535.0
2024-11-07 12:00:00,0.0,21.3,12.0,0.0,4.2,634.0
2024-11-07 13:00:00,0.0,22.2,10.0,0.0,1.3,669.0
2024-11-07 14:00:00,0.0,23.1,7.0,0.0,4.0,639.0
2024-11-07 15:00:00,0.0,23.1,8.0,0.0,7.2,545.0
2024-11-07 16:00:00,0.0,22.3,15.0,0.0,11.9,393.0
2024-11-07 17:00:00,0.0,21.6,17.0,0.0,14.7,207.0
2024-11-07 18:00:00,0.0,18.9,38.0,0.0,13.2,39.0
2024-11-07 19:00:00,0.0,18.0,30.0,0.0,10.1,0.0
2024-11-07 20:00:00,0.0,16.1,28.0,0.0,7.3,0.0
2024-11-07 21:00:00,0.0,15.4,46.0,0.0,3.1,0.0
2024-11-07 22:00:00,0.0,13.8,47.0,0.0,7.6,0.0
2024-11-07 23:00:00,0.0,13.8,37.0,0.0,10.9,0.0
2024-11-08 00:00:00,0.0,11.9,32.0,0.0,10.6,0.0
2024-11-08 01:00:00,0.0,10.3,33.0,0.0,11.3,0.0
2024-11-08 02:00:00,0.0,9.7,31.0,0.0,13.4,0.0
2024-11-08 03:00:00,0.0,9.5,29.0,0.0,14.6,0.0
2024-11-08 04:00:00,0.0,9.5,27.0,0.0,14.2,0.0
2024-11-08 05:00:00,0.0,9.4,26.0,0.0,13.8,0.0
2024-11-08 06:00:00,0.0,8.3,28.0,0.0,12.7,0.0
2024-11-08 07:00:00,0.0,7.8,29.0,0.0,12.2,0.0
2024-11-08 08:00:00,0.0,9.0,26.0,0.0,11.2,31.0
2024-11-08 09:00:00,0.0,13.8,19.0,0.0,7.8,193.0
2024-11-08 10:00:00,0.0,18.1,14.0,0.0,1.3,379.0
2024-11-08 11:00:00,0.0,20.0,12.0,0.0,7.5,533.0
2024-11-08 12:00:00,0.0,21.2,12.0,0.0,11.8,634.0
2024-11-08 13:00:00,0.0,21.9,12.0,0.0,14.2,670.0
2024-11-08 14:00:00,0.0,21.6,13.0,0.0,14.4,639.0
2024-11-08 15:00:00,0.0,21.3,17.0,0.0,13.5,543.0
2024-11-08 16:00:00,0.0,20.6,25.0,0.0,11.5,392.0
2024-11-08 17:00:00,0.0,19.6,31.0,0.0,8.6,205.0
2024-11-08 18:00:00,0.0,18.1,35.0,0.0,8.8,38.0
2024-11-08 19:00:00,0.0,16.9,41.0,0.0,9.2,0.0
2024-11-08 20:00:00,0.0,15.8,38.0,0.0,9.7,0.0
2024-11-08 21:00:00,0.0,14.5,34.0,0.0,8.7,0.0
2024-11-08 22:00:00,0.0,13.6,32.0,0.0,8.0,0.0
2024-11-08 23:00:00,0.0,13.1,31.0,0.0,8.6,0.0
2024-11-09 00:00:00,0.0,12.6,30.0,0.0,9.3,0.0
2024-11-09 01:00:00,0.0,11.9,31.0,0.0,10.1,0.0
2024-11-09 02:00:00,0.0,11.0,32.0,0.0,11.0,0.0
2024-11-09 03:00:00,0.0,9.8,34.0,0.0,10.9,0.0
2024-11-09 04:00:00,0.0,9.0,35.0,0.0,10.8,0.0
2024-11-09 05:00:00,0.0,8.5,36.0,0.0,11.0,0.0
2024-11-09 06:00:00,0.0,7.6,41.0,0.0,10.9,0.0
2024-11-09 07:00:00,0.0,7.3,42.0,0.0,11.3,0.0
2024-11-09 08:00:00,0.0,8.6,38.0,0.0,10.1,29.0
2024-11-09 09:00:00,0.0,13.7,28.0,0.0,5.3,189.0
2024-11-09 10:00:00,0.0,18.4,20.0,0.0,1.3,374.0
2024-11-09 11:00:00,0.0,20.5,19.0,0.0,7.0,527.0
2024-11-09 12:00:00,0.0,21.6,20.0,0.0,10.9,626.0
2024-11-09 13:00:00,0.0,22.0,21.0,0.0,15.9,662.0
2024-11-09 14:00:00,0.0,21.9,22.0,0.0,18.4,632.0
2024-11-09 15:00:00,0.0,21.7,25.0,0.0,16.8,537.0
2024-11-09 16:00:00,0.0,20.8,35.0,0.0,14.1,388.0
2024-11-09 17:00:00,0.0,19.2,49.0,0.0,8.9,203.0
2024-11-09 18:00:00,0.0,17.8,48.0,0.0,6.3,37.0
2024-11-09 19:00:00,0.0,16.8,56.0,0.0,2.2,0.0
2024-11-09 20:00:00,0.0,16.6,57.0,23.0,1.3,0.0
2024-11-09 21:00:00,0.0,15.5,61.0,100.0,3.9,0.0
2024-11-09 22:00:00,0.0,13.7,61.0,100.0,7.0,0.0
2024-11-09 23:00:00,0.0,13.5,49.0,98.0,6.4,0.0
2024-11-10 00:00:00,0.0,12.4,43.0,50.0,8.1,0.0
2024-11-10 01:00:00,0.0,11.8,41.0,85.0,9.6,0.0
2024-11-10 02:00:00,0.0,10.8,42.0,81.0,8.0,0.0
2024-11-10 03:00:00,0.0,10.6,41.0,96.0,7.3,0.0
2024-11-10 04:00:00,0.0,11.1,39.0,94.0,6.6,0.0
2024-11-10 05:00:00,0.0,11.7,37.0,85.0,6.0,0.0
2024-11-10 06:00:00,0.0,12.5,35.0,100.0,6.0,0.0
2024-11-10 07:00:00,0.0,12.1,36.0,100.0,6.5,0.0
2024-11-10 08:00:00,0.0,12.4,36.0,90.0,6.1,26.0
2024-11-10 09:00:00,0.0,15.2,30.0,32.0,2.7,175.0
2024-11-10 10:00:00,0.0,17.5,26.0,3.0,2.1,366.0
2024-11-10 11:00:00,0.0,19.6,26.0,0.0,4.7,518.0
2024-11-10 12:00:00,0.0,21.1,27.0,0.0,7.3,617.0
2024-11-10 13:00:00,0.0,21.6,32.0,0.0,9.5,654.0
2024-11-10 14:00:00,0.0,21.3,39.0,0.0,11.9,622.0
2024-11-10 15:00:00,0.0,20.6,47.0,1.0,13.2,528.0
2024-11-10 16:00:00,0.0,19.4,57.0,4.0,12.1,380.0
2024-11-10 17:00:00,0.0,18.1,71.0,7.0,8.9,198.0
2024-11-10 18:00:00,0.0,17.2,83.0,9.0,3.6,35.0
2024-11-10 19:00:00,0.0,16.4,89.0,84.0,1.8,0.0
2024-11-10 20:00:00,0.0,15.5,95.0,85.0,3.1,0.0
2024-11-10 21:00:00,0.0,15.5,95.0,16.0,2.2,0.0
2024-11-10 22:00:00,0.0,13.9,96.0,1.0,5.8,0.0
2024-11-10 23:00:00,0.0,13.8,90.0,0.0,5.1,0.0
2024-11-11 00:00:00,0.0,12.7,86.0,0.0,7.6,0.0
2024-11-11 01:00:00,0.0,12.2,73.0,0.0,6.8,0.0
2024-11-11 02:00:00,0.0,13.6,56.0,0.0,4.7,0.0
2024-11-11 03:00:00,0.0,14.4,50.0,0.0,3.8,0.0
2024-11-11 04:00:00,0.0,12.6,56.0,0.0,5.8,0.0
2024-11-11 05:00:00,0.0,10.9,65.0,0.0,8.0,0.0
2024-11-11 06:00:00,0.0,10.4,58.0,0.0,7.2,0.0
2024-11-11 07:00:00,0.0,13.1,48.0,0.0,5.1,0.0
2024-11-11 08:00:00,0.0,13.1,48.0,0.0,4.4,26.0
2024-11-11 09:00:00,0.0,14.2,45.0,0.0,4.5,179.0
2024-11-11 10:00:00,0.0,16.5,45.0,0.0,1.6,358.0
2024-11-11 11:00:00,0.0,18.6,42.0,0.0,3.2,511.0
2024-11-11 12:00:00,0.0,20.1,36.0,0.0,8.1,612.0
2024-11-11 13:00:00,0.0,20.2,34.0,0.0,15.3,650.0
2024-11-11 14:00:00,0.0,18.7,56.0,0.0,20.8,620.0
2024-11-11 15:00:00,0.0,18.8,65.0,0.0,15.9,522.0
2024-11-11 16:00:00,0.0,18.2,71.0,1.0,10.4,373.0
2024-11-11 17:00:00,0.0,16.8,80.0,1.0,19.3,193.0
2024-11-11 18:00:00,0.0,16.0,76.0,0.0,9.1,33.0
2024-11-11 19:00:00,0.0,15.6,80.0,1.0,5.9,0.0
2024-11-11 20:00:00,0.0,14.9,86.0,4.0,4.1,0.0
2024-11-11 21:00:00,0.0,14.3,89.0,11.0,5.1,0.0
2024-11-11 22:00:00,0.0,13.5,91.0,8.0,6.2,0.0
2024-11-11 23:00:00,0.0,12.9,91.0,87.0,6.3,0.0
2024-11-12 00:00:00,0.0,13.9,85.0,100.0,4.7,0.0
2024-11-12 01:00:00,0.0,14.5,84.0,43.0,6.2,0.0
2024-11-12 02:00:00,0.0,13.6,89.0,78.0,6.9,0.0
2024-11-12 03:00:00,0.0,14.0,87.0,58.0,7.6,0.0
2024-11-12 04:00:00,0.0,13.8,89.0,59.0,8.5,0.0
2024-11-12 05:00:00,0.0,13.5,90.0,48.0,8.2,0.0
2024-11-12 06:00:00,0.0,13.2,86.0,100.0,3.8,0.0
2024-11-12 07:00:00,0.0,13.8,82.0,100.0,2.7,0.0
2024-11-12 08:00:00,0.0,14.4,81.0,95.0,2.6,14.0
2024-11-12 09:00:00,0.0,15.3,80.0,97.0,1.7,94.0
2024-11-12 10:00:00,0.0,16.7,73.0,44.0,0.6,259.0
2024-11-12 11:00:00,0.0,18.1,63.0,11.0,2.8,493.0
2024-11-12 12:00:00,0.0,19.1,53.0,0.0,4.7,603.0
2024-11-12 13:00:00,0.0,19.3,47.0,10.0,8.6,644.0
2024-11-12 14:00:00,0.0,18.8,51.0,0.0,10.1,617.0
2024-11-12 15:00:00,0.0,18.3,51.0,0.0,10.1,523.0
2024-11-12 16:00:00,0.0,17.7,51.0,0.0,8.8,373.0
2024-11-12 17:00:00,0.0,17.2,53.0,0.0,9.9,192.0
2024-11-12 18:00:00,0.0,16.4,67.0,0.0,8.7,33.0
2024-11-12 19:00:00,0.0,16.1,68.0,0.0,7.9,0.0
2024-11-12 20:00:00,0.0,15.5,69.0,0.0,4.4,0.0
2024-11-12 21:00:00,0.0,14.9,72.0,0.0,4.5,0.0
2024-11-12 22:00:00,0.0,14.5,75.0,0.0,5.2,0.0
2024-11-12 23:00:00,0.0,13.6,81.0,0.0,3.8,0.0
2024-11-13 00:00:00,0.0,13.3,81.0,0.0,1.1,0.0
2024-11-13 01:00:00,0.0,12.7,82.0,0.0,0.9,0.0
2024-11-13 02:00:00,0.0,12.1,78.0,0.0,2.2,0.0
2024-11-13 03:00:00,0.0,11.7,63.0,0.0,3.7,0.0
2024-11-13 04:00:00,0.0,11.6,44.0,0.0,4.7,0.0
2024-11-13 05:00:00,0.0,11.4,35.0,0.0,5.2,0.0
2024-11-13 06:00:00,0.0,10.0,38.0,0.0,6.0,0.0
2024-11-13 07:00:00,0.0,9.6,37.0,0.0,4.8,0.0
2024-11-13 08:00:00,0.0,10.0,35.0,0.0,4.7,25.0
2024-11-13 09:00:00,0.0,12.6,31.0,0.0,3.9,180.0
2024-11-13 10:00:00,0.0,17.2,27.0,0.0,3.1,366.0
2024-11-13 11:00:00,0.0,20.7,23.0,0.0,3.6,519.0
2024-11-13 12:00:00,0.0,22.1,23.0,0.0,8.2,620.0
2024-11-13 13:00:00,0.0,22.2,25.0,0.0,10.9,657.0
2024-11-13 14:00:00,0.0,22.4,23.0,0.0,10.6,627.0
2024-11-13 15:00:00,0.0,22.3,23.0,0.0,10.1,535.0
2024-11-13 16:00:00,0.0,21.7,25.0,0.0,8.5,385.0
2024-11-13 17:00:00,0.0,19.9,33.0,0.0,7.1,201.0
2024-11-13 18:00:00,0.0,17.8,49.0,0.0,3.8,34.0
2024-11-13 19:00:00,0.0,16.8,54.0,0.0,4.0,0.0
2024-11-13 20:00:00,0.0,16.3,54.0,0.0,4.1,0.0
2024-11-13 21:00:00,0.0,15.8,53.0,0.0,4.1,0.0
2024-11-13 22:00:00,0.0,15.1,57.0,0.0,4.0,0.0
2024-11-13 23:00:00,0.0,14.4,62.0,0.0,2.8,0.0
2024-11-14 00:00:00,0.0,13.3,66.0,0.0,2.5,0.0
2024-11-14 01:00:00,0.0,12.3,66.0,0.0,3.1,0.0
2024-11-14 02:00:00,0.0,11.5,64.0,0.0,3.6,0.0
2024-11-14 03:00:00,0.0,10.9,59.0,0.0,2.4,0.0
2024-11-14 04:00:00,0.0,10.4,52.0,0.0,2.0,0.0
2024-11-14 05:00:00,0.0,10.5,48.0,0.0,0.9,0.0
2024-11-14 06:00:00,0.0,9.4,50.0,0.0,0.5,0.0
2024-11-14 07:00:00,0.0,9.5,46.0,0.0,2.6,0.0
2024-11-14 08:00:00,0.0,9.4,46.0,0.0,5.1,24.0
2024-11-14 09:00:00,0.0,12.8,39.0,0.0,4.6,180.0
2024-11-14 10:00:00,0.0,16.4,33.0,0.0,1.0,366.0
2024-11-14 11:00:00,0.0,18.2,37.0,0.0,3.6,519.0
2024-11-14 12:00:00,0.0,19.8,37.0,0.0,5.4,619.0
2024-11-14 13:00:00,0.0,20.4,40.0,0.0,8.2,654.0
2024-11-14 14:00:00,0.0,20.3,41.0,0.0,9.4,622.0
2024-11-14 15:00:00,0.0,19.8,44.0,0.0,9.4,528.0
2024-11-14 16:00:00,0.0,18.9,51.0,8.0,8.8,379.0
2024-11-14 17:00:00,0.0,17.6,62.0,24.0,6.3,195.0
2024-11-14 18:00:00,0.0,15.9,87.0,57.0,4.8,30.0
2024-11-14 19:00:00,0.0,15.0,93.0,99.0,1.9,0.0
2024-11-14 20:00:00,0.0,15.0,93.0,98.0,2.7,0.0
2024-11-14 21:00:00,0.0,14.5,95.0,53.0,2.8,0.0
2024-11-14 22:00:00,0.1,15.3,91.0,41.0,4.7,0.0
2024-11-14 23:00:00,0.0,15.2,87.0,36.0,7.6,0.0
2024-11-15 00:00:00,0.0,14.8,82.0,24.0,9.0,0.0
2024-11-15 01:00:00,0.0,14.7,78.0,21.0,11.2,0.0
2024-11-15 02:00:00,0.0,14.5,78.0,31.0,11.9,0.0
2024-11-15 03:00:00,0.0,14.3,78.0,19.0,13.7,0.0
2024-11-15 04:00:00,0.0,14.3,77.0,17.0,13.9,0.0
2024-11-15 05:00:00,0.0,14.2,78.0,13.0,14.2,0.0
2024-11-15 06:00:00,0.1,14.1,73.0,15.0,13.8,0.0
2024-11-15 07:00:00,0.0,14.0,72.0,13.0,12.1,0.0
2024-11-15 08:00:00,0.0,14.4,69.0,15.0,12.8,20.0
2024-11-15 09:00:00,0.0,15.5,62.0,11.0,16.0,154.0
2024-11-15 10:00:00,0.0,16.2,58.0,13.0,18.7,329.0
2024-11-15 11:00:00,0.0,16.6,55.0,17.0,20.2,472.0
2024-11-15 12:00:00,0.0,16.8,51.0,15.0,20.9,564.0
2024-11-15 13:00:00,0.0,16.7,53.0,14.0,21.2,613.0
2024-11-15 14:00:00,0.1,16.3,54.0,19.0,22.3,558.0
2024-11-15 15:00:00,0.0,15.9,55.0,10.0,21.4,458.0
2024-11-15 16:00:00,0.0,15.4,56.0,19.0,19.8,348.0
2024-11-15 17:00:00,0.0,14.8,57.0,13.0,18.5,171.0
2024-11-15 18:00:00,0.0,14.1,61.0,24.0,12.8,28.0
2024-11-15 19:00:00,0.1,13.9,61.0,26.0,11.2,0.0
2024-11-15 20:00:00,0.0,13.9,59.0,21.0,11.0,0.0
2024-11-15 21:00:00,0.0,13.6,59.0,59.0,11.0,0.0
2024-11-15 22:00:00,0.4,13.7,58.0,43.0,10.5,0.0
2024-11-15 23:00:00,0.7,13.5,61.0,29.0,10.7,0.0
2024-11-16 00:00:00,0.3,13.4,62.0,37.0,10.1,0.0
2024-11-16 01:00:00,0.0,13.2,67.0,17.0,8.3,0.0
2024-11-16 02:00:00,0.0,12.6,75.0,35.0,8.0,0.0
2024-11-16 03:00:00,0.0,12.1,74.0,12.0,5.9,0.0
2024-11-16 04:00:00,0.0,11.7,72.0,3.0,7.5,0.0
2024-11-16 05:00:00,0.0,10.2,80.0,17.0,3.8,0.0
2024-11-16 06:00:00,0.0,8.9,89.0,13.0,4.4,0.0
2024-11-16 07:00:00,0.0,9.0,91.0,14.0,8.4,0.0
2024-11-16 08:00:00,0.0,8.9,88.0,3.0,10.1,19.0
2024-11-16 09:00:00,0.0,11.2,78.0,4.0,7.4,164.0
2024-11-16 10:00:00,0.0,13.8,64.0,0.0,4.1,344.0
2024-11-16 11:00:00,0.0,15.1,53.0,5.0,1.8,491.0
2024-11-16 12:00:00,0.0,15.9,48.0,1.0,3.5,583.0
2024-11-16 13:00:00,0.0,16.4,46.0,2.0,7.2,629.0
2024-11-16 14:00:00,0.0,16.4,44.0,5.0,9.9,598.0
2024-11-16 15:00:00,0.0,15.9,45.0,6.0,11.3,502.0
2024-11-16 16:00:00,0.0,15.2,47.0,13.0,9.5,350.0
2024-11-16 17:00:00,0.0,14.6,50.0,7.0,9.0,174.0
2024-11-16 18:00:00,0.0,14.5,63.0,3.0,6.9,26.0
2024-11-16 19:00:00,0.0,13.9,66.0,0.0,5.9,0.0
2024-11-16 20:00:00,0.0,12.9,71.0,0.0,3.8,0.0
2024-11-16 21:00:00,0.0,12.3,72.0,0.0,3.9,0.0
2024-11-16 22:00:00,0.0,11.7,73.0,0.0,3.6,0.0
2024-11-16 23:00:00,0.0,11.0,75.0,0.0,3.3,0.0
2024-11-17 00:00:00,0.0,10.5,75.0,0.0,3.4,0.0
2024-11-17 01:00:00,0.0,9.9,75.0,0.0,4.6,0.0
2024-11-17 02:00:00,0.0,9.2,74.0,0.0,5.8,0.0
2024-11-17 03:00:00,0.0,8.8,74.0,0.0,6.6,0.0
2024-11-17 04:00:00,0.0,8.5,72.0,0.0,6.1,0.0
2024-11-17 05:00:00,0.0,8.1,72.0,0.0,5.3,0.0
2024-11-17 06:00:00,0.0,7.6,69.0,0.0,6.5,0.0
2024-11-17 07:00:00,0.0,7.1,71.0,0.0,5.0,0.0
2024-11-17 08:00:00,0.0,7.1,70.0,0.0,5.7,20.0
2024-11-17 09:00:00,0.0,9.7,59.0,0.0,4.1,169.0
2024-11-17 10:00:00,0.0,13.7,46.0,0.0,2.0,353.0
2024-11-17 11:00:00,0.0,16.5,33.0,0.0,1.3,506.0
2024-11-17 12:00:00,0.0,18.0,27.0,0.0,6.5,607.0
2024-11-17 13:00:00,0.0,18.4,27.0,0.0,10.1,644.0
2024-11-17 14:00:00,0.0,18.2,28.0,0.0,12.1,614.0
2024-11-17 15:00:00,0.0,17.5,34.0,0.0,11.2,520.0
2024-11-17 16:00:00,0.0,16.8,45.0,0.0,8.0,371.0
2024-11-17 17:00:00,0.0,15.9,56.0,0.0,5.2,188.0
2024-11-17 18:00:00,0.0,14.6,69.0,0.0,1.0,29.0
2024-11-17 19:00:00,0.0,14.1,72.0,5.0,0.7,0.0
2024-11-17 20:00:00,0.0,13.5,73.0,2.0,1.0,0.0
2024-11-17 21:00:00,0.0,12.9,72.0,0.0,3.4,0.0
2024-11-17 22:00:00,0.0,12.4,70.0,0.0,4.0,0.0
2024-11-17 23:00:00,0.0,12.2,68.0,0.0,4.4,0.0
2024-11-18 00:00:00,0.0,12.0,70.0,0.0,4.8,0.0
2024-11-18 01:00:00,0.0,11.6,70.0,0.0,6.0,0.0
2024-11-18 02:00:00,0.0,11.2,65.0,0.0,7.1,0.0
2024-11-18 03:00:00,0.0,11.0,61.0,0.0,9.6,0.0
2024-11-18 04:00:00,0.0,11.1,61.0,0.0,10.2,0.0
2024-11-18 05:00:00,0.0,10.9,59.0,1.0,7.0,0.0
2024-11-18 06:00:00,0.0,9.4,54.0,0.0,5.5,0.0
2024-11-18 07:00:00,0.0,9.4,52.0,8.0,8.8,0.0
2024-11-18 08:00:00,0.0,10.1,52.0,26.0,12.5,17.0
2024-11-18 09:00:00,0.0,12.2,51.0,13.0,9.6,148.0
2024-11-18 10:00:00,0.0,14.9,49.0,6.0,9.0,326.0
2024-11-18 11:00:00,0.0,16.6,59.0,8.0,11.1,482.0
2024-11-18 12:00:00,0.0,17.8,55.0,81.0,12.0,579.0
2024-11-18 13:00:00,0.0,17.6,58.0,62.0,14.5,521.0
2024-11-18 14:00:00,0.0,17.6,60.0,15.0,15.0,560.0
2024-11-18 15:00:00,0.0,17.2,64.0,16.0,13.8,487.0
2024-11-18 16:00:00,0.0,16.5,69.0,7.0,13.1,333.0
2024-11-18 17:00:00,0.0,15.6,75.0,1.0,11.2,180.0
2024-11-18 18:00:00,0.0,14.5,83.0,13.0,7.6,24.0
2024-11-18 19:00:00,0.0,13.9,87.0,7.0,6.2,0.0
2024-11-18 20:00:00,0.0,13.4,89.0,7.0,5.6,0.0
2024-11-18 21:00:00,0.0,13.1,91.0,10.0,5.1,0.0
2024-11-18 22:00:00,0.0,12.8,91.0,13.0,6.5,0.0
2024-11-18 23:00:00,0.0,12.5,91.0,30.0,5.0,0.0
2024-11-19 00:00:00,0.0,12.1,91.0,16.0,6.4,0.0
2024-11-19 01:00:00,0.0,11.9,90.0,9.0,5.8,0.0
2024-11-19 02:00:00,0.0,11.5,90.0,82.0,5.3,0.0
2024-11-19 03:00:00,0.0,10.9,91.0,26.0,3.3,0.0
2024-11-19 04:00:00,0.0,9.8,94.0,88.0,2.7,0.0
2024-11-19 05:00:00,0.0,9.8,92.0,28.0,6.2,0.0
2024-11-19 06:00:00,0.0,9.6,81.0,30.0,5.6,0.0
2024-11-19 07:00:00,0.0,9.3,80.0,8.0,4.7,0.0
2024-11-19 08:00:00,0.0,9.0,79.0,2.0,5.8,16.0
2024-11-19 09:00:00,0.0,11.4,69.0,54.0,4.0,156.0
2024-11-19 10:00:00,0.0,14.6,62.0,43.0,3.4,334.0
2024-11-19 11:00:00,0.0,16.5,60.0,98.0,4.1,484.0
2024-11-19 12:00:00,0.0,18.0,54.0,98.0,8.1,580.0
2024-11-19 13:00:00,0.0,18.6,55.0,66.0,11.0,614.0
2024-11-19 14:00:00,0.0,18.9,55.0,79.0,12.2,590.0
2024-11-19 15:00:00,0.0,18.7,54.0,13.0,12.3,499.0
2024-11-19 16:00:00,0.0,17.9,55.0,0.0,12.1,359.0
2024-11-19 17:00:00,0.0,16.7,60.0,0.0,9.8,183.0
2024-11-19 18:00:00,0.0,15.8,65.0,0.0,8.2,27.0
2024-11-19 19:00:00,0.0,14.7,69.0,0.0,4.6,0.0
2024-11-19 20:00:00,0.0,13.6,76.0,0.0,1.7,0.0
2024-11-19 21:00:00,0.0,13.1,81.0,0.0,2.2,0.0
2024-11-19 22:00:00,0.0,12.9,82.0,0.0,1.8,0.0
2024-11-19 23:00:00,0.0,12.3,76.0,0.0,3.7,0.0
2024-11-20 00:00:00,0.0,11.7,60.0,0.0,5.2,0.0
2024-11-20 01:00:00,0.0,11.2,45.0,0.0,6.5,0.0
2024-11-20 02:00:00,0.0,10.8,41.0,0.0,5.8,0.0
2024-11-20 03:00:00,0.0,9.8,45.0,0.0,4.3,0.0
2024-11-20 04:00:00,0.0,8.6,52.0,0.0,2.7,0.0
2024-11-20 05:00:00,0.0,8.0,55.0,0.0,2.8,0.0
2024-11-20 06:00:00,0.0,6.8,64.0,0.0,2.8,0.0
2024-11-20 07:00:00,0.0,7.0,60.0,0.0,3.4,0.0
2024-11-20 08:00:00,0.0,7.8,56.0,0.0,4.3,17.0
2024-11-20 09:00:00,0.0,10.9,48.0,0.0,4.1,163.0
2024-11-20 10:00:00,0.0,14.7,43.0,0.0,1.5,348.0
2024-11-20 11:00:00,0.0,17.6,31.0,0.0,2.4,502.0
2024-11-20 12:00:00,0.0,19.2,26.0,0.0,4.9,603.0
2024-11-20 13:00:00,0.0,20.0,25.0,0.0,6.3,641.0
2024-11-20 14:00:00,0.0,20.3,26.0,0.0,7.1,613.0
2024-11-20 15:00:00,0.0,20.1,30.0,0.0,7.2,521.0
2024-11-20 16:00:00,0.0,19.5,36.0,0.0,7.5,372.0
2024-11-20 17:00:00,0.0,18.1,44.0,0.0,6.9,189.0
2024-11-20 18:00:00,0.0,16.6,56.0,0.0,7.5,28.0
2024-11-20 19:00:00,0.0,15.7,58.0,0.0,6.2,0.0
2024-11-20 20:00:00,0.0,15.0,56.0,0.0,4.6,0.0
2024-11-20 21:00:00,0.0,14.2,57.0,0.0,4.9,0.0
2024-11-20 22:00:00,0.0,13.7,56.0,0.0,6.3,0.0
2024-11-20 23:00:00,0.0,13.0,55.0,0.0,5.4,0.0
2024-11-21 00:00:00,0.0,11.7,59.0,5.0,4.2,0.0
2024-11-21 01:00:00,0.0,10.8,59.0,20.0,3.6,0.0
2024-11-21 02:00:00,0.0,10.1,59.0,100.0,3.7,0.0
2024-11-21 03:00:00,0.0,9.6,58.0,100.0,3.1,0.0
2024-11-21 04:00:00,0.0,8.9,58.0,81.0,2.3,0.0
2024-11-21 05:00:00,0.0,8.7,54.0,0.0,2.5,0.0
2024-11-21 06:00:00,0.0,7.6,51.0,0.0,3.5,0.0
2024-11-21 07:00:00,0.0,6.8,53.0,0.0,3.1,0.0
2024-11-21 08:00:00,0.0,7.8,46.0,16.0,3.2,16.0
2024-11-21 09:00:00,0.0,10.8,40.0,6.0,5.5,161.0
2024-11-21 10:00:00,0.0,14.9,31.0,47.0,3.2,349.0
2024-11-21 11:00:00,0.0,18.2,24.0,36.0,4.2,504.0
2024-11-21 12:00:00,0.0,20.5,22.0,52.0,5.5,608.0
2024-11-21 13:00:00,0.0,21.8,24.0,0.0,7.7,647.0
2024-11-21 14:00:00,0.0,22.0,30.0,16.0,9.3,619.0
2024-11-21 15:00:00,0.0,21.0,40.0,0.0,12.3,525.0
2024-11-21 16:00:00,0.0,18.9,48.0,0.0,11.8,375.0
2024-11-21 17:00:00,0.0,18.1,43.0,0.0,9.3,191.0
2024-11-21 18:00:00,0.0,16.5,46.0,7.0,8.0,28.0
2024-11-21 19:00:00,0.0,15.8,46.0,0.0,6.5,0.0
2024-11-21 20:00:00,0.0,15.2,50.0,0.0,7.0,0.0
2024-11-21 21:00:00,0.0,14.3,57.0,0.0,5.7,0.0
2024-11-21 22:00:00,0.0,12.6,66.0,0.0,3.8,0.0
2024-11-21 23:00:00,0.0,11.8,70.0,0.0,2.4,0.0
2024-11-22 00:00:00,0.0,11.1,73.0,0.0,3.1,0.0
2024-11-22 01:00:00,0.0,10.7,80.0,0.0,4.0,0.0
2024-11-22 02:00:00,0.0,10.6,85.0,0.0,2.5,0.0
2024-11-22 03:00:00,0.0,10.3,87.0,0.0,1.9,0.0
2024-11-22 04:00:00,0.0,9.8,86.0,0.0,1.3,0.0
2024-11-22 05:00:00,0.0,8.7,81.0,0.0,2.1,0.0
2024-11-22 06:00:00,0.0,7.6,73.0,0.0,3.2,0.0
2024-11-22 07:00:00,0.0,6.6,66.0,0.0,1.9,0.0
2024-11-22 08:00:00,0.0,7.8,55.0,0.0,1.8,15.0
2024-11-22 09:00:00,0.0,10.7,45.0,2.0,5.7,155.0
2024-11-22 10:00:00,0.0,14.0,34.0,0.0,3.5,338.0
2024-11-22 11:00:00,0.0,16.8,33.0,0.0,2.0,492.0
2024-11-22 12:00:00,0.0,18.9,34.0,0.0,4.5,598.0
2024-11-22 13:00:00,0.0,19.3,43.0,0.0,7.8,639.0
2024-11-22 14:00:00,0.0,18.2,60.0,0.0,11.7,609.0
2024-11-22 15:00:00,0.0,17.8,67.0,0.0,11.6,512.0
2024-11-22 16:00:00,0.0,17.8,65.0,0.0,7.5,364.0
2024-11-22 17:00:00,0.0,16.9,69.0,0.0,7.6,183.0
2024-11-22 18:00:00,0.0,15.1,78.0,0.0,9.0,27.0
2024-11-22 19:00:00,0.0,14.3,82.0,0.0,5.7,0.0
2024-11-22 20:00:00,0.0,13.3,85.0,0.0,3.6,0.0
2024-11-22 21:00:00,0.0,12.7,85.0,0.0,2.9,0.0
2024-11-22 22:00:00,0.0,12.1,86.0,0.0,4.1,0.0
2024-11-22 23:00:00,0.0,11.6,85.0,0.0,2.7,0.0
2024-11-23 00:00:00,0.0,10.8,86.0,0.0,3.0,0.0
2024-11-23 01:00:00,0.0,10.3,85.0,9.0,3.9,0.0
2024-11-23 02:00:00,0.0,10.0,83.0,76.0,3.7,0.0
2024-11-23 03:00:00,0.0,10.3,78.0,100.0,3.2,0.0
2024-11-23 04:00:00,0.0,11.0,76.0,92.0,2.9,0.0
2024-11-23 05:00:00,0.0,10.7,81.0,70.0,2.6,0.0
2024-11-23 06:00:00,0.0,8.8,92.0,100.0,4.8,0.0
2024-11-23 07:00:00,0.0,9.6,94.0,100.0,5.2,0.0
2024-11-23 08:00:00,0.0,9.6,91.0,98.0,4.8,6.0
2024-11-23 09:00:00,0.0,11.1,81.0,72.0,2.6,88.0
2024-11-23 10:00:00,0.0,13.1,77.0,20.0,3.5,275.0
2024-11-23 11:00:00,0.0,15.1,72.0,36.0,4.6,450.0
2024-11-23 12:00:00,0.0,16.4,68.0,98.0,6.3,557.0
2024-11-23 13:00:00,0.0,16.8,67.0,98.0,7.3,578.0
2024-11-23 14:00:00,0.0,17.1,64.0,92.0,7.1,569.0
2024-11-23 15:00:00,0.0,17.2,62.0,2.0,6.5,476.0
2024-11-23 16:00:00,0.0,17.1,59.0,13.0,6.0,340.0
2024-11-23 17:00:00,0.0,16.7,60.0,23.0,4.0,163.0
2024-11-23 18:00:00,0.0,15.1,75.0,33.0,3.5,20.0
2024-11-23 19:00:00,0.0,14.7,80.0,63.0,2.6,0.0
2024-11-23 20:00:00,0.0,14.2,85.0,100.0,1.2,0.0
2024-11-23 21:00:00,0.0,14.6,82.0,100.0,2.4,0.0
2024-11-23 22:00:00,0.1,14.5,82.0,100.0,2.2,0.0
2024-11-23 23:00:00,0.1,14.5,81.0,100.0,4.7,0.0
2024-11-24 00:00:00,0.0,14.4,81.0,100.0,4.9,0.0
2024-11-24 01:00:00,0.0,14.4,80.0,100.0,5.0,0.0
2024-11-24 02:00:00,0.0,14.6,80.0,100.0,5.1,0.0
2024-11-24 03:00:00,0.0,14.9,77.0,34.0,6.2,0.0
2024-11-24 04:00:00,0.0,13.8,83.0,62.0,4.5,0.0
2024-11-24 05:00:00,0.0,13.9,87.0,100.0,3.3,0.0
2024-11-24 06:00:00,0.0,12.9,87.0,36.0,2.3,0.0
2024-11-24 07:00:00,0.0,12.5,89.0,41.0,2.9,0.0
2024-11-24 08:00:00,0.0,12.9,89.0,81.0,2.1,10.0
2024-11-24 09:00:00,0.0,14.6,82.0,100.0,2.8,110.0
2024-11-24 10:00:00,0.0,15.8,81.0,52.0,2.1,173.0
2024-11-24 11:00:00,0.0,17.2,73.0,37.0,0.4,342.0
2024-11-24 12:00:00,0.0,18.2,65.0,32.0,4.5,501.0
2024-11-24 13:00:00,0.0,18.4,65.0,100.0,8.3,576.0
2024-11-24 14:00:00,0.0,18.3,61.0,100.0,9.1,535.0
2024-11-24 15:00:00,0.0,17.7,61.0,100.0,8.4,338.0
2024-11-24 16:00:00,0.0,17.1,64.0,100.0,8.6,246.0
2024-11-24 17:00:00,0.0,16.0,71.0,100.0,7.0,115.0
2024-11-24 18:00:00,0.0,14.9,76.0,100.0,7.2,17.0
2024-11-24 19:00:00,0.0,14.5,81.0,100.0,8.0,0.0
2024-11-24 20:00:00,0.0,14.4,82.0,100.0,7.9,0.0
2024-11-24 21:00:00,0.0,14.1,84.0,100.0,6.9,0.0
2024-11-24 22:00:00,0.0,13.9,83.0,100.0,4.9,0.0
2024-11-24 23:00:00,0.0,13.3,85.0,100.0,4.0,0.0
2024-11-25 00:00:00,0.0,12.9,84.0,100.0,4.8,0.0
2024-11-25 01:00:00,0.0,12.7,84.0,100.0,4.8,0.0
2024-11-25 02:00:00,0.0,12.5,85.0,100.0,5.7,0.0
2024-11-25 03:00:00,0.0,12.3,85.0,100.0,4.9,0.0
2024-11-25 04:00:00,0.0,12.0,86.0,100.0,4.9,0.0
2024-11-25 05:00:00,0.0,11.5,88.0,100.0,4.4,0.0
2024-11-25 06:00:00,0.0,10.5,90.0,100.0,3.7,0.0
2024-11-25 07:00:00,0.0,10.7,87.0,100.0,3.9,0.0
2024-11-25 08:00:00,0.0,11.1,83.0,100.0,4.0,9.0
2024-11-25 09:00:00,0.0,12.9,72.0,100.0,5.2,113.0
2024-11-25 10:00:00,0.0,16.3,58.0,99.0,4.7,262.0
2024-11-25 11:00:00,0.0,19.5,44.0,0.0,4.6,442.0
2024-11-25 12:00:00,0.0,21.7,36.0,54.0,4.7,544.0
2024-11-25 13:00:00,0.0,22.7,35.0,92.0,8.1,581.0
2024-11-25 14:00:00,0.0,22.6,38.0,0.0,10.5,554.0
2024-11-25 15:00:00,0.0,21.8,41.0,9.0,12.6,469.0
2024-11-25 16:00:00,0.0,20.3,47.0,0.0,12.3,330.0
2024-11-25 17:00:00,0.0,19.3,51.0,0.0,9.9,164.0
2024-11-25 18:00:00,0.0,18.4,51.0,2.0,9.0,22.0
2024-11-25 19:00:00,0.0,18.0,53.0,3.0,7.1,0.0
2024-11-25 20:00:00,0.0,17.6,54.0,0.0,5.4,0.0
2024-11-25 21:00:00,0.0,17.0,56.0,0.0,5.2,0.0
2024-11-25 22:00:00,0.0,16.2,59.0,0.0,6.9,0.0
2024-11-25 23:00:00,0.0,15.4,63.0,0.0,5.2,0.0
2024-11-26 00:00:00,0.0,14.7,67.0,0.0,4.2,0.0
2024-11-26 01:00:00,0.0,14.0,72.0,0.0,3.1,0.0
2024-11-26 02:00:00,0.0,13.4,74.0,0.0,2.9,0.0
2024-11-26 03:00:00,0.0,12.8,77.0,0.0,3.1,0.0
2024-11-26 04:00:00,0.0,12.6,78.0,0.0,4.2,0.0
2024-11-26 05:00:00,0.0,12.0,79.0,8.0,3.8,0.0
2024-11-26 06:00:00,0.0,11.4,75.0,99.0,3.8,0.0
2024-11-26 07:00:00,0.0,11.2,75.0,100.0,3.6,0.0
2024-11-26 08:00:00,0.0,11.4,74.0,100.0,3.1,9.0
2024-11-26 09:00:00,0.0,13.7,64.0,92.0,4.3,122.0
2024-11-26 10:00:00,0.0,16.9,52.0,99.0,1.6,298.0
2024-11-26 11:00:00,0.0,18.9,46.0,100.0,3.2,429.0
2024-11-26 12:00:00,0.0,19.7,43.0,100.0,5.1,451.0
2024-11-26 13:00:00,0.0,20.4,41.0,100.0,6.4,499.0
2024-11-26 14:00:00,0.0,20.4,42.0,100.0,8.7,412.0
2024-11-26 15:00:00,0.0,19.5,45.0,100.0,9.7,305.0
2024-11-26 16:00:00,0.0,18.0,51.0,100.0,9.3,177.0
2024-11-26 17:00:00,0.0,17.1,57.0,100.0,7.9,89.0
2024-11-26 18:00:00,0.0,16.6,66.0,100.0,7.3,13.0
2024-11-26 19:00:00,0.0,16.1,74.0,100.0,6.2,0.0
2024-11-26 20:00:00,0.0,15.9,79.0,100.0,7.2,0.0
2024-11-26 21:00:00,0.0,15.8,79.0,100.0,6.9,0.0
2024-11-26 22:00:00,0.0,15.5,81.0,100.0,6.9,0.0
2024-11-26 23:00:00,0.0,15.3,82.0,100.0,5.5,0.0
2024-11-27 00:00:00,0.0,15.2,82.0,100.0,4.7,0.0
2024-11-27 01:00:00,0.0,15.0,82.0,100.0,3.0,0.0
2024-11-27 02:00:00,0.0,14.8,84.0,100.0,4.5,0.0
2024-11-27 03:00:00,0.0,14.7,86.0,100.0,4.8,0.0
2024-11-27 04:00:00,0.0,15.2,86.0,100.0,6.0,0.0
2024-11-27 05:00:00,0.0,15.2,88.0,100.0,5.2,0.0
2024-11-27 06:00:00,0.0,14.2,79.0,100.0,3.8,0.0
2024-11-27 07:00:00,0.0,14.6,78.0,100.0,3.2,0.0
2024-11-27 08:00:00,0.0,14.9,81.0,100.0,2.4,5.0
2024-11-27 09:00:00,0.0,15.5,80.0,100.0,2.0,47.0
2024-11-27 10:00:00,0.0,17.0,76.0,100.0,1.1,151.0
2024-11-27 11:00:00,0.0,18.7,70.0,100.0,2.3,319.0
2024-11-27 12:00:00,0.0,19.5,71.0,100.0,7.6,424.0
2024-11-27 13:00:00,0.0,19.8,73.0,100.0,10.7,483.0
2024-11-27 14:00:00,0.0,19.6,75.0,88.0,11.4,479.0
2024-11-27 15:00:00,0.0,19.1,77.0,45.0,11.6,433.0
2024-11-27 16:00:00,0.0,18.4,80.0,36.0,10.2,302.0
2024-11-27 17:00:00,0.0,17.4,84.0,32.0,9.6,154.0
2024-11-27 18:00:00,0.0,16.2,88.0,29.0,7.1,21.0
2024-11-27 19:00:00,0.0,15.9,90.0,12.0,6.3,0.0
2024-11-27 20:00:00,0.0,15.6,92.0,100.0,5.2,0.0
2024-11-27 21:00:00,0.0,15.5,93.0,100.0,4.6,0.0
2024-11-27 22:00:00,0.0,15.2,93.0,98.0,6.2,0.0
2024-11-27 23:00:00,0.0,14.9,94.0,100.0,5.1,0.0
2024-11-28 00:00:00,0.0,14.5,95.0,100.0,5.6,0.0
2024-11-28 01:00:00,0.0,14.2,97.0,100.0,5.3,0.0
2024-11-28 02:00:00,0.0,14.0,97.0,100.0,6.0,0.0
2024-11-28 03:00:00,0.0,13.6,98.0,100.0,5.5,0.0
2024-11-28 04:00:00,0.0,13.1,100.0,100.0,5.7,0.0
2024-11-28 05:00:00,0.0,13.1,99.0,100.0,4.8,0.0
2024-11-28 06:00:00,0.0,13.1,100.0,100.0,2.4,0.0
2024-11-28 07:00:00,0.0,13.0,100.0,100.0,3.5,0.0
2024-11-28 08:00:00,0.0,13.1,97.0,99.0,4.8,5.0
2024-11-28 09:00:00,0.0,13.6,92.0,25.0,4.0,76.0
2024-11-28 10:00:00,0.0,15.9,76.0,7.0,2.3,278.0
2024-11-28 11:00:00,0.0,17.7,69.0,35.0,5.1,422.0
2024-11-28 12:00:00,0.0,18.9,66.0,33.0,7.5,532.0
2024-11-28 13:00:00,0.0,19.7,63.0,4.0,9.7,571.0
2024-11-28 14:00:00,0.0,20.3,58.0,2.0,10.6,554.0
2024-11-28 15:00:00,0.0,20.2,58.0,78.0,10.7,470.0
2024-11-28 16:00:00,0.0,19.5,62.0,71.0,9.9,333.0
2024-11-28 17:00:00,0.0,18.6,65.0,97.0,7.7,164.0
2024-11-28 18:00:00,0.0,17.1,74.0,99.0,1.6,21.0
2024-11-28 19:00:00,0.0,16.2,79.0,100.0,2.2,0.0
2024-11-28 20:00:00,0.0,15.1,88.0,100.0,1.8,0.0
2024-11-28 21:00:00,0.0,14.7,87.0,99.0,1.9,0.0
2024-11-28 22:00:00,0.0,14.7,85.0,99.0,1.5,0.0
2024-11-28 23:00:00,0.0,14.3,83.0,100.0,2.7,0.0
2024-11-29 00:00:00,0.0,13.8,75.0,100.0,3.8,0.0
2024-11-29 01:00:00,0.0,13.4,57.0,100.0,4.0,0.0
2024-11-29 02:00:00,0.0,13.1,42.0,100.0,3.9,0.0
2024-11-29 03:00:00,0.0,12.9,36.0,100.0,4.1,0.0
2024-11-29 04:00:00,0.0,12.8,34.0,100.0,4.8,0.0
2024-11-29 05:00:00,0.0,12.2,38.0,100.0,3.3,0.0
2024-11-29 06:00:00,0.0,11.7,40.0,100.0,3.7,0.0
2024-11-29 07:00:00,0.0,11.8,37.0,100.0,4.4,0.0
2024-11-29 08:00:00,0.0,12.7,32.0,100.0,4.9,5.0
2024-11-29 09:00:00,0.0,14.2,30.0,100.0,5.8,74.0
2024-11-29 10:00:00,0.0,16.4,28.0,100.0,5.1,160.0
2024-11-29 11:00:00,0.0,19.0,27.0,100.0,3.2,272.0
2024-11-29 12:00:00,0.0,21.1,24.0,100.0,2.0,321.0
2024-11-29 13:00:00,0.0,21.2,24.0,100.0,3.1,257.0
2024-11-29 14:00:00,0.0,20.4,31.0,100.0,6.0,234.0
2024-11-29 15:00:00,0.0,19.9,35.0,100.0,4.4,151.0
2024-11-29 16:00:00,0.0,19.0,42.0,100.0,6.5,118.0
2024-11-29 17:00:00,0.0,17.1,54.0,100.0,6.1,89.0
2024-11-29 18:00:00,0.0,17.6,44.0,14.0,3.8,18.0
2024-11-29 19:00:00,0.0,15.7,54.0,91.0,3.1,0.0
2024-11-29 20:00:00,0.0,16.2,58.0,49.0,0.6,0.0
2024-11-29 21:00:00,0.0,15.6,54.0,15.0,2.9,0.0
2024-11-29 22:00:00,0.0,15.4,53.0,0.0,0.6,0.0
2024-11-29 23:00:00,0.0,14.1,65.0,4.0,4.1,0.0
2024-11-30 00:00:00,0.0,13.2,66.0,0.0,2.8,0.0
2024-11-30 01:00:00,0.0,12.7,48.0,0.0,5.2,0.0
2024-11-30 02:00:00,0.0,12.3,37.0,2.0,5.7,0.0
2024-11-30 03:00:00,0.0,12.3,34.0,11.0,6.0,0.0
2024-11-30 04:00:00,0.0,11.9,34.0,10.0,5.7,0.0
2024-11-30 05:00:00,0.0,11.0,36.0,4.0,4.3,0.0
2024-11-30 06:00:00,0.0,10.6,40.0,16.0,4.9,0.0
2024-11-30 07:00:00,0.0,10.1,39.0,10.0,4.7,0.0
2024-11-30 08:00:00,0.0,10.5,36.0,0.0,4.2,8.0
2024-11-30 09:00:00,0.0,12.8,30.0,0.0,4.0,127.0
2024-11-30 10:00:00,0.0,16.3,26.0,0.0,2.1,303.0
2024-11-30 11:00:00,0.0,19.9,21.0,0.0,3.1,453.0
2024-11-30 12:00:00,0.0,22.2,18.0,0.0,4.4,555.0
2024-11-30 13:00:00,0.0,21.9,19.0,0.0,8.8,595.0
2024-11-30 14:00:00,0.0,20.5,31.0,0.0,9.1,571.0
2024-11-30 15:00:00,0.0,19.9,38.0,0.0,5.1,483.0
2024-11-30 16:00:00,0.0,19.1,46.0,0.0,5.2,342.0
2024-11-30 17:00:00,0.0,18.0,56.0,0.0,3.3,169.0
2024-11-30 18:00:00,0.0,16.5,61.0,85.0,0.4,20.0
2024-11-30 19:00:00,0.0,16.0,59.0,89.0,0.7,0.0
2024-11-30 20:00:00,0.0,15.7,62.0,71.0,0.6,0.0
2024-11-30 21:00:00,0.0,15.2,62.0,97.0,0.4,0.0
2024-11-30 22:00:00,0.0,14.6,60.0,82.0,1.0,0.0
2024-11-30 23:00:00,0.0,14.6,58.0,87.0,1.6,0.0
2024-12-01 00:00:00,0.0,14.4,58.0,36.0,1.9,0.0
2024-12-01 01:00:00,0.0,13.7,64.0,28.0,1.0,0.0
2024-12-01 02:00:00,0.0,12.6,62.0,0.0,2.6,0.0
2024-12-01 03:00:00,0.0,11.9,51.0,97.0,3.7,0.0
2024-12-01 04:00:00,0.0,11.8,43.0,99.0,2.7,0.0
2024-12-01 05:00:00,0.0,11.7,38.0,91.0,2.6,0.0
2024-12-01 06:00:00,0.0,11.7,41.0,100.0,1.8,0.0
2024-12-01 07:00:00,0.0,11.6,39.0,18.0,2.9,0.0
2024-12-01 08:00:00,0.0,11.8,37.0,0.0,4.8,7.0
2024-12-01 09:00:00,0.0,14.2,34.0,0.0,3.5,122.0
2024-12-01 10:00:00,0.0,17.0,33.0,0.0,2.6,295.0
2024-12-01 11:00:00,0.0,18.5,33.0,0.0,3.6,443.0
2024-12-01 12:00:00,0.0,19.9,29.0,5.0,3.5,543.0
2024-12-01 13:00:00,0.0,20.7,28.0,10.0,5.4,582.0
2024-12-01 14:00:00,0.0,20.5,31.0,6.0,6.5,560.0
2024-12-01 15:00:00,0.0,19.6,38.0,14.0,8.3,475.0
2024-12-01 16:00:00,0.0,18.1,56.0,0.0,7.7,337.0
2024-12-01 17:00:00,0.0,17.2,71.0,0.0,4.4,167.0
2024-12-01 18:00:00,0.0,16.6,74.0,0.0,3.4,22.0
2024-12-01 19:00:00,0.0,15.3,84.0,0.0,2.2,0.0
2024-12-01 20:00:00,0.0,14.6,89.0,0.0,1.3,0.0
2024-12-01 21:00:00,0.0,14.1,91.0,0.0,0.4,0.0
2024-12-01 22:00:00,0.0,13.7,92.0,0.0,0.8,0.0
2024-12-01 23:00:00,0.0,13.3,90.0,0.0,0.9,0.0
2024-12-02 00:00:00,0.0,12.9,89.0,0.0,0.9,0.0
2024-12-02 01:00:00,0.0,12.3,89.0,0.0,1.7,0.0
2024-12-02 02:00:00,0.0,11.8,87.0,0.0,2.3,0.0
2024-12-02 03:00:00,0.0,11.5,79.0,0.0,3.6,0.0
2024-12-02 04:00:00,0.0,11.4,63.0,0.0,5.6,0.0
2024-12-02 05:00:00,0.0,10.9,53.0,0.0,4.1,0.0
2024-12-02 06:00:00,0.0,9.1,50.0,1.0,1.8,0.0
2024-12-02 07:00:00,0.0,9.4,43.0,0.0,3.1,0.0
2024-12-02 08:00:00,0.0,9.8,39.0,14.0,4.7,6.0
2024-12-02 09:00:00,0.0,12.0,35.0,100.0,4.9,119.0
2024-12-02 10:00:00,0.0,15.7,33.0,100.0,2.3,287.0
2024-12-02 11:00:00,0.0,18.2,33.0,100.0,1.9,430.0
2024-12-02 12:00:00,0.0,19.5,31.0,99.0,6.3,525.0
2024-12-02 13:00:00,0.0,19.4,37.0,79.0,9.7,562.0
2024-12-02 14:00:00,0.0,19.1,47.0,3.0,9.6,546.0
2024-12-02 15:00:00,0.0,18.8,56.0,0.0,9.0,471.0
2024-12-02 16:00:00,0.0,18.2,63.0,0.0,7.2,334.0
2024-12-02 17:00:00,0.0,17.6,64.0,0.0,4.6,164.0
2024-12-02 18:00:00,0.0,16.3,71.0,0.0,3.4,22.0
2024-12-02 19:00:00,0.0,15.4,81.0,13.0,3.5,0.0
2024-12-02 20:00:00,0.0,14.5,88.0,68.0,2.7,0.0
2024-12-02 21:00:00,0.0,14.1,86.0,100.0,2.2,0.0
2024-12-02 22:00:00,0.0,13.8,82.0,100.0,1.6,0.0
2024-12-02 23:00:00,0.0,13.6,78.0,100.0,1.0,0.0
2024-12-03 00:00:00,0.0,13.2,81.0,100.0,0.8,0.0
2024-12-03 01:00:00,0.0,12.8,81.0,99.0,0.8,0.0
2024-12-03 02:00:00,0.0,12.0,80.0,100.0,1.0,0.0
2024-12-03 03:00:00,0.0,11.5,79.0,100.0,2.4,0.0
2024-12-03 04:00:00,0.0,11.3,77.0,100.0,3.4,0.0
2024-12-03 05:00:00,0.0,10.8,77.0,97.0,2.6,0.0
2024-12-03 06:00:00,0.0,9.7,76.0,93.0,1.4,0.0
2024-12-03 07:00:00,0.0,9.5,73.0,94.0,2.7,0.0
2024-12-03 08:00:00,0.0,9.9,62.0,82.0,3.1,5.0
2024-12-03 09:00:00,0.0,11.9,48.0,84.0,5.0,113.0
2024-12-03 10:00:00,0.0,14.5,42.0,91.0,3.5,276.0
2024-12-03 11:00:00,0.0,16.6,53.0,78.0,2.6,427.0
2024-12-03 12:00:00,0.0,18.0,51.0,79.0,4.0,529.0
2024-12-03 13:00:00,0.0,18.3,56.0,86.0,7.2,565.0
2024-12-03 14:00:00,0.0,17.8,66.0,99.0,8.5,540.0
2024-12-03 15:00:00,0.0,17.1,71.0,64.0,7.9,443.0
2024-12-03 16:00:00,0.0,16.4,78.0,31.0,6.8,317.0
2024-12-03 17:00:00,0.0,15.4,87.0,34.0,7.0,161.0
2024-12-03 18:00:00,0.0,14.6,94.0,40.0,5.2,20.0
2024-12-03 19:00:00,0.0,13.9,98.0,45.0,3.4,0.0
2024-12-03 20:00:00,0.0,13.6,99.0,88.0,2.9,0.0
2024-12-03 21:00:00,0.0,13.1,99.0,100.0,2.0,0.0
2024-12-03 22:00:00,0.0,13.1,100.0,100.0,2.7,0.0
2024-12-03 23:00:00,0.0,13.2,100.0,100.0,2.7,0.0
2024-12-04 00:00:00,0.0,13.3,99.0,100.0,2.9,0.0
2024-12-04 01:00:00,0.0,13.2,98.0,100.0,2.0,0.0
2024-12-04 02:00:00,0.0,13.0,96.0,100.0,0.9,0.0
2024-12-04 03:00:00,0.0,12.8,96.0,100.0,0.2,0.0
2024-12-04 04:00:00,0.0,12.6,96.0,100.0,1.7,0.0
2024-12-04 05:00:00,0.0,12.2,97.0,100.0,3.2,0.0
2024-12-04 06:00:00,0.0,12.0,95.0,99.0,1.7,0.0
2024-12-04 07:00:00,0.0,11.4,96.0,92.0,1.5,0.0
2024-12-04 08:00:00,0.0,11.2,95.0,40.0,2.0,4.0
2024-12-04 09:00:00,0.0,12.3,87.0,25.0,3.2,98.0
2024-12-04 10:00:00,0.0,13.6,78.0,11.0,2.7,252.0
2024-12-04 11:00:00,0.0,15.6,67.0,2.0,0.4,422.0
2024-12-04 12:00:00,0.0,17.0,60.0,1.0,2.9,530.0
2024-12-04 13:00:00,0.0,17.9,59.0,1.0,5.6,575.0
2024-12-04 14:00:00,0.0,17.8,62.0,0.0,8.6,553.0
2024-12-04 15:00:00,0.0,17.3,66.0,0.0,9.1,469.0
2024-12-04 16:00:00,0.0,16.8,69.0,0.0,8.2,333.0
2024-12-04 17:00:00,0.0,16.1,73.0,0.0,6.9,165.0
2024-12-04 18:00:00,0.0,14.7,80.0,0.0,3.8,22.0
2024-12-04 19:00:00,0.0,13.9,84.0,0.0,2.5,0.0
2024-12-04 20:00:00,0.0,13.3,88.0,0.0,2.4,0.0
2024-12-04 21:00:00,0.0,12.8,89.0,0.0,2.1,0.0
2024-12-04 22:00:00,0.0,12.5,88.0,0.0,3.2,0.0
2024-12-04 23:00:00,0.0,12.2,84.0,0.0,3.7,0.0
2024-12-05 00:00:00,0.0,11.5,82.0,0.0,2.9,0.0
2024-12-05 01:00:00,0.0,10.9,83.0,0.0,2.5,0.0
2024-12-05 02:00:00,0.0,10.5,84.0,0.0,2.1,0.0
2024-12-05 03:00:00,0.0,9.8,87.0,0.0,2.8,0.0
2024-12-05 04:00:00,0.0,9.3,89.0,0.0,3.6,0.0
2024-12-05 05:00:00,0.0,8.8,90.0,0.0,2.7,0.0
2024-12-05 06:00:00,0.0,8.6,94.0,2.0,2.3,0.0
2024-12-05 07:00:00,0.0,8.2,93.0,10.0,2.7,0.0
2024-12-05 08:00:00,0.0,8.6,90.0,17.0,2.8,5.0
2024-12-05 09:00:00,0.0,10.8,83.0,39.0,4.0,110.0
2024-12-05 10:00:00,0.0,13.3,83.0,34.0,3.7,266.0
2024-12-05 11:00:00,0.0,15.5,73.0,0.0,1.5,422.0
2024-12-05 12:00:00,0.0,16.8,68.0,0.0,5.4,534.0
2024-12-05 13:00:00,0.0,17.4,66.0,0.0,5.8,577.0
2024-12-05 14:00:00,0.0,17.7,65.0,0.0,6.7,557.0
2024-12-05 15:00:00,0.0,17.3,65.0,0.0,7.2,474.0
2024-12-05 16:00:00,0.0,17.0,66.0,0.0,5.2,337.0
2024-12-05 17:00:00,0.0,15.9,74.0,0.0,5.6,168.0
2024-12-05 18:00:00,0.0,14.0,84.0,0.0,4.5,22.0
2024-12-05 19:00:00,0.0,13.0,91.0,0.0,2.5,0.0
2024-12-05 20:00:00,0.0,12.7,92.0,0.0,1.0,0.0
2024-12-05 21:00:00,0.0,12.2,94.0,0.0,2.0,0.0
2024-12-05 22:00:00,0.0,11.7,96.0,2.0,3.4,0.0
2024-12-05 23:00:00,0.0,11.3,96.0,0.0,4.5,0.0
2024-12-06 00:00:00,0.0,10.6,95.0,0.0,4.2,0.0
2024-12-06 01:00:00,0.0,10.0,94.0,0.0,3.7,0.0
2024-12-06 02:00:00,0.0,9.8,90.0,0.0,3.1,0.0
2024-12-06 03:00:00,0.0,9.7,86.0,0.0,3.1,0.0
2024-12-06 04:00:00,0.0,9.3,79.0,0.0,3.2,0.0
2024-12-06 05:00:00,0.0,8.9,68.0,0.0,3.7,0.0
2024-12-06 06:00:00,0.0,7.3,72.0,0.0,3.1,0.0
2024-12-06 07:00:00,0.0,7.3,61.0,0.0,4.2,0.0
2024-12-06 08:00:00,0.0,7.8,50.0,0.0,3.7,4.0
2024-12-06 09:00:00,0.0,10.4,40.0,0.0,3.1,113.0
2024-12-06 10:00:00,0.0,13.5,37.0,0.0,1.2,289.0
2024-12-06 11:00:00,0.0,16.5,32.0,0.0,3.1,441.0
2024-12-06 12:00:00,0.0,18.6,33.0,0.0,6.8,543.0
2024-12-06 13:00:00,0.0,19.7,37.0,0.0,8.5,585.0
2024-12-06 14:00:00,0.0,20.1,49.0,0.0,8.7,562.0
2024-12-06 15:00:00,0.0,20.3,55.0,4.0,7.8,476.0
2024-12-06 16:00:00,0.0,19.8,57.0,1.0,6.7,339.0
2024-12-06 17:00:00,0.0,18.7,60.0,0.0,5.6,169.0
2024-12-06 18:00:00,0.0,15.9,71.0,0.0,3.9,23.0
2024-12-06 19:00:00,0.0,15.9,61.0,0.0,5.7,0.0
2024-12-06 20:00:00,0.0,14.6,63.0,0.0,4.0,0.0
2024-12-06 21:00:00,0.0,14.0,67.0,0.0,0.7,0.0
2024-12-06 22:00:00,0.0,13.5,66.0,0.0,1.6,0.0
2024-12-06 23:00:00,0.0,13.2,61.0,0.0,5.1,0.0
2024-12-07 00:00:00,0.0,12.1,57.0,0.0,4.9,0.0
2024-12-07 01:00:00,0.0,11.6,48.0,0.0,4.8,0.0
2024-12-07 02:00:00,0.0,11.6,40.0,0.0,4.8,0.0
2024-12-07 03:00:00,0.0,11.5,38.0,0.0,4.7,0.0
2024-12-07 04:00:00,0.0,11.1,38.0,0.0,4.9,0.0
2024-12-07 05:00:00,0.0,10.6,39.0,0.0,5.0,0.0
2024-12-07 06:00:00,0.0,10.2,42.0,0.0,5.0,0.0
2024-12-07 07:00:00,0.0,9.5,44.0,0.0,4.8,0.0
2024-12-07 08:00:00,0.0,9.3,43.0,0.0,4.1,4.0
2024-12-07 09:00:00,0.0,11.6,37.0,0.0,5.3,113.0
2024-12-07 10:00:00,0.0,15.4,31.0,0.0,2.3,289.0
2024-12-07 11:00:00,0.0,19.6,27.0,0.0,0.5,442.0
2024-12-07 12:00:00,0.0,22.2,21.0,0.0,2.6,546.0
2024-12-07 13:00:00,0.0,23.5,20.0,0.0,5.4,589.0
2024-12-07 14:00:00,0.0,23.7,21.0,0.0,7.1,568.0
2024-12-07 15:00:00,0.0,23.3,24.0,0.0,6.7,484.0
2024-12-07 16:00:00,0.0,22.7,26.0,0.0,5.6,347.0
2024-12-07 17:00:00,0.0,21.0,32.0,0.0,5.3,173.0
2024-12-07 18:00:00,0.0,18.6,40.0,0.0,3.3,24.0
2024-12-07 19:00:00,0.0,17.5,46.0,0.0,0.3,0.0
2024-12-07 20:00:00,0.0,16.0,52.0,0.0,1.5,0.0
2024-12-07 21:00:00,0.0,14.9,62.0,0.0,1.2,0.0
2024-12-07 22:00:00,0.0,14.0,70.0,0.0,0.3,0.0
2024-12-07 23:00:00,0.0,13.2,72.0,0.0,1.3,0.0
2024-12-08 00:00:00,0.0,12.9,68.0,0.0,0.9,0.0
2024-12-08 01:00:00,0.0,12.3,59.0,0.0,3.2,0.0
2024-12-08 02:00:00,0.0,11.7,46.0,0.0,4.6,0.0
2024-12-08 03:00:00,0.0,11.1,39.0,0.0,4.4,0.0
2024-12-08 04:00:00,0.0,10.5,41.0,0.0,2.5,0.0
2024-12-08 05:00:00,0.0,10.3,39.0,0.0,0.5,0.0
2024-12-08 06:00:00,0.0,9.3,40.0,0.0,3.1,0.0
2024-12-08 07:00:00,0.0,9.3,39.0,3.0,2.5,0.0
2024-12-08 08:00:00,0.0,9.5,40.0,96.0,2.9,4.0
2024-12-08 09:00:00,0.0,12.1,33.0,99.0,5.2,109.0
2024-12-08 10:00:00,0.0,14.3,34.0,95.0,0.6,271.0
2024-12-08 11:00:00,0.0,16.6,37.0,41.0,0.8,425.0
2024-12-08 12:00:00,0.0,18.5,35.0,88.0,3.3,534.0
2024-12-08 13:00:00,0.0,18.9,39.0,72.0,6.6,572.0
2024-12-08 14:00:00,0.0,17.8,54.0,32.0,8.4,549.0
2024-12-08 15:00:00,0.0,16.7,62.0,81.0,7.6,476.0
2024-12-08 16:00:00,0.0,15.3,71.0,62.0,6.4,334.0
2024-12-08 17:00:00,0.0,13.8,82.0,74.0,4.6,163.0
2024-12-08 18:00:00,0.0,12.4,92.0,82.0,3.6,20.0
2024-12-08 19:00:00,0.0,12.1,95.0,83.0,2.4,0.0
2024-12-08 20:00:00,0.0,12.1,94.0,94.0,3.2,0.0
2024-12-08 21:00:00,0.0,12.1,91.0,65.0,3.2,0.0
2024-12-08 22:00:00,0.0,12.0,87.0,39.0,3.1,0.0
2024-12-08 23:00:00,0.0,11.4,89.0,36.0,2.9,0.0
2024-12-09 00:00:00,0.0,11.3,86.0,44.0,3.5,0.0
2024-12-09 01:00:00,0.0,11.1,87.0,48.0,3.1,0.0
2024-12-09 02:00:00,0.0,10.8,89.0,44.0,3.2,0.0
2024-12-09 03:00:00,0.0,10.4,90.0,33.0,2.7,0.0
2024-12-09 04:00:00,0.0,10.0,90.0,23.0,2.1,0.0
2024-12-09 05:00:00,0.0,9.7,90.0,23.0,2.5,0.0
2024-12-09 06:00:00,0.0,10.5,84.0,99.0,4.3,0.0
2024-12-09 07:00:00,0.0,10.6,84.0,99.0,4.8,0.0
2024-12-09 08:00:00,0.0,10.4,88.0,40.0,5.0,3.0
2024-12-09 09:00:00,0.0,11.6,84.0,29.0,3.7,93.0
2024-12-09 10:00:00,0.0,13.7,75.0,19.0,1.5,245.0
2024-12-09 11:00:00,0.0,15.3,67.0,7.0,1.2,408.0
2024-12-09 12:00:00,0.0,16.5,61.0,2.0,3.1,531.0
2024-12-09 13:00:00,0.0,17.2,57.0,0.0,5.9,577.0
2024-12-09 14:00:00,0.0,17.2,58.0,0.0,7.6,558.0
2024-12-09 15:00:00,0.0,17.0,58.0,0.0,7.3,476.0
2024-12-09 16:00:00,0.0,16.4,57.0,0.0,9.3,340.0
2024-12-09 17:00:00,0.0,15.5,60.0,0.0,8.3,170.0
2024-12-09 18:00:00,0.0,14.0,70.0,0.0,5.1,23.0
2024-12-09 19:00:00,0.0,13.5,78.0,0.0,4.0,0.0
2024-12-09 20:00:00,0.0,12.8,85.0,0.0,3.1,0.0
2024-12-09 21:00:00,0.0,12.8,84.0,0.0,4.2,0.0
2024-12-09 22:00:00,0.0,12.6,77.0,0.0,4.9,0.0
2024-12-09 23:00:00,0.0,11.5,78.0,0.0,4.4,0.0
2024-12-10 00:00:00,0.0,10.6,79.0,0.0,3.9,0.0
2024-12-10 01:00:00,0.0,10.3,74.0,0.0,4.3,0.0
2024-12-10 02:00:00,0.0,10.1,66.0,0.0,4.3,0.0
2024-12-10 03:00:00,0.0,10.5,44.0,0.0,5.5,0.0
2024-12-10 04:00:00,0.0,11.7,22.0,0.0,6.9,0.0
2024-12-10 05:00:00,0.0,12.3,14.0,0.0,7.8,0.0
2024-12-10 06:00:00,0.0,12.0,16.0,0.0,11.4,0.0
2024-12-10 07:00:00,0.0,10.8,15.0,0.0,9.7,0.0
2024-12-10 08:00:00,0.0,10.0,17.0,0.0,6.9,3.0
2024-12-10 09:00:00,0.0,13.5,12.0,0.0,8.8,114.0
2024-12-10 10:00:00,0.0,16.5,11.0,0.0,5.3,299.0
2024-12-10 11:00:00,0.0,18.5,9.0,0.0,2.3,459.0
2024-12-10 12:00:00,0.0,20.2,7.0,0.0,2.9,567.0
2024-12-10 13:00:00,0.0,21.4,6.0,0.0,3.3,613.0
2024-12-10 14:00:00,0.0,21.7,10.0,0.0,6.9,591.0
2024-12-10 15:00:00,0.0,20.3,27.0,0.0,9.1,504.0
2024-12-10 16:00:00,0.0,19.2,37.0,4.0,6.9,359.0
2024-12-10 17:00:00,0.0,18.0,43.0,1.0,5.3,181.0
2024-12-10 18:00:00,0.0,16.2,58.0,1.0,3.5,25.0
2024-12-10 19:00:00,0.0,15.4,57.0,31.0,5.6,0.0
2024-12-10 20:00:00,0.0,14.4,44.0,93.0,5.2,0.0
2024-12-10 21:00:00,0.0,13.7,37.0,100.0,4.7,0.0
2024-12-10 22:00:00,0.0,13.0,31.0,98.0,5.0,0.0
2024-12-10 23:00:00,0.0,12.3,21.0,100.0,5.3,0.0
2024-12-11 00:00:00,0.0,11.2,16.0,100.0,4.6,0.0
2024-12-11 01:00:00,0.0,10.6,13.0,100.0,4.9,0.0
2024-12-11 02:00:00,0.0,10.1,13.0,100.0,5.0,0.0
2024-12-11 03:00:00,0.0,9.9,14.0,100.0,5.5,0.0
2024-12-11 04:00:00,0.0,9.7,14.0,100.0,6.1,0.0
2024-12-11 05:00:00,0.0,9.0,16.0,100.0,6.2,0.0
2024-12-11 06:00:00,0.0,8.2,15.0,100.0,6.9,0.0
2024-12-11 07:00:00,0.0,8.4,15.0,100.0,7.0,0.0
2024-12-11 08:00:00,0.0,8.9,14.0,100.0,7.6,2.0
2024-12-11 09:00:00,0.0,10.4,13.0,100.0,6.8,72.0
2024-12-11 10:00:00,0.0,12.9,12.0,100.0,6.1,216.0
2024-12-11 11:00:00,0.0,16.1,12.0,100.0,4.8,323.0
2024-12-11 12:00:00,0.0,19.4,10.0,100.0,1.5,424.0
2024-12-11 13:00:00,0.0,20.1,10.0,100.0,2.6,410.0
2024-12-11 14:00:00,0.0,20.8,12.0,100.0,4.4,467.0
2024-12-11 15:00:00,0.0,20.1,19.0,100.0,6.8,342.0
2024-12-11 16:00:00,0.0,18.8,33.0,100.0,9.1,236.0
2024-12-11 17:00:00,0.0,17.4,45.0,100.0,10.1,105.0
2024-12-11 18:00:00,0.0,16.3,39.0,100.0,9.5,15.0
2024-12-11 19:00:00,0.0,15.7,36.0,100.0,7.8,0.0
2024-12-11 20:00:00,0.0,14.7,43.0,100.0,2.1,0.0
2024-12-11 21:00:00,0.0,14.5,49.0,100.0,0.4,0.0
2024-12-11 22:00:00,0.0,14.2,47.0,100.0,0.8,0.0
2024-12-11 23:00:00,0.0,13.9,44.0,100.0,0.4,0.0
2024-12-12 00:00:00,0.0,13.1,41.0,100.0,2.0,0.0
2024-12-12 01:00:00,0.0,12.6,41.0,100.0,0.4,0.0
2024-12-12 02:00:00,0.0,11.5,37.0,100.0,1.7,0.0
2024-12-12 03:00:00,0.0,11.2,28.0,100.0,4.0,0.0
2024-12-12 04:00:00,0.0,11.2,20.0,97.0,7.0,0.0
2024-12-12 05:00:00,0.0,10.6,22.0,0.0,4.5,0.0
2024-12-12 06:00:00,0.0,8.9,32.0,0.0,4.3,0.0
2024-12-12 07:00:00,0.0,8.3,41.0,44.0,3.1,0.0
2024-12-12 08:00:00,0.0,9.3,44.0,65.0,7.0,2.0
2024-12-12 09:00:00,0.0,10.6,62.0,5.0,8.8,100.0
2024-12-12 10:00:00,0.0,13.5,57.0,10.0,6.7,276.0
2024-12-12 11:00:00,0.0,15.0,63.0,45.0,6.1,419.0
2024-12-12 12:00:00,0.0,15.3,74.0,63.0,3.8,478.0
2024-12-12 13:00:00,0.0,15.8,71.0,25.0,4.2,450.0
2024-12-12 14:00:00,0.0,16.2,66.0,22.0,5.8,491.0
2024-12-12 15:00:00,0.0,16.1,68.0,15.0,8.2,437.0
2024-12-12 16:00:00,0.0,15.6,70.0,18.0,8.3,318.0
2024-12-12 17:00:00,0.0,14.7,75.0,16.0,5.5,157.0
2024-12-12 18:00:00,0.0,14.7,75.0,100.0,4.6,12.0
2024-12-12 19:00:00,0.0,14.5,74.0,100.0,5.8,0.0
2024-12-12 20:00:00,0.0,14.1,79.0,100.0,5.8,0.0
2024-12-12 21:00:00,0.5,13.8,86.0,100.0,9.9,0.0
2024-12-12 22:00:00,0.3,13.9,87.0,14.0,13.1,0.0
2024-12-12 23:00:00,0.0,13.4,80.0,82.0,10.6,0.0
2024-12-13 00:00:00,0.0,12.9,81.0,98.0,7.0,0.0
2024-12-13 01:00:00,0.0,12.5,81.0,86.0,4.2,0.0
2024-12-13 02:00:00,0.0,12.0,83.0,16.0,4.0,0.0
2024-12-13 03:00:00,0.0,11.8,84.0,6.0,4.3,0.0
2024-12-13 04:00:00,0.0,11.6,85.0,50.0,4.5,0.0
2024-12-13 05:00:00,0.0,11.7,86.0,28.0,4.0,0.0
2024-12-13 06:00:00,0.0,10.5,92.0,51.0,7.5,0.0
2024-12-13 07:00:00,0.0,10.3,92.0,78.0,9.2,0.0
2024-12-13 08:00:00,0.0,10.6,90.0,98.0,10.3,2.0
2024-12-13 09:00:00,0.0,11.9,82.0,93.0,8.4,53.0
2024-12-13 10:00:00,0.0,13.6,73.0,10.0,6.3,182.0
2024-12-13 11:00:00,0.0,15.2,67.0,72.0,5.9,396.0
2024-12-13 12:00:00,0.0,16.3,58.0,99.0,3.6,504.0
2024-12-13 13:00:00,0.0,16.9,55.0,30.0,5.1,548.0
2024-12-13 14:00:00,0.0,16.8,57.0,2.0,8.3,526.0
2024-12-13 15:00:00,0.0,16.2,62.0,4.0,10.5,443.0
2024-12-13 16:00:00,0.0,15.6,65.0,96.0,11.1,321.0
2024-12-13 17:00:00,0.0,14.8,71.0,90.0,8.5,142.0
2024-12-13 18:00:00,0.0,14.1,76.0,98.0,7.2,23.0
2024-12-13 19:00:00,0.0,13.7,79.0,100.0,4.8,0.0
2024-12-13 20:00:00,0.0,13.2,82.0,21.0,2.6,0.0
2024-12-13 21:00:00,0.0,12.7,85.0,25.0,0.3,0.0
2024-12-13 22:00:00,0.0,12.1,87.0,6.0,0.9,0.0
2024-12-13 23:00:00,0.0,11.8,88.0,0.0,0.8,0.0
2024-12-14 00:00:00,0.0,11.3,90.0,0.0,3.3,0.0
2024-12-14 01:00:00,0.0,11.4,90.0,0.0,4.4,0.0
2024-12-14 02:00:00,0.0,10.7,91.0,91.0,4.1,0.0
2024-12-14 03:00:00,0.0,10.0,92.0,100.0,2.8,0.0
2024-12-14 04:00:00,0.0,9.4,93.0,99.0,2.4,0.0
2024-12-14 05:00:00,0.0,9.5,90.0,100.0,3.0,0.0
2024-12-14 06:00:00,0.0,9.2,84.0,100.0,4.6,0.0
2024-12-14 07:00:00,0.0,9.2,80.0,100.0,4.5,0.0
2024-12-14 08:00:00,0.0,9.5,77.0,100.0,4.5,1.0
2024-12-14 09:00:00,0.0,10.8,71.0,0.0,4.2,67.0
2024-12-14 10:00:00,0.0,13.7,63.0,22.0,3.4,257.0
2024-12-14 11:00:00,0.0,15.9,56.0,81.0,5.6,405.0
2024-12-14 12:00:00,0.0,17.5,52.0,99.0,3.6,495.0
2024-12-14 13:00:00,0.0,18.4,50.0,100.0,7.1,484.0
2024-12-14 14:00:00,0.0,18.0,55.0,99.0,13.3,522.0
2024-12-14 15:00:00,0.0,16.9,60.0,98.0,14.2,451.0
2024-12-14 16:00:00,0.0,16.8,62.0,99.0,9.6,313.0
2024-12-14 17:00:00,0.0,15.9,67.0,100.0,7.0,149.0
2024-12-14 18:00:00,0.0,14.6,75.0,0.0,9.4,25.0
2024-12-14 19:00:00,0.0,13.9,79.0,0.0,6.8,0.0
2024-12-14 20:00:00,0.0,13.2,81.0,0.0,4.3,0.0
2024-12-14 21:00:00,0.0,12.7,80.0,6.0,3.3,0.0
2024-12-14 22:00:00,0.0,12.7,76.0,2.0,2.1,0.0
2024-12-14 23:00:00,0.0,12.0,77.0,14.0,3.1,0.0
2024-12-15 00:00:00,0.0,11.6,79.0,13.0,2.9,0.0
2024-12-15 01:00:00,0.0,11.0,81.0,46.0,3.3,0.0
2024-12-15 02:00:00,0.0,11.3,79.0,100.0,4.1,0.0
2024-12-15 03:00:00,0.0,11.6,79.0,94.0,4.6,0.0
2024-12-15 04:00:00,0.0,11.9,78.0,100.0,4.5,0.0
2024-12-15 05:00:00,0.0,11.7,79.0,99.0,3.2,0.0
2024-12-15 06:00:00,0.0,9.3,82.0,62.0,4.3,0.0
2024-12-15 07:00:00,0.0,9.1,83.0,51.0,5.1,0.0
2024-12-15 08:00:00,0.0,8.9,87.0,65.0,5.0,2.0
2024-12-15 09:00:00,0.0,10.4,81.0,0.0,4.6,91.0
2024-12-15 10:00:00,0.0,13.4,68.0,0.0,2.9,262.0
2024-12-15 11:00:00,0.0,15.9,57.0,0.0,3.4,415.0
2024-12-15 12:00:00,0.0,17.2,52.0,0.0,4.7,520.0
2024-12-15 13:00:00,0.0,17.6,55.0,0.0,9.0,567.0
2024-12-15 14:00:00,0.0,17.3,60.0,0.0,9.4,550.0
2024-12-15 15:00:00,0.0,16.9,64.0,0.0,9.9,472.0
2024-12-15 16:00:00,0.0,16.1,68.0,0.0,10.3,340.0
2024-12-15 17:00:00,0.0,15.1,73.0,0.0,10.7,173.0
2024-12-15 18:00:00,0.0,14.1,82.0,0.0,8.9,25.0
2024-12-15 19:00:00,0.0,13.8,83.0,0.0,9.0,0.0
2024-12-15 20:00:00,0.0,13.4,84.0,0.0,7.2,0.0
2024-12-15 21:00:00,0.0,12.8,85.0,0.0,7.3,0.0
2024-12-15 22:00:00,0.0,12.3,85.0,0.0,7.5,0.0
2024-12-15 23:00:00,0.0,11.5,88.0,0.0,5.5,0.0
2024-12-16 00:00:00,0.0,10.8,90.0,0.0,5.6,0.0
2024-12-16 01:00:00,0.0,10.1,90.0,0.0,3.9,0.0
2024-12-16 02:00:00,0.0,9.8,89.0,0.0,3.8,0.0
2024-12-16 03:00:00,0.0,9.1,86.0,2.0,4.4,0.0
2024-12-16 04:00:00,0.0,8.4,75.0,25.0,4.9,0.0
2024-12-16 05:00:00,0.0,7.9,62.0,100.0,5.3,0.0
2024-12-16 06:00:00,0.0,7.3,58.0,100.0,6.0,0.0
2024-12-16 07:00:00,0.0,7.6,56.0,100.0,4.9,0.0
2024-12-16 08:00:00,0.0,8.4,56.0,100.0,6.9,1.0
2024-12-16 09:00:00,0.0,9.6,50.0,100.0,8.6,68.0
2024-12-16 10:00:00,0.0,12.5,40.0,83.0,5.1,202.0
2024-12-16 11:00:00,0.0,16.3,31.0,20.0,1.3,414.0
2024-12-16 12:00:00,0.0,18.2,28.0,100.0,4.7,535.0
2024-12-16 13:00:00,0.0,18.1,30.0,2.0,7.8,559.0
2024-12-16 14:00:00,0.0,18.4,38.0,0.0,7.9,560.0
2024-12-16 15:00:00,0.0,18.1,52.0,0.0,8.0,475.0
2024-12-16 16:00:00,0.0,17.3,64.0,0.0,9.6,340.0
2024-12-16 17:00:00,0.0,16.3,72.0,0.0,6.8,175.0
2024-12-16 18:00:00,0.0,14.8,77.0,0.0,8.8,27.0
2024-12-16 19:00:00,0.0,14.1,82.0,46.0,7.4,0.0
2024-12-16 20:00:00,0.0,13.4,82.0,1.0,4.2,0.0
2024-12-16 21:00:00,0.0,12.9,78.0,34.0,4.4,0.0
2024-12-16 22:00:00,0.0,11.8,79.0,13.0,3.6,0.0
2024-12-16 23:00:00,0.0,11.2,78.0,34.0,2.3,0.0
2024-12-17 00:00:00,0.0,10.5,76.0,83.0,1.9,0.0
2024-12-17 01:00:00,0.0,9.8,75.0,98.0,2.1,0.0
2024-12-17 02:00:00,0.0,9.2,75.0,99.0,2.1,0.0
2024-12-17 03:00:00,0.0,8.8,73.0,7.0,2.1,0.0
2024-12-17 04:00:00,0.0,8.7,68.0,0.0,2.5,0.0
2024-12-17 05:00:00,0.0,8.3,65.0,16.0,2.6,0.0
2024-12-17 06:00:00,0.0,7.2,73.0,100.0,3.2,0.0
2024-12-17 07:00:00,0.0,7.5,66.0,94.0,2.1,0.0
2024-12-17 08:00:00,0.0,8.1,59.0,98.0,2.2,1.0
2024-12-17 09:00:00,0.0,10.3,51.0,0.0,6.8,83.0
2024-12-17 10:00:00,0.0,13.7,42.0,0.0,5.6,255.0
2024-12-17 11:00:00,0.0,16.4,40.0,0.0,3.6,406.0
2024-12-17 12:00:00,0.0,18.1,39.0,0.0,4.3,512.0
2024-12-17 13:00:00,0.0,18.8,40.0,0.0,6.0,560.0
2024-12-17 14:00:00,0.0,18.9,42.0,0.0,6.3,544.0
2024-12-17 15:00:00,0.0,18.8,44.0,0.0,7.3,467.0
2024-12-17 16:00:00,0.0,18.0,46.0,0.0,7.6,337.0
2024-12-17 17:00:00,0.0,16.9,57.0,0.0,6.8,172.0
2024-12-17 18:00:00,0.0,15.1,82.0,12.0,4.5,26.0
2024-12-17 19:00:00,0.0,14.1,87.0,0.0,2.9,0.0
2024-12-17 20:00:00,0.0,13.3,87.0,69.0,1.4,0.0
2024-12-17 21:00:00,0.0,13.2,83.0,0.0,1.1,0.0
2024-12-17 22:00:00,0.0,13.2,81.0,0.0,0.8,0.0
2024-12-17 23:00:00,0.0,12.6,83.0,0.0,2.4,0.0
2024-12-18 00:00:00,0.0,12.1,82.0,0.0,3.3,0.0
2024-12-18 01:00:00,0.0,12.0,68.0,0.0,4.2,0.0
2024-12-18 02:00:00,0.0,11.0,55.0,0.0,3.0,0.0
2024-12-18 03:00:00,0.0,10.8,46.0,0.0,3.0,0.0
2024-12-18 04:00:00,0.0,10.9,44.0,0.0,2.2,0.0
2024-12-18 05:00:00,0.0,11.2,42.0,0.0,2.3,0.0
2024-12-18 06:00:00,0.0,11.1,46.0,0.0,5.3,0.0
2024-12-18 07:00:00,0.0,10.6,49.0,0.0,4.9,0.0
2024-12-18 08:00:00,0.0,10.7,47.0,0.0,5.6,1.0
2024-12-18 09:00:00,0.0,12.7,41.0,0.0,5.6,90.0
2024-12-18 10:00:00,0.0,15.9,37.0,0.0,1.2,261.0
2024-12-18 11:00:00,0.0,19.0,32.0,0.0,2.8,413.0
2024-12-18 12:00:00,0.0,20.9,32.0,0.0,5.1,519.0
2024-12-18 13:00:00,0.0,21.5,36.0,0.0,7.5,567.0
2024-12-18 14:00:00,0.0,21.4,39.0,3.0,8.5,552.0
2024-12-18 15:00:00,0.0,20.9,43.0,5.0,8.4,473.0
2024-12-18 16:00:00,0.0,19.7,49.0,12.0,7.4,341.0
2024-12-18 17:00:00,0.0,17.8,62.0,30.0,5.1,175.0
2024-12-18 18:00:00,0.0,15.9,74.0,33.0,7.7,27.0
2024-12-18 19:00:00,0.0,13.8,85.0,44.0,4.1,0.0
2024-12-18 20:00:00,0.0,13.0,89.0,33.0,0.8,0.0
2024-12-18 21:00:00,0.0,12.7,91.0,22.0,0.5,0.0
2024-12-18 22:00:00,0.0,12.9,88.0,0.0,0.4,0.0
2024-12-18 23:00:00,0.0,12.7,87.0,1.0,0.0,0.0
2024-12-19 00:00:00,0.0,12.0,88.0,1.0,1.2,0.0
2024-12-19 01:00:00,0.0,11.3,83.0,0.0,3.2,0.0
2024-12-19 02:00:00,0.0,11.0,73.0,0.0,1.8,0.0
2024-12-19 03:00:00,0.0,11.0,65.0,0.0,1.3,0.0
2024-12-19 04:00:00,0.0,10.9,55.0,2.0,1.5,0.0
2024-12-19 05:00:00,0.0,10.9,49.0,4.0,0.8,0.0
2024-12-19 06:00:00,0.0,9.2,57.0,16.0,1.0,0.0
2024-12-19 07:00:00,0.0,8.3,58.0,18.0,1.0,0.0
2024-12-19 08:00:00,0.0,7.9,57.0,10.0,2.8,1.0
2024-12-19 09:00:00,0.0,10.8,45.0,4.0,4.9,85.0
2024-12-19 10:00:00,0.0,14.2,36.0,11.0,1.0,256.0
2024-12-19 11:00:00,0.0,17.4,36.0,17.0,3.0,411.0
2024-12-19 12:00:00,0.0,18.7,42.0,14.0,6.2,516.0
2024-12-19 13:00:00,0.0,18.5,49.0,17.0,8.3,564.0
2024-12-19 14:00:00,0.0,17.5,53.0,28.0,8.9,547.0
2024-12-19 15:00:00,0.0,16.6,57.0,33.0,6.4,465.0
2024-12-19 16:00:00,0.0,16.1,63.0,12.0,4.2,338.0
2024-12-19 17:00:00,0.0,15.1,70.0,8.0,3.2,174.0
2024-12-19 18:00:00,0.0,12.9,90.0,78.0,4.1,26.0
2024-12-19 19:00:00,0.0,12.1,96.0,76.0,3.3,0.0
2024-12-19 20:00:00,0.0,11.8,95.0,72.0,2.5,0.0
2024-12-19 21:00:00,0.0,11.2,96.0,79.0,2.2,0.0
2024-12-19 22:00:00,0.0,10.8,97.0,82.0,1.4,0.0
2024-12-19 23:00:00,0.0,10.4,97.0,70.0,0.8,0.0
2024-12-20 00:00:00,0.0,10.0,98.0,56.0,0.7,0.0
2024-12-20 01:00:00,0.0,9.6,99.0,51.0,0.4,0.0
2024-12-20 02:00:00,0.0,9.3,99.0,44.0,1.7,0.0
2024-12-20 03:00:00,0.0,9.3,93.0,18.0,1.0,0.0
2024-12-20 04:00:00,0.0,9.3,84.0,16.0,1.0,0.0
2024-12-20 05:00:00,0.0,9.2,73.0,55.0,1.0,0.0
2024-12-20 06:00:00,0.0,7.5,57.0,9.0,1.5,0.0
2024-12-20 07:00:00,0.0,7.6,49.0,13.0,1.4,0.0
2024-12-20 08:00:00,0.0,7.7,48.0,11.0,1.5,1.0
2024-12-20 09:00:00,0.0,10.1,42.0,7.0,3.5,83.0
2024-12-20 10:00:00,0.0,13.0,40.0,8.0,1.5,248.0
2024-12-20 11:00:00,0.0,15.7,41.0,4.0,2.7,409.0
2024-12-20 12:00:00,0.0,17.0,40.0,5.0,5.3,525.0
2024-12-20 13:00:00,0.0,17.4,43.0,6.0,6.6,575.0
2024-12-20 14:00:00,0.0,17.4,49.0,5.0,6.5,561.0
2024-12-20 15:00:00,0.0,16.9,54.0,12.0,6.1,482.0
2024-12-20 16:00:00,0.0,16.3,63.0,68.0,4.9,351.0
2024-12-20 17:00:00,0.0,15.5,73.0,32.0,4.4,179.0
2024-12-20 18:00:00,0.0,14.1,87.0,100.0,4.0,27.0
2024-12-20 19:00:00,0.0,13.4,92.0,100.0,3.7,0.0
2024-12-20 20:00:00,0.0,12.8,93.0,98.0,3.7,0.0
2024-12-20 21:00:00,0.0,12.1,93.0,9.0,3.5,0.0
2024-12-20 22:00:00,0.0,11.6,93.0,0.0,3.3,0.0
2024-12-20 23:00:00,0.0,11.1,93.0,20.0,3.2,0.0
2024-12-21 00:00:00,0.0,10.5,93.0,78.0,2.2,0.0
2024-12-21 01:00:00,0.0,9.8,93.0,1.0,3.4,0.0
2024-12-21 02:00:00,0.0,10.1,91.0,7.0,4.7,0.0
2024-12-21 03:00:00,0.0,10.3,88.0,85.0,5.5,0.0
2024-12-21 04:00:00,0.0,9.9,87.0,99.0,5.1,0.0
2024-12-21 05:00:00,0.0,9.9,88.0,100.0,5.6,0.0
2024-12-21 06:00:00,0.0,8.4,86.0,100.0,4.4,0.0
2024-12-21 07:00:00,0.0,9.0,81.0,100.0,5.0,0.0
2024-12-21 08:00:00,0.0,9.0,77.0,96.0,3.8,1.0
2024-12-21 09:00:00,0.0,10.0,73.0,100.0,3.8,63.0
2024-12-21 10:00:00,0.0,12.2,72.0,100.0,1.8,226.0
2024-12-21 11:00:00,0.0,14.4,62.0,100.0,3.1,375.0
2024-12-21 12:00:00,0.0,15.9,59.0,66.0,6.9,493.0
2024-12-21 13:00:00,0.0,16.0,68.0,13.0,12.6,567.0
2024-12-21 14:00:00,0.0,16.6,70.0,13.0,13.6,547.0
2024-12-21 15:00:00,0.0,16.7,70.0,14.0,12.1,462.0
2024-12-21 16:00:00,0.0,16.5,71.0,29.0,11.2,335.0
2024-12-21 17:00:00,0.0,15.5,76.0,28.0,9.9,168.0
2024-12-21 18:00:00,0.0,14.7,75.0,0.0,8.8,29.0
2024-12-21 19:00:00,0.0,13.9,80.0,0.0,7.5,0.0
2024-12-21 20:00:00,0.0,13.4,83.0,0.0,6.8,0.0
2024-12-21 21:00:00,0.0,12.9,86.0,6.0,7.1,0.0
2024-12-21 22:00:00,0.0,12.4,90.0,4.0,6.7,0.0
2024-12-21 23:00:00,0.0,11.6,93.0,10.0,4.3,0.0
2024-12-22 00:00:00,0.0,10.7,93.0,22.0,3.1,0.0
2024-12-22 01:00:00,0.0,10.7,95.0,100.0,4.3,0.0
2024-12-22 02:00:00,0.0,10.4,96.0,76.0,4.5,0.0
2024-12-22 03:00:00,0.0,10.0,95.0,99.0,4.5,0.0
2024-12-22 04:00:00,0.0,9.4,94.0,100.0,4.6,0.0
2024-12-22 05:00:00,0.0,9.3,93.0,100.0,5.2,0.0
2024-12-22 06:00:00,0.0,7.9,90.0,61.0,3.3,0.0
2024-12-22 07:00:00,0.0,7.6,86.0,100.0,3.1,0.0
2024-12-22 08:00:00,0.0,7.9,81.0,100.0,3.1,1.0
2024-12-22 09:00:00,0.0,9.7,70.0,100.0,4.4,64.0
2024-12-22 10:00:00,0.0,12.2,65.0,100.0,4.5,163.0
2024-12-22 11:00:00,0.0,14.8,60.0,99.0,2.1,265.0
2024-12-22 12:00:00,0.0,16.6,58.0,100.0,3.6,379.0
2024-12-22 13:00:00,0.0,17.1,66.0,4.0,9.2,449.0
2024-12-22 14:00:00,0.0,17.4,71.0,99.0,7.9,537.0
2024-12-22 15:00:00,0.0,17.2,74.0,100.0,9.0,449.0
2024-12-22 16:00:00,0.0,16.7,77.0,100.0,5.2,269.0
2024-12-22 17:00:00,0.0,15.4,84.0,100.0,7.3,95.0
2024-12-22 18:00:00,0.0,14.5,87.0,100.0,4.4,19.0
2024-12-22 19:00:00,0.0,14.1,90.0,2.0,1.3,0.0
2024-12-22 20:00:00,0.0,13.4,95.0,51.0,0.8,0.0
2024-12-22 21:00:00,0.0,12.7,98.0,95.0,0.7,0.0
2024-12-22 22:00:00,0.0,12.3,100.0,98.0,3.8,0.0
2024-12-22 23:00:00,0.0,12.4,98.0,68.0,4.9,0.0
2024-12-23 00:00:00,0.0,12.4,97.0,84.0,4.6,0.0
2024-12-23 01:00:00,0.0,11.9,97.0,33.0,2.2,0.0
2024-12-23 02:00:00,0.0,11.9,95.0,43.0,3.2,0.0
2024-12-23 03:00:00,0.0,11.3,94.0,57.0,1.3,0.0
2024-12-23 04:00:00,0.0,11.5,91.0,99.0,1.8,0.0
2024-12-23 05:00:00,0.0,12.0,92.0,100.0,5.0,0.0
2024-12-23 06:00:00,0.0,13.2,80.0,100.0,0.9,0.0
2024-12-23 07:00:00,0.0,12.8,78.0,100.0,4.9,0.0
2024-12-23 08:00:00,0.0,12.3,78.0,72.0,3.8,0.0
2024-12-23 09:00:00,0.0,13.3,76.0,72.0,3.6,65.0
2024-12-23 10:00:00,0.0,14.9,77.0,29.0,4.4,219.0
2024-12-23 11:00:00,0.0,16.9,70.0,85.0,1.7,382.0
2024-12-23 12:00:00,0.0,17.8,69.0,34.0,4.8,461.0
2024-12-23 13:00:00,0.0,18.2,70.0,69.0,6.8,526.0
2024-12-23 14:00:00,0.0,18.2,73.0,91.0,7.7,509.0
2024-12-23 15:00:00,0.0,17.8,77.0,75.0,8.8,440.0
2024-12-23 16:00:00,0.0,17.2,81.0,67.0,7.9,318.0
2024-12-23 17:00:00,0.0,16.5,84.0,78.0,5.8,162.0
2024-12-23 18:00:00,0.0,15.1,90.0,100.0,6.1,29.0
2024-12-23 19:00:00,0.0,14.5,91.0,100.0,4.2,0.0
2024-12-23 20:00:00,0.0,14.3,90.0,100.0,3.7,0.0
2024-12-23 21:00:00,0.0,13.9,91.0,100.0,2.8,0.0
2024-12-23 22:00:00,0.0,13.4,92.0,99.0,1.2,0.0
2024-12-23 23:00:00,0.0,13.0,92.0,99.0,1.9,0.0
2024-12-24 00:00:00,0.0,12.8,91.0,99.0,0.6,0.0
2024-12-24 01:00:00,0.0,11.8,95.0,5.0,2.3,0.0
2024-12-24 02:00:00,0.0,11.7,96.0,86.0,0.4,0.0
2024-12-24 03:00:00,0.0,11.9,97.0,100.0,3.6,0.0
2024-12-24 04:00:00,0.0,11.0,100.0,100.0,4.0,0.0
2024-12-24 05:00:00,0.0,10.8,100.0,100.0,1.7,0.0
2024-12-24 06:00:00,0.0,10.8,98.0,100.0,2.6,0.0
2024-12-24 07:00:00,0.0,11.2,96.0,100.0,4.6,0.0
2024-12-24 08:00:00,0.0,11.0,97.0,100.0,7.9,0.0
2024-12-24 09:00:00,0.0,11.8,97.0,100.0,8.4,28.0
2024-12-24 10:00:00,0.0,13.2,90.0,99.0,8.7,109.0
2024-12-24 11:00:00,0.0,15.6,76.0,100.0,8.1,295.0
2024-12-24 12:00:00,0.0,15.6,84.0,100.0,13.0,222.0
2024-12-24 13:00:00,0.1,15.5,86.0,100.0,13.7,281.0
2024-12-24 14:00:00,0.1,14.8,91.0,100.0,5.8,110.0
2024-12-24 15:00:00,0.0,16.4,81.0,59.0,2.6,261.0
2024-12-24 16:00:00,0.0,16.9,78.0,10.0,5.0,238.0
2024-12-24 17:00:00,0.0,15.8,84.0,100.0,7.2,158.0
2024-12-24 18:00:00,0.0,14.5,91.0,89.0,5.5,11.0
2024-12-24 19:00:00,0.0,14.0,95.0,45.0,7.5,0.0
2024-12-24 20:00:00,0.0,13.2,99.0,83.0,9.4,0.0
2024-12-24 21:00:00,0.0,13.6,97.0,56.0,10.2,0.0
2024-12-24 22:00:00,0.0,14.0,89.0,24.0,9.9,0.0
2024-12-24 23:00:00,0.0,12.9,90.0,88.0,4.5,0.0
2024-12-25 00:00:00,0.0,12.1,92.0,23.0,4.1,0.0
2024-12-25 01:00:00,0.0,11.9,92.0,43.0,1.7,0.0
2024-12-25 02:00:00,0.0,11.9,94.0,93.0,7.0,0.0
2024-12-25 03:00:00,0.0,11.6,96.0,95.0,6.7,0.0
2024-12-25 04:00:00,0.0,11.7,98.0,42.0,7.6,0.0
2024-12-25 05:00:00,0.0,11.0,98.0,20.0,2.5,0.0
2024-12-25 06:00:00,0.0,10.9,96.0,82.0,6.2,0.0
2024-12-25 07:00:00,0.0,11.0,96.0,5.0,5.1,0.0
2024-12-25 08:00:00,0.0,10.4,96.0,3.0,6.9,0.0
2024-12-25 09:00:00,0.0,11.5,93.0,2.0,7.5,78.0
2024-12-25 10:00:00,0.0,13.8,82.0,1.0,3.4,241.0
2024-12-25 11:00:00,0.0,15.2,71.0,26.0,3.9,395.0
2024-12-25 12:00:00,0.0,15.8,65.0,37.0,6.7,503.0
2024-12-25 13:00:00,0.0,16.2,60.0,96.0,8.1,550.0
2024-12-25 14:00:00,0.0,16.3,57.0,13.0,9.2,531.0
2024-12-25 15:00:00,0.0,16.4,58.0,8.0,8.4,471.0
2024-12-25 16:00:00,0.0,16.0,61.0,91.0,11.5,342.0
2024-12-25 17:00:00,0.0,15.2,62.0,100.0,10.5,174.0
2024-12-25 18:00:00,0.0,14.0,71.0,37.0,8.0,29.0
2024-12-25 19:00:00,0.0,13.0,78.0,100.0,4.9,0.0
2024-12-25 20:00:00,0.0,12.8,80.0,100.0,5.6,0.0
2024-12-25 21:00:00,0.0,12.9,81.0,100.0,4.2,0.0
2024-12-25 22:00:00,0.0,12.6,84.0,100.0,2.8,0.0
2024-12-25 23:00:00,0.0,12.2,85.0,76.0,3.5,0.0
2024-12-26 00:00:00,0.0,11.2,87.0,100.0,4.0,0.0
2024-12-26 01:00:00,0.0,10.6,87.0,100.0,3.9,0.0
2024-12-26 02:00:00,0.0,10.3,87.0,100.0,4.7,0.0
2024-12-26 03:00:00,0.0,10.0,86.0,100.0,4.5,0.0
2024-12-26 04:00:00,0.0,9.5,87.0,99.0,3.1,0.0
2024-12-26 05:00:00,0.0,9.3,88.0,99.0,3.0,0.0
2024-12-26 06:00:00,0.0,8.2,88.0,96.0,2.9,0.0
2024-12-26 07:00:00,0.0,7.9,88.0,100.0,3.9,0.0
2024-12-26 08:00:00,0.0,8.6,82.0,100.0,7.2,0.0
2024-12-26 09:00:00,0.0,10.4,72.0,100.0,4.8,65.0
2024-12-26 10:00:00,0.0,12.2,64.0,100.0,2.1,132.0
2024-12-26 11:00:00,0.0,14.8,53.0,100.0,1.8,328.0
2024-12-26 12:00:00,0.0,16.2,49.0,99.0,4.6,420.0
2024-12-26 13:00:00,0.0,17.0,49.0,77.0,6.4,542.0
2024-12-26 14:00:00,0.0,17.4,49.0,16.0,6.9,542.0
2024-12-26 15:00:00,0.0,17.2,51.0,59.0,7.9,476.0
2024-12-26 16:00:00,0.0,16.8,51.0,50.0,7.7,344.0
2024-12-26 17:00:00,0.0,15.3,62.0,96.0,7.5,182.0
2024-12-26 18:00:00,0.0,13.8,79.0,70.0,3.2,33.0
2024-12-26 19:00:00,0.0,13.0,90.0,50.0,5.0,0.0
2024-12-26 20:00:00,0.0,12.3,94.0,45.0,3.4,0.0
2024-12-26 21:00:00,0.0,11.9,91.0,56.0,3.8,0.0
2024-12-26 22:00:00,0.0,11.6,87.0,63.0,1.9,0.0
2024-12-26 23:00:00,0.0,11.1,86.0,92.0,1.2,0.0
2024-12-27 00:00:00,0.0,10.7,87.0,1.0,0.6,0.0
2024-12-27 01:00:00,0.0,10.1,87.0,40.0,2.3,0.0
2024-12-27 02:00:00,0.0,9.7,86.0,18.0,3.0,0.0
2024-12-27 03:00:00,0.0,9.3,86.0,83.0,2.7,0.0
2024-12-27 04:00:00,0.0,9.0,85.0,46.0,3.1,0.0
2024-12-27 05:00:00,0.0,8.8,83.0,4.0,2.7,0.0
2024-12-27 06:00:00,0.0,7.4,85.0,40.0,2.3,0.0
2024-12-27 07:00:00,0.0,7.6,80.0,84.0,1.0,0.0
2024-12-27 08:00:00,0.0,8.2,73.0,46.0,2.5,0.0
2024-12-27 09:00:00,0.0,10.2,61.0,100.0,4.9,74.0
2024-12-27 10:00:00,0.0,12.7,53.0,60.0,4.5,228.0
2024-12-27 11:00:00,0.0,15.2,51.0,99.0,4.6,383.0
2024-12-27 12:00:00,0.0,15.6,61.0,100.0,4.9,305.0
2024-12-27 13:00:00,0.0,15.3,69.0,100.0,3.8,155.0
2024-12-27 14:00:00,0.0,15.6,74.0,100.0,3.2,192.0
2024-12-27 15:00:00,0.1,15.3,80.0,100.0,3.3,98.0
2024-12-27 16:00:00,0.2,15.5,83.0,100.0,3.1,85.0
2024-12-27 17:00:00,0.1,15.3,87.0,100.0,4.0,38.0
2024-12-27 18:00:00,0.0,14.9,88.0,100.0,5.4,12.0
2024-12-27 19:00:00,0.0,14.6,94.0,100.0,5.4,0.0
2024-12-27 20:00:00,0.0,14.3,98.0,100.0,3.6,0.0
2024-12-27 21:00:00,0.0,14.2,99.0,100.0,1.7,0.0
2024-12-27 22:00:00,0.0,14.3,98.0,100.0,2.8,0.0
2024-12-27 23:00:00,0.0,14.3,98.0,100.0,3.2,0.0
2024-12-28 00:00:00,0.0,14.4,97.0,100.0,3.3,0.0
2024-12-28 01:00:00,0.0,13.5,99.0,98.0,2.0,0.0
2024-12-28 02:00:00,0.0,13.3,99.0,96.0,2.5,0.0
2024-12-28 03:00:00,0.0,13.1,99.0,100.0,2.9,0.0
2024-12-28 04:00:00,0.0,13.6,97.0,100.0,2.9,0.0
2024-12-28 05:00:00,0.0,13.6,95.0,100.0,1.7,0.0
2024-12-28 06:00:00,0.0,13.7,86.0,100.0,0.2,0.0
2024-12-28 07:00:00,0.0,13.1,90.0,100.0,0.7,0.0
2024-12-28 08:00:00,0.0,12.2,94.0,100.0,1.1,0.0
2024-12-28 09:00:00,0.0,13.0,89.0,100.0,4.5,56.0
2024-12-28 10:00:00,0.0,14.5,80.0,100.0,2.4,220.0
2024-12-28 11:00:00,0.0,16.3,71.0,100.0,1.0,370.0
2024-12-28 12:00:00,0.0,17.5,67.0,97.0,5.6,492.0
2024-12-28 13:00:00,0.0,17.9,67.0,98.0,7.9,544.0
2024-12-28 14:00:00,0.0,17.8,68.0,97.0,8.5,527.0
2024-12-28 15:00:00,0.0,17.5,70.0,100.0,8.6,464.0
2024-12-28 16:00:00,0.0,16.9,73.0,100.0,8.0,338.0
2024-12-28 17:00:00,0.0,16.0,78.0,100.0,7.1,179.0
2024-12-28 18:00:00,0.0,13.9,91.0,90.0,5.4,35.0
2024-12-28 19:00:00,0.0,13.2,95.0,71.0,1.5,0.0
2024-12-28 20:00:00,0.0,12.9,95.0,99.0,0.0,0.0
2024-12-28 21:00:00,0.0,12.4,96.0,98.0,0.4,0.0
2024-12-28 22:00:00,0.0,12.0,97.0,72.0,0.5,0.0
2024-12-28 23:00:00,0.0,11.7,98.0,2.0,0.8,0.0
2024-12-29 00:00:00,0.0,11.7,99.0,100.0,3.2,0.0
2024-12-29 01:00:00,0.0,11.3,100.0,100.0,3.4,0.0
2024-12-29 02:00:00,0.0,11.0,99.0,100.0,1.8,0.0
2024-12-29 03:00:00,0.0,10.8,98.0,100.0,1.6,0.0
2024-12-29 04:00:00,0.0,10.6,99.0,100.0,1.8,0.0
2024-12-29 05:00:00,0.0,10.4,99.0,100.0,2.3,0.0
2024-12-29 06:00:00,0.0,9.5,100.0,100.0,1.7,0.0
2024-12-29 07:00:00,0.0,9.3,100.0,100.0,1.1,0.0
2024-12-29 08:00:00,0.0,9.4,100.0,100.0,1.8,0.0
2024-12-29 09:00:00,0.0,9.9,99.0,100.0,3.5,50.0
2024-12-29 10:00:00,0.0,11.6,91.0,93.0,4.5,168.0
2024-12-29 11:00:00,0.0,13.8,78.0,21.0,3.2,345.0
2024-12-29 12:00:00,0.0,15.8,68.0,9.0,4.5,492.0
2024-12-29 13:00:00,0.0,16.8,64.0,6.0,8.1,556.0
2024-12-29 14:00:00,0.0,16.4,65.0,6.0,11.1,552.0
2024-12-29 15:00:00,0.0,16.0,71.0,14.0,10.9,486.0
2024-12-29 16:00:00,0.0,15.4,76.0,9.0,10.5,355.0
2024-12-29 17:00:00,0.0,14.5,81.0,6.0,9.4,193.0
2024-12-29 18:00:00,0.0,12.1,91.0,12.0,8.7,36.0
2024-12-29 19:00:00,0.0,11.7,94.0,6.0,5.0,0.0
2024-12-29 20:00:00,0.0,11.1,96.0,5.0,2.4,0.0
2024-12-29 21:00:00,0.0,11.1,95.0,7.0,0.5,0.0
2024-12-29 22:00:00,0.0,10.6,96.0,0.0,1.8,0.0
2024-12-29 23:00:00,0.0,10.3,97.0,0.0,2.1,0.0
2024-12-30 00:00:00,0.0,9.9,98.0,0.0,1.4,0.0
2024-12-30 01:00:00,0.0,9.3,99.0,1.0,1.7,0.0
2024-12-30 02:00:00,0.0,9.0,99.0,0.0,2.1,0.0
2024-12-30 03:00:00,0.0,8.8,97.0,0.0,2.2,0.0
2024-12-30 04:00:00,0.0,8.7,96.0,78.0,2.2,0.0
2024-12-30 05:00:00,0.0,9.1,93.0,100.0,1.8,0.0
2024-12-30 06:00:00,0.0,9.4,95.0,100.0,2.2,0.0
2024-12-30 07:00:00,0.0,10.8,90.0,100.0,2.0,0.0
2024-12-30 08:00:00,0.0,11.2,88.0,100.0,1.5,0.0
2024-12-30 09:00:00,0.0,12.1,83.0,100.0,3.0,36.0
2024-12-30 10:00:00,0.0,13.5,79.0,99.0,2.3,149.0
2024-12-30 11:00:00,0.0,14.7,74.0,75.0,0.9,297.0
2024-12-30 12:00:00,0.0,15.9,68.0,50.0,2.7,433.0
2024-12-30 13:00:00,0.0,16.9,65.0,33.0,6.2,538.0
2024-12-30 14:00:00,0.0,17.2,66.0,14.0,8.0,547.0
2024-12-30 15:00:00,0.0,17.1,66.0,12.0,8.4,479.0
2024-12-30 16:00:00,0.0,16.6,68.0,7.0,8.5,356.0
2024-12-30 17:00:00,0.0,15.6,74.0,0.0,7.8,195.0
2024-12-30 18:00:00,0.0,14.0,79.0,8.0,4.4,37.0
2024-12-30 19:00:00,0.0,13.2,84.0,4.0,2.6,0.0
2024-12-30 20:00:00,0.0,12.6,88.0,1.0,1.0,0.0
2024-12-30 21:00:00,0.0,12.2,89.0,0.0,0.4,0.0
2024-12-30 22:00:00,0.0,11.7,90.0,0.0,0.9,0.0
2024-12-30 23:00:00,0.0,11.1,93.0,0.0,1.4,0.0
2024-12-31 00:00:00,0.0,10.3,95.0,0.0,1.9,0.0
2024-12-31 01:00:00,0.0,9.4,97.0,1.0,2.5,0.0
2024-12-31 02:00:00,0.0,9.0,97.0,14.0,3.0,0.0
2024-12-31 03:00:00,0.0,8.6,97.0,1.0,3.3,0.0
2024-12-31 04:00:00,0.0,8.2,98.0,36.0,3.2,0.0
2024-12-31 05:00:00,0.0,8.1,97.0,30.0,2.5,0.0
2024-12-31 06:00:00,0.0,8.9,99.0,100.0,4.3,0.0
2024-12-31 07:00:00,0.0,8.8,99.0,100.0,5.2,0.0
2024-12-31 08:00:00,0.0,9.1,97.0,100.0,5.2,0.0
2024-12-31 09:00:00,0.0,9.8,94.0,100.0,4.1,43.0
2024-12-31 10:00:00,0.0,10.3,94.0,100.0,4.1,128.0
2024-12-31 11:00:00,0.0,12.6,82.0,100.0,1.8,313.0
2024-12-31 12:00:00,0.0,13.9,75.0,100.0,3.8,407.0
2024-12-31 13:00:00,0.0,14.7,71.0,100.0,6.0,467.0
2024-12-31 14:00:00,0.0,14.6,72.0,100.0,5.8,402.0
2024-12-31 15:00:00,0.0,14.8,71.0,100.0,3.6,356.0
2024-12-31 16:00:00,0.0,14.8,71.0,100.0,3.5,273.0
2024-12-31 17:00:00,0.0,14.1,75.0,100.0,3.5,182.0
2024-12-31 18:00:00,0.0,12.2,85.0,100.0,2.4,33.0
2024-12-31 19:00:00,0.0,11.6,89.0,100.0,2.4,0.0
2024-12-31 20:00:00,0.0,11.2,92.0,100.0,2.7,0.0
2024-12-31 21:00:00,0.0,10.8,93.0,100.0,3.1,0.0
2024-12-31 22:00:00,0.0,10.0,95.0,100.0,3.0,0.0
2024-12-31 23:00:00,0.0,9.7,96.0,100.0,3.6,0.0
2025-01-01 00:00:00,0.0,9.5,95.0,95.0,3.7,0.0
2025-01-01 01:00:00,0.0,8.9,96.0,100.0,2.9,0.0
2025-01-01 02:00:00,0.0,8.8,94.0,45.0,4.7,0.0
2025-01-01 03:00:00,0.0,8.1,92.0,0.0,4.4,0.0
2025-01-01 04:00:00,0.0,7.3,88.0,0.0,3.3,0.0
2025-01-01 05:00:00,0.0,7.1,82.0,0.0,2.4,0.0
2025-01-01 06:00:00,0.0,8.6,76.0,42.0,5.8,0.0
2025-01-01 07:00:00,0.0,8.2,73.0,28.0,3.2,0.0
2025-01-01 08:00:00,0.0,7.1,75.0,15.0,1.9,0.0
2025-01-01 09:00:00,0.0,8.7,68.0,24.0,2.8,73.0
2025-01-01 10:00:00,0.0,11.7,59.0,13.0,0.6,239.0
2025-01-01 11:00:00,0.0,13.8,56.0,2.0,3.1,401.0
2025-01-01 12:00:00,0.0,15.3,53.0,56.0,4.9,520.0
2025-01-01 13:00:00,0.0,16.2,52.0,97.0,5.2,578.0
2025-01-01 14:00:00,0.0,16.6,54.0,86.0,6.4,569.0
2025-01-01 15:00:00,0.0,16.5,58.0,1.0,6.6,497.0
2025-01-01 16:00:00,0.0,15.9,64.0,2.0,7.3,371.0
2025-01-01 17:00:00,0.0,14.9,74.0,1.0,6.5,203.0
2025-01-01 18:00:00,0.0,13.3,81.0,0.0,4.8,42.0
2025-01-01 19:00:00,0.0,12.6,86.0,0.0,3.6,0.0
2025-01-01 20:00:00,0.0,12.3,86.0,0.0,1.1,0.0
2025-01-01 21:00:00,0.0,11.6,87.0,0.0,1.9,0.0
2025-01-01 22:00:00,0.0,11.1,87.0,0.0,2.3,0.0
2025-01-01 23:00:00,0.0,10.6,86.0,0.0,3.8,0.0
2025-01-02 00:00:00,0.0,9.8,84.0,0.0,3.2,0.0
2025-01-02 01:00:00,0.0,9.2,74.0,0.0,2.9,0.0
2025-01-02 02:00:00,0.0,8.9,62.0,0.0,2.7,0.0
2025-01-02 03:00:00,0.0,8.9,52.0,0.0,2.7,0.0
2025-01-02 04:00:00,0.0,8.3,49.0,0.0,3.2,0.0
2025-01-02 05:00:00,0.0,7.5,48.0,0.0,1.3,0.0
2025-01-02 06:00:00,0.0,6.2,57.0,0.0,2.4,0.0
2025-01-02 07:00:00,0.0,6.1,56.0,0.0,3.1,0.0
2025-01-02 08:00:00,0.0,6.5,53.0,0.0,3.4,0.0
2025-01-02 09:00:00,0.0,9.3,43.0,0.0,5.0,79.0
2025-01-02 10:00:00,0.0,12.9,35.0,0.0,2.1,256.0
2025-01-02 11:00:00,0.0,16.6,30.0,0.0,0.9,419.0
2025-01-02 12:00:00,0.0,19.1,29.0,0.0,2.2,535.0
2025-01-02 13:00:00,0.0,20.9,28.0,0.0,4.5,593.0
2025-01-02 14:00:00,0.0,21.2,31.0,0.0,7.4,585.0
2025-01-02 15:00:00,0.0,20.3,35.0,0.0,8.2,511.0
2025-01-02 16:00:00,0.0,18.9,39.0,0.0,8.0,380.0
2025-01-02 17:00:00,0.0,16.8,45.0,71.0,6.3,210.0
2025-01-02 18:00:00,0.0,14.8,71.0,30.0,5.4,44.0
2025-01-02 19:00:00,0.0,13.2,83.0,95.0,2.2,0.0
2025-01-02 20:00:00,0.0,12.7,86.0,99.0,1.3,0.0
2025-01-02 21:00:00,0.0,12.0,88.0,100.0,1.7,0.0
2025-01-02 22:00:00,0.0,12.1,82.0,99.0,2.4,0.0
2025-01-02 23:00:00,0.0,12.1,76.0,100.0,1.3,0.0
2025-01-03 00:00:00,0.0,12.5,69.0,100.0,0.4,0.0
2025-01-03 01:00:00,0.0,12.2,63.0,100.0,1.3,0.0
2025-01-03 02:00:00,0.0,11.9,58.0,100.0,0.9,0.0
2025-01-03 03:00:00,0.0,11.4,54.0,100.0,1.1,0.0
2025-01-03 04:00:00,0.0,10.9,47.0,100.0,2.7,0.0
2025-01-03 05:00:00,0.0,10.9,44.0,100.0,1.4,0.0
2025-01-03 06:00:00,0.0,9.6,45.0,100.0,0.9,0.0
2025-01-03 07:00:00,0.0,9.9,44.0,100.0,0.2,0.0
2025-01-03 08:00:00,0.0,9.4,42.0,73.0,1.9,0.0
2025-01-03 09:00:00,0.0,11.0,32.0,95.0,4.9,75.0
2025-01-03 10:00:00,0.0,13.5,28.0,63.0,4.0,240.0
2025-01-03 11:00:00,0.0,16.0,30.0,100.0,1.5,404.0
2025-01-03 12:00:00,0.0,17.7,34.0,80.0,4.1,517.0
2025-01-03 13:00:00,0.0,18.3,41.0,94.0,7.1,581.0
2025-01-03 14:00:00,0.0,17.2,59.0,48.0,9.4,548.0
2025-01-03 15:00:00,0.0,16.4,67.0,100.0,9.4,495.0
2025-01-03 16:00:00,0.0,14.7,77.0,100.0,10.5,187.0
2025-01-03 17:00:00,0.0,14.6,78.0,97.0,5.8,112.0
2025-01-03 18:00:00,0.0,13.1,85.0,5.0,4.3,42.0
2025-01-03 19:00:00,0.0,12.6,83.0,0.0,7.3,0.0
2025-01-03 20:00:00,0.0,11.8,82.0,0.0,4.2,0.0
2025-01-03 21:00:00,0.0,12.0,84.0,0.0,5.7,0.0
2025-01-03 22:00:00,0.0,11.9,92.0,0.0,7.2,0.0
2025-01-03 23:00:00,0.0,11.0,94.0,4.0,1.8,0.0
2025-01-04 00:00:00,0.0,9.9,97.0,42.0,4.1,0.0
2025-01-04 01:00:00,0.0,10.0,97.0,15.0,8.7,0.0
2025-01-04 02:00:00,0.0,9.2,97.0,32.0,5.7,0.0
2025-01-04 03:00:00,0.0,8.2,98.0,100.0,2.3,0.0
2025-01-04 04:00:00,0.0,9.5,95.0,100.0,1.6,0.0
2025-01-04 05:00:00,0.0,10.2,93.0,100.0,3.9,0.0
2025-01-04 06:00:00,0.0,8.4,94.0,99.0,4.0,0.0
2025-01-04 07:00:00,0.0,7.9,92.0,99.0,4.2,0.0
2025-01-04 08:00:00,0.0,7.9,90.0,98.0,3.9,0.0
2025-01-04 09:00:00,0.0,9.2,83.0,36.0,6.2,68.0
2025-01-04 10:00:00,0.0,12.2,71.0,51.0,4.3,223.0
2025-01-04 11:00:00,0.0,14.6,61.0,37.0,0.5,398.0
2025-01-04 12:00:00,0.0,15.9,58.0,31.0,5.5,514.0
2025-01-04 13:00:00,0.0,16.6,56.0,89.0,6.3,574.0
2025-01-04 14:00:00,0.0,17.0,55.0,100.0,8.1,563.0
2025-01-04 15:00:00,0.0,16.5,58.0,96.0,10.5,497.0
2025-01-04 16:00:00,0.0,15.8,63.0,45.0,10.7,371.0
2025-01-04 17:00:00,0.0,15.0,66.0,78.0,10.1,208.0
2025-01-04 18:00:00,0.0,13.2,74.0,96.0,8.0,45.0
2025-01-04 19:00:00,0.0,12.7,80.0,100.0,6.2,0.0
2025-01-04 20:00:00,0.0,12.5,81.0,100.0,3.2,0.0
2025-01-04 21:00:00,0.0,12.1,84.0,100.0,3.5,0.0
2025-01-04 22:00:00,0.0,11.7,86.0,100.0,4.8,0.0
2025-01-04 23:00:00,0.0,11.4,84.0,100.0,5.5,0.0
2025-01-05 00:00:00,0.0,10.7,85.0,100.0,4.4,0.0
2025-01-05 01:00:00,0.0,10.5,85.0,100.0,4.3,0.0
2025-01-05 02:00:00,0.0,10.5,86.0,75.0,6.9,0.0
2025-01-05 03:00:00,0.0,10.2,87.0,0.0,7.7,0.0
2025-01-05 04:00:00,0.0,9.3,86.0,3.0,4.6,0.0
2025-01-05 05:00:00,0.0,8.9,79.0,0.0,3.9,0.0
2025-01-05 06:00:00,0.0,8.3,69.0,9.0,4.1,0.0
2025-01-05 07:00:00,0.0,7.8,56.0,86.0,4.8,0.0
2025-01-05 08:00:00,0.0,7.7,46.0,94.0,5.5,0.0
2025-01-05 09:00:00,0.0,9.1,40.0,60.0,5.0,74.0
2025-01-05 10:00:00,0.0,12.6,34.0,17.0,2.4,245.0
2025-01-05 11:00:00,0.0,16.8,29.0,89.0,0.4,404.0
2025-01-05 12:00:00,0.0,19.3,27.0,81.0,3.5,518.0
2025-01-05 13:00:00,0.0,20.4,26.0,99.0,6.3,573.0
2025-01-05 14:00:00,0.0,20.6,24.0,98.0,7.7,563.0
2025-01-05 15:00:00,0.0,20.4,23.0,31.0,8.3,496.0
2025-01-05 16:00:00,0.0,19.6,26.0,34.0,8.8,375.0
2025-01-05 17:00:00,0.0,18.1,36.0,36.0,8.8,210.0
2025-01-05 18:00:00,0.0,17.7,42.0,35.0,7.9,47.0
2025-01-05 19:00:00,0.0,16.3,49.0,2.0,1.7,0.0
2025-01-05 20:00:00,0.0,15.8,53.0,0.0,0.4,0.0
2025-01-05 21:00:00,0.0,14.8,57.0,0.0,1.0,0.0
2025-01-05 22:00:00,0.0,14.0,64.0,11.0,1.1,0.0
2025-01-05 23:00:00,0.0,13.4,64.0,0.0,0.7,0.0
2025-01-06 00:00:00,0.0,12.6,60.0,0.0,2.4,0.0
2025-01-06 01:00:00,0.0,11.8,53.0,0.0,4.4,0.0
2025-01-06 02:00:00,0.0,10.9,48.0,0.0,4.3,0.0
2025-01-06 03:00:00,0.0,10.7,43.0,0.0,4.4,0.0
2025-01-06 04:00:00,0.0,10.2,42.0,0.0,3.6,0.0
2025-01-06 05:00:00,0.0,10.0,41.0,0.0,3.6,0.0
2025-01-06 06:00:00,0.0,9.7,38.0,0.0,4.5,0.0
2025-01-06 07:00:00,0.0,9.6,39.0,0.0,4.1,0.0
2025-01-06 08:00:00,0.0,9.4,41.0,28.0,4.6,0.0
2025-01-06 09:00:00,0.0,10.6,38.0,1.0,5.5,75.0
2025-01-06 10:00:00,0.0,13.8,34.0,0.0,3.1,249.0
2025-01-06 11:00:00,0.0,17.8,28.0,0.0,1.3,412.0
2025-01-06 12:00:00,0.0,19.3,23.0,3.0,4.5,531.0
2025-01-06 13:00:00,0.0,19.6,24.0,4.0,7.3,590.0
2025-01-06 14:00:00,0.0,19.1,35.0,3.0,8.4,583.0
2025-01-06 15:00:00,0.0,18.2,49.0,12.0,8.1,512.0
2025-01-06 16:00:00,0.0,17.5,54.0,0.0,7.3,384.0
2025-01-06 17:00:00,0.0,16.3,63.0,0.0,5.8,218.0
2025-01-06 18:00:00,0.0,15.4,58.0,100.0,4.8,48.0
2025-01-06 19:00:00,0.0,14.6,64.0,97.0,5.0,0.0
2025-01-06 20:00:00,0.0,14.4,61.0,72.0,5.5,0.0
2025-01-06 21:00:00,0.0,13.9,56.0,100.0,5.4,0.0
2025-01-06 22:00:00,0.0,14.2,56.0,100.0,8.7,0.0
2025-01-06 23:00:00,0.0,13.7,74.0,100.0,11.4,0.0
2025-01-07 00:00:00,0.0,13.5,82.0,100.0,10.0,0.0
2025-01-07 01:00:00,0.0,13.3,82.0,84.0,11.2,0.0
2025-01-07 02:00:00,0.0,13.1,77.0,52.0,11.2,0.0
2025-01-07 03:00:00,0.0,13.1,76.0,51.0,12.5,0.0
2025-01-07 04:00:00,0.0,13.1,77.0,100.0,11.9,0.0
2025-01-07 05:00:00,0.0,13.4,75.0,100.0,11.8,0.0
2025-01-07 06:00:00,0.0,12.9,78.0,84.0,10.4,0.0
2025-01-07 07:00:00,0.0,13.0,73.0,78.0,6.5,0.0
2025-01-07 08:00:00,0.0,12.1,64.0,5.0,6.1,0.0
2025-01-07 09:00:00,0.0,11.9,49.0,17.0,8.0,71.0
2025-01-07 10:00:00,0.0,14.3,38.0,30.0,8.9,234.0
2025-01-07 11:00:00,0.0,17.3,33.0,19.0,5.9,385.0
2025-01-07 12:00:00,0.0,18.3,32.0,5.0,8.9,517.0
2025-01-07 13:00:00,0.0,18.1,36.0,2.0,13.8,575.0
2025-01-07 14:00:00,0.0,17.8,50.0,0.0,16.6,570.0
2025-01-07 15:00:00,0.0,17.9,54.0,4.0,15.7,501.0
2025-01-07 16:00:00,0.0,18.1,52.0,8.0,13.0,371.0
2025-01-07 17:00:00,0.0,18.1,54.0,19.0,11.5,210.0
2025-01-07 18:00:00,0.0,16.5,66.0,50.0,6.1,41.0
2025-01-07 19:00:00,0.0,16.5,51.0,3.0,5.3,0.0
2025-01-07 20:00:00,0.0,17.4,27.0,21.0,10.0,0.0
2025-01-07 21:00:00,0.0,17.7,21.0,33.0,14.6,0.0
2025-01-07 22:00:00,0.0,17.5,20.0,38.0,13.5,0.0
2025-01-07 23:00:00,0.0,16.2,22.0,9.0,9.5,0.0
2025-01-08 00:00:00,0.0,15.1,25.0,11.0,10.9,0.0
2025-01-08 01:00:00,0.0,14.7,26.0,2.0,12.9,0.0
2025-01-08 02:00:00,0.0,14.3,24.0,0.0,14.4,0.0
2025-01-08 03:00:00,0.0,14.0,22.0,0.0,15.2,0.0
2025-01-08 04:00:00,0.0,13.6,23.0,0.0,14.9,0.0
2025-01-08 05:00:00,0.0,13.3,24.0,1.0,14.1,0.0
2025-01-08 06:00:00,0.0,14.6,22.0,0.0,13.4,0.0
2025-01-08 07:00:00,0.0,14.1,23.0,3.0,10.2,0.0
2025-01-08 08:00:00,0.0,13.4,25.0,9.0,9.9,0.0
2025-01-08 09:00:00,0.0,14.3,24.0,17.0,8.5,72.0
2025-01-08 10:00:00,0.0,16.4,21.0,25.0,5.6,244.0
2025-01-08 11:00:00,0.0,18.8,18.0,25.0,7.2,414.0
2025-01-08 12:00:00,0.0,21.5,14.0,26.0,14.5,534.0
2025-01-08 13:00:00,0.0,21.7,13.0,18.0,16.2,592.0
2025-01-08 14:00:00,0.0,21.9,13.0,12.0,17.1,588.0
2025-01-08 15:00:00,0.0,22.1,13.0,2.0,16.5,521.0
2025-01-08 16:00:00,0.0,21.8,13.0,1.0,14.8,395.0
2025-01-08 17:00:00,0.0,20.6,13.0,0.0,7.2,228.0
2025-01-08 18:00:00,0.0,18.6,32.0,16.0,8.9,54.0
2025-01-08 19:00:00,0.0,17.5,31.0,0.0,4.5,0.0
2025-01-08 20:00:00,0.0,16.5,28.0,0.0,4.9,0.0
2025-01-08 21:00:00,0.0,17.2,18.0,0.0,9.0,0.0
2025-01-08 22:00:00,0.0,16.1,19.0,15.0,8.1,0.0
2025-01-08 23:00:00,0.0,14.1,23.0,9.0,5.1,0.0
2025-01-09 00:00:00,0.0,12.6,27.0,2.0,4.7,0.0
2025-01-09 01:00:00,0.0,11.9,28.0,0.0,5.4,0.0
2025-01-09 02:00:00,0.0,11.4,29.0,0.0,5.6,0.0
2025-01-09 03:00:00,0.0,10.5,31.0,0.0,3.6,0.0
2025-01-09 04:00:00,0.0,9.9,31.0,0.0,5.4,0.0
2025-01-09 05:00:00,0.0,9.1,32.0,0.0,5.7,0.0
2025-01-09 06:00:00,0.0,7.8,33.0,0.0,6.1,0.0
2025-01-09 07:00:00,0.0,7.7,33.0,0.0,6.8,0.0
2025-01-09 08:00:00,0.0,7.8,33.0,0.0,6.6,0.0
2025-01-09 09:00:00,0.0,10.3,28.0,0.0,6.2,78.0
2025-01-09 10:00:00,0.0,13.9,23.0,0.0,3.6,257.0
2025-01-09 11:00:00,0.0,17.9,20.0,0.0,1.5,426.0
2025-01-09 12:00:00,0.0,19.7,17.0,0.0,6.9,549.0
2025-01-09 13:00:00,0.0,20.3,18.0,0.0,9.0,611.0
2025-01-09 14:00:00,0.0,20.3,18.0,0.0,9.5,605.0
2025-01-09 15:00:00,0.0,19.7,23.0,0.0,11.2,534.0
2025-01-09 16:00:00,0.0,18.3,31.0,0.0,11.4,405.0
2025-01-09 17:00:00,0.0,16.9,39.0,0.0,8.5,234.0
2025-01-09 18:00:00,0.0,15.9,58.0,0.0,3.6,58.0
2025-01-09 19:00:00,0.0,14.2,71.0,0.0,1.4,0.0
2025-01-09 20:00:00,0.0,13.3,78.0,0.0,2.3,0.0
2025-01-09 21:00:00,0.0,12.9,81.0,0.0,0.7,0.0
2025-01-09 22:00:00,0.0,12.6,72.0,0.0,4.8,0.0
2025-01-09 23:00:00,0.0,15.7,20.0,0.0,9.4,0.0
2025-01-10 00:00:00,0.0,17.7,13.0,0.0,14.4,0.0
2025-01-10 01:00:00,0.0,17.7,13.0,0.0,14.6,0.0
2025-01-10 02:00:00,0.0,17.1,13.0,0.0,13.9,0.0
2025-01-10 03:00:00,0.0,16.5,12.0,0.0,13.2,0.0
2025-01-10 04:00:00,0.0,15.9,12.0,0.0,11.3,0.0
2025-01-10 05:00:00,0.0,14.8,13.0,0.0,7.8,0.0
2025-01-10 06:00:00,0.0,14.4,14.0,0.0,9.4,0.0
2025-01-10 07:00:00,0.0,13.5,16.0,0.0,9.1,0.0
2025-01-10 08:00:00,0.0,12.0,20.0,0.0,3.9,0.0
2025-01-10 09:00:00,0.0,14.6,14.0,0.0,7.9,80.0
2025-01-10 10:00:00,0.0,17.5,12.0,0.0,11.4,261.0
2025-01-10 11:00:00,0.0,19.7,9.0,0.0,8.3,429.0
2025-01-10 12:00:00,0.0,20.6,8.0,0.0,5.2,551.0
2025-01-10 13:00:00,0.0,21.3,8.0,0.0,7.1,612.0
2025-01-10 14:00:00,0.0,20.7,13.0,0.0,13.9,607.0
2025-01-10 15:00:00,0.0,19.8,15.0,0.0,16.0,535.0
2025-01-10 16:00:00,0.0,19.5,13.0,0.0,16.8,407.0
2025-01-10 17:00:00,0.0,18.0,24.0,0.0,14.2,236.0
2025-01-10 18:00:00,0.0,16.1,43.0,0.0,12.7,60.0
2025-01-10 19:00:00,0.0,15.4,49.0,0.0,10.2,0.0
2025-01-10 20:00:00,0.0,14.9,50.0,0.0,6.7,0.0
2025-01-10 21:00:00,0.0,13.8,51.0,0.0,4.3,0.0
2025-01-10 22:00:00,0.0,13.0,53.0,0.0,3.3,0.0
2025-01-10 23:00:00,0.0,12.5,53.0,0.0,1.8,0.0
2025-01-11 00:00:00,0.0,11.7,53.0,0.0,1.5,0.0
2025-01-11 01:00:00,0.0,10.5,53.0,0.0,2.3,0.0
2025-01-11 02:00:00,0.0,9.7,49.0,0.0,3.4,0.0
2025-01-11 03:00:00,0.0,8.9,48.0,0.0,2.8,0.0
2025-01-11 04:00:00,0.0,8.9,43.0,0.0,2.5,0.0
2025-01-11 05:00:00,0.0,9.0,40.0,0.0,3.2,0.0
2025-01-11 06:00:00,0.0,7.7,42.0,0.0,4.3,0.0
2025-01-11 07:00:00,0.0,7.8,37.0,0.0,5.2,0.0
2025-01-11 08:00:00,0.0,7.7,35.0,0.0,5.6,0.0
2025-01-11 09:00:00,0.0,10.0,29.0,0.0,6.3,78.0
2025-01-11 10:00:00,0.0,13.1,24.0,0.0,4.0,256.0
2025-01-11 11:00:00,0.0,15.6,21.0,0.0,3.5,424.0
2025-01-11 12:00:00,0.0,16.7,27.0,0.0,5.0,546.0
2025-01-11 13:00:00,0.0,17.3,31.0,0.0,7.1,608.0
2025-01-11 14:00:00,0.0,17.6,37.0,0.0,7.8,603.0
2025-01-11 15:00:00,0.0,17.7,39.0,0.0,8.1,533.0
2025-01-11 16:00:00,0.0,17.3,40.0,0.0,9.2,406.0
2025-01-11 17:00:00,0.0,16.6,47.0,0.0,8.6,237.0
2025-01-11 18:00:00,0.0,14.8,70.0,0.0,7.7,61.0
2025-01-11 19:00:00,0.0,13.8,74.0,0.0,4.5,0.0
2025-01-11 20:00:00,0.0,13.2,74.0,0.0,5.2,0.0
2025-01-11 21:00:00,0.0,12.1,78.0,0.0,3.1,0.0
2025-01-11 22:00:00,0.0,12.1,75.0,0.0,1.5,0.0
2025-01-11 23:00:00,0.0,12.2,72.0,0.0,0.6,0.0
2025-01-12 00:00:00,0.0,11.5,70.0,0.0,1.2,0.0
2025-01-12 01:00:00,0.0,10.3,64.0,0.0,4.6,0.0
2025-01-12 02:00:00,0.0,10.4,51.0,0.0,5.8,0.0
2025-01-12 03:00:00,0.0,9.5,45.0,0.0,5.9,0.0
2025-01-12 04:00:00,0.0,9.3,33.0,0.0,6.1,0.0
2025-01-12 05:00:00,0.0,8.9,27.0,0.0,6.2,0.0
2025-01-12 06:00:00,0.0,7.6,33.0,0.0,5.8,0.0
2025-01-12 07:00:00,0.0,7.8,29.0,0.0,6.1,0.0
2025-01-12 08:00:00,0.0,6.9,31.0,0.0,5.2,0.0
2025-01-12 09:00:00,0.0,9.2,26.0,0.0,5.9,80.0
2025-01-12 10:00:00,0.0,12.5,21.0,0.0,5.3,262.0
2025-01-12 11:00:00,0.0,15.8,18.0,0.0,2.7,431.0
2025-01-12 12:00:00,0.0,17.3,20.0,0.0,5.9,555.0
2025-01-12 13:00:00,0.0,17.8,25.0,0.0,8.5,618.0
2025-01-12 14:00:00,0.0,17.7,30.0,0.0,11.7,613.0
2025-01-12 15:00:00,0.0,17.6,28.0,0.0,11.4,542.0
2025-01-12 16:00:00,0.0,17.1,27.0,0.0,9.9,415.0
2025-01-12 17:00:00,0.0,16.3,29.0,0.0,7.4,244.0
2025-01-12 18:00:00,0.0,14.6,36.0,0.0,5.3,65.0
2025-01-12 19:00:00,0.0,13.3,48.0,0.0,2.3,0.0
2025-01-12 20:00:00,0.0,12.6,49.0,0.0,2.8,0.0
2025-01-12 21:00:00,0.0,11.9,42.0,0.0,4.8,0.0
2025-01-12 22:00:00,0.0,11.5,40.0,0.0,1.6,0.0
2025-01-12 23:00:00,0.0,11.0,38.0,0.0,1.2,0.0
2025-01-13 00:00:00,0.0,10.1,31.0,0.0,4.3,0.0
2025-01-13 01:00:00,0.0,9.3,27.0,0.0,6.1,0.0
2025-01-13 02:00:00,0.0,8.6,25.0,0.0,7.4,0.0
2025-01-13 03:00:00,0.0,8.0,25.0,0.0,6.3,0.0
2025-01-13 04:00:00,0.0,7.7,25.0,0.0,6.8,0.0
2025-01-13 05:00:00,0.0,7.3,26.0,0.0,6.8,0.0
2025-01-13 06:00:00,0.0,7.0,26.0,0.0,6.4,0.0
2025-01-13 07:00:00,0.0,7.0,26.0,0.0,5.9,0.0
2025-01-13 08:00:00,0.0,7.0,26.0,0.0,5.9,0.0
2025-01-13 09:00:00,0.0,8.5,24.0,0.0,7.2,80.0
2025-01-13 10:00:00,0.0,11.5,21.0,0.0,6.4,261.0
2025-01-13 11:00:00,0.0,15.4,16.0,0.0,2.9,429.0
2025-01-13 12:00:00,0.0,17.9,14.0,0.0,4.8,551.0
2025-01-13 13:00:00,0.0,18.7,14.0,0.0,8.7,614.0
2025-01-13 14:00:00,0.0,18.5,19.0,0.0,10.8,611.0
2025-01-13 15:00:00,0.0,18.3,23.0,0.0,10.2,543.0
2025-01-13 16:00:00,0.0,17.9,28.0,0.0,10.8,416.0
2025-01-13 17:00:00,0.0,17.5,28.0,0.0,6.8,244.0
2025-01-13 18:00:00,0.0,14.7,48.0,0.0,1.6,66.0
2025-01-13 19:00:00,0.0,13.4,51.0,0.0,3.3,0.0
2025-01-13 20:00:00,0.0,12.5,56.0,0.0,2.4,0.0
2025-01-13 21:00:00,0.0,11.8,49.0,0.0,2.1,0.0
2025-01-13 22:00:00,0.0,11.3,29.0,0.0,5.5,0.0
2025-01-13 23:00:00,0.0,10.6,21.0,0.0,5.3,0.0
2025-01-14 00:00:00,0.0,10.0,23.0,0.0,3.4,0.0
2025-01-14 01:00:00,0.0,8.5,25.0,0.0,4.7,0.0
2025-01-14 02:00:00,0.0,7.6,27.0,0.0,4.2,0.0
2025-01-14 03:00:00,0.0,7.2,28.0,0.0,2.3,0.0
2025-01-14 04:00:00,0.0,6.4,30.0,0.0,2.3,0.0
2025-01-14 05:00:00,0.0,5.9,28.0,0.0,4.1,0.0
2025-01-14 06:00:00,0.0,5.7,23.0,0.0,5.9,0.0
2025-01-14 07:00:00,0.0,5.1,27.0,0.0,4.7,0.0
2025-01-14 08:00:00,0.0,4.6,30.0,0.0,4.1,0.0
2025-01-14 09:00:00,0.0,7.9,23.0,0.0,3.1,81.0
2025-01-14 10:00:00,0.0,11.5,19.0,0.0,3.6,264.0
2025-01-14 11:00:00,0.0,15.6,15.0,0.0,2.2,433.0
2025-01-14 12:00:00,0.0,18.8,10.0,0.0,8.6,557.0
2025-01-14 13:00:00,0.0,19.9,9.0,0.0,14.2,619.0
2025-01-14 14:00:00,0.0,20.3,9.0,0.0,13.0,616.0
2025-01-14 15:00:00,0.0,19.9,10.0,0.0,13.0,549.0
2025-01-14 16:00:00,0.0,19.0,13.0,0.0,11.9,423.0
2025-01-14 17:00:00,0.0,17.9,16.0,0.0,10.7,251.0
2025-01-14 18:00:00,0.0,17.4,11.0,0.0,11.4,70.0
2025-01-14 19:00:00,0.0,16.9,11.0,0.0,13.7,0.0
2025-01-14 20:00:00,0.0,16.0,12.0,0.0,8.1,0.0
2025-01-14 21:00:00,0.0,13.3,19.0,0.0,2.4,0.0
2025-01-14 22:00:00,0.0,11.6,24.0,0.0,2.4,0.0
2025-01-14 23:00:00,0.0,11.0,26.0,0.0,2.1,0.0
2025-01-15 00:00:00,0.0,10.4,23.0,0.0,4.9,0.0
2025-01-15 01:00:00,0.0,9.7,25.0,0.0,4.8,0.0
2025-01-15 02:00:00,0.0,9.1,25.0,0.0,5.4,0.0
2025-01-15 03:00:00,0.0,9.4,22.0,0.0,7.2,0.0
2025-01-15 04:00:00,0.0,9.1,23.0,0.0,6.6,0.0
2025-01-15 05:00:00,0.0,8.0,26.0,0.0,5.2,0.0
2025-01-15 06:00:00,0.0,7.3,30.0,0.0,3.2,0.0
2025-01-15 07:00:00,0.0,7.0,31.0,0.0,2.5,0.0
2025-01-15 08:00:00,0.0,6.3,32.0,0.0,3.2,0.0
2025-01-15 09:00:00,0.0,8.5,26.0,0.0,3.8,82.0
2025-01-15 10:00:00,0.0,11.9,23.0,0.0,2.1,265.0
2025-01-15 11:00:00,0.0,15.7,16.0,0.0,2.0,434.0
2025-01-15 12:00:00,0.0,17.8,13.0,0.0,1.8,558.0
2025-01-15 13:00:00,0.0,19.0,12.0,0.0,2.8,623.0
2025-01-15 14:00:00,0.0,19.9,12.0,0.0,5.5,621.0
2025-01-15 15:00:00,0.0,19.5,16.0,0.0,9.5,553.0
2025-01-15 16:00:00,0.0,18.7,21.0,0.0,10.4,426.0
2025-01-15 17:00:00,0.0,18.1,23.0,0.0,9.9,254.0
2025-01-15 18:00:00,0.0,15.6,39.0,0.0,8.3,72.0
2025-01-15 19:00:00,0.0,13.1,63.0,0.0,5.2,0.0
2025-01-15 20:00:00,0.0,11.8,72.0,0.0,1.6,0.0
2025-01-15 21:00:00,0.0,11.6,72.0,0.0,0.9,0.0
2025-01-15 22:00:00,0.0,11.3,76.0,0.0,1.2,0.0
2025-01-15 23:00:00,0.0,10.8,78.0,0.0,0.8,0.0
2025-01-16 00:00:00,0.0,10.1,79.0,0.0,0.4,0.0
2025-01-16 01:00:00,0.0,9.6,79.0,0.0,1.1,0.0
2025-01-16 02:00:00,0.0,8.8,75.0,0.0,3.2,0.0
2025-01-16 03:00:00,0.0,8.6,58.0,0.0,5.2,0.0
2025-01-16 04:00:00,0.0,8.0,40.0,0.0,7.1,0.0
2025-01-16 05:00:00,0.0,7.0,34.0,0.0,6.7,0.0
2025-01-16 06:00:00,0.0,6.2,32.0,0.0,5.5,0.0
2025-01-16 07:00:00,0.0,5.5,33.0,0.0,5.0,0.0
2025-01-16 08:00:00,0.0,5.4,33.0,0.0,5.6,0.0
2025-01-16 09:00:00,0.0,7.2,30.0,0.0,5.8,81.0
2025-01-16 10:00:00,0.0,11.1,24.0,4.0,3.0,263.0
2025-01-16 11:00:00,0.0,14.9,19.0,84.0,1.6,430.0
2025-01-16 12:00:00,0.0,15.8,20.0,93.0,9.1,516.0
2025-01-16 13:00:00,0.0,15.0,53.0,98.0,9.5,460.0
2025-01-16 14:00:00,0.0,15.0,66.0,98.0,8.7,336.0
2025-01-16 15:00:00,0.0,15.7,58.0,100.0,8.6,455.0
2025-01-16 16:00:00,0.0,15.0,57.0,100.0,7.5,276.0
2025-01-16 17:00:00,0.0,14.4,61.0,95.0,6.2,152.0
2025-01-16 18:00:00,0.0,13.6,67.0,1.0,7.3,61.0
2025-01-16 19:00:00,0.0,12.5,78.0,0.0,6.7,0.0
2025-01-16 20:00:00,0.0,12.0,80.0,0.0,5.9,0.0
2025-01-16 21:00:00,0.0,11.2,81.0,17.0,4.3,0.0
2025-01-16 22:00:00,0.0,11.0,78.0,50.0,5.8,0.0
2025-01-16 23:00:00,0.0,10.6,78.0,34.0,4.9,0.0
2025-01-17 00:00:00,0.0,10.3,78.0,36.0,6.1,0.0
2025-01-17 01:00:00,0.0,9.8,81.0,22.0,6.6,0.0
2025-01-17 02:00:00,0.0,9.3,85.0,13.0,6.2,0.0
2025-01-17 03:00:00,0.0,9.0,87.0,7.0,5.0,0.0
2025-01-17 04:00:00,0.0,8.7,87.0,15.0,4.8,0.0
2025-01-17 05:00:00,0.0,8.4,86.0,24.0,6.3,0.0
2025-01-17 06:00:00,0.0,8.7,71.0,95.0,6.5,0.0
2025-01-17 07:00:00,0.0,8.9,71.0,100.0,6.7,0.0
2025-01-17 08:00:00,0.0,9.0,69.0,97.0,5.4,0.0
2025-01-17 09:00:00,0.0,9.9,63.0,40.0,5.9,44.0
2025-01-17 10:00:00,0.0,11.7,57.0,54.0,5.9,169.0
2025-01-17 11:00:00,0.0,13.5,65.0,25.0,3.5,373.0
2025-01-17 12:00:00,0.0,14.7,58.0,20.0,3.0,511.0
2025-01-17 13:00:00,0.0,15.2,54.0,2.0,6.2,586.0
2025-01-17 14:00:00,0.0,15.3,54.0,1.0,8.9,598.0
2025-01-17 15:00:00,0.0,15.0,57.0,0.0,9.2,538.0
2025-01-17 16:00:00,0.0,14.6,60.0,0.0,8.5,416.0
2025-01-17 17:00:00,0.0,13.8,64.0,0.0,7.4,249.0
2025-01-17 18:00:00,0.0,12.9,75.0,2.0,7.3,73.0
2025-01-17 19:00:00,0.0,12.2,80.0,2.0,3.7,0.0
2025-01-17 20:00:00,0.0,11.4,84.0,1.0,2.7,0.0
2025-01-17 21:00:00,0.0,10.9,86.0,2.0,3.1,0.0
2025-01-17 22:00:00,0.0,10.8,84.0,7.0,6.5,0.0
2025-01-17 23:00:00,0.0,10.3,83.0,2.0,8.0,0.0
2025-01-18 00:00:00,0.0,9.8,83.0,7.0,7.1,0.0
2025-01-18 01:00:00,0.0,9.5,84.0,16.0,6.2,0.0
2025-01-18 02:00:00,0.0,9.1,84.0,20.0,5.8,0.0
2025-01-18 03:00:00,0.0,8.6,84.0,9.0,5.7,0.0
2025-01-18 04:00:00,0.0,8.2,83.0,3.0,5.7,0.0
2025-01-18 05:00:00,0.0,7.9,82.0,6.0,5.7,0.0
2025-01-18 06:00:00,0.0,9.2,70.0,1.0,4.7,0.0
2025-01-18 07:00:00,0.0,7.6,76.0,2.0,3.6,0.0
2025-01-18 08:00:00,0.0,7.2,74.0,1.0,4.5,0.0
2025-01-18 09:00:00,0.0,8.6,66.0,1.0,6.7,79.0
2025-01-18 10:00:00,0.0,11.5,58.0,2.0,4.5,254.0
2025-01-18 11:00:00,0.0,13.7,61.0,3.0,2.1,419.0
2025-01-18 12:00:00,0.0,14.8,60.0,0.0,4.4,540.0
2025-01-18 13:00:00,0.0,15.4,59.0,4.0,5.9,606.0
2025-01-18 14:00:00,0.0,15.7,59.0,2.0,7.1,605.0
2025-01-18 15:00:00,0.0,15.5,61.0,0.0,7.6,541.0
2025-01-18 16:00:00,0.0,15.1,64.0,0.0,8.3,418.0
2025-01-18 17:00:00,0.0,14.2,69.0,0.0,7.7,251.0
2025-01-18 18:00:00,0.0,13.1,77.0,0.0,5.8,75.0
2025-01-18 19:00:00,0.0,12.2,85.0,0.0,1.5,0.0
2025-01-18 20:00:00,0.0,11.8,86.0,0.0,1.8,0.0
2025-01-18 21:00:00,0.0,11.4,85.0,0.0,0.6,0.0
2025-01-18 22:00:00,0.0,10.7,87.0,0.0,0.8,0.0
2025-01-18 23:00:00,0.0,9.8,89.0,0.0,3.1,0.0
2025-01-19 00:00:00,0.0,9.0,91.0,0.0,3.0,0.0
2025-01-19 01:00:00,0.0,8.5,92.0,0.0,2.7,0.0
2025-01-19 02:00:00,0.0,8.1,92.0,0.0,2.9,0.0
2025-01-19 03:00:00,0.0,7.9,90.0,0.0,3.3,0.0
2025-01-19 04:00:00,0.0,7.4,88.0,0.0,3.8,0.0
2025-01-19 05:00:00,0.0,6.8,86.0,0.0,4.0,0.0
2025-01-19 06:00:00,0.0,6.2,89.0,3.0,3.1,0.0
2025-01-19 07:00:00,0.0,5.9,89.0,3.0,3.5,0.0
2025-01-19 08:00:00,0.0,5.8,89.0,4.0,3.0,0.0
2025-01-19 09:00:00,0.0,7.7,82.0,13.0,5.0,78.0
2025-01-19 10:00:00,0.0,10.7,73.0,30.0,2.6,239.0
2025-01-19 11:00:00,0.0,12.8,72.0,35.0,1.1,386.0
2025-01-19 12:00:00,0.0,13.9,67.0,100.0,4.5,473.0
2025-01-19 13:00:00,0.0,14.1,67.0,50.0,7.0,438.0
2025-01-19 14:00:00,0.0,14.5,65.0,32.0,8.7,543.0
2025-01-19 15:00:00,0.0,14.1,65.0,3.0,10.4,514.0
2025-01-19 16:00:00,0.0,13.6,64.0,1.0,10.0,424.0
2025-01-19 17:00:00,0.0,12.8,67.0,0.0,8.9,258.0
2025-01-19 18:00:00,0.0,12.3,76.0,1.0,8.5,79.0
2025-01-19 19:00:00,0.0,11.7,81.0,3.0,5.3,0.0
2025-01-19 20:00:00,0.0,11.2,85.0,6.0,3.3,0.0
2025-01-19 21:00:00,0.0,10.6,89.0,9.0,3.1,0.0
2025-01-19 22:00:00,0.0,10.3,89.0,12.0,2.1,0.0
2025-01-19 23:00:00,0.0,10.3,87.0,25.0,0.4,0.0
2025-01-20 00:00:00,0.0,9.8,90.0,100.0,1.1,0.0
2025-01-20 01:00:00,0.0,10.5,88.0,95.0,4.4,0.0
2025-01-20 02:00:00,0.0,10.4,89.0,96.0,3.9,0.0
2025-01-20 03:00:00,0.0,10.4,88.0,97.0,4.4,0.0
2025-01-20 04:00:00,0.0,9.9,89.0,4.0,1.8,0.0
2025-01-20 05:00:00,0.0,9.2,89.0,55.0,0.9,0.0
2025-01-20 06:00:00,0.0,10.7,78.0,100.0,4.3,0.0
2025-01-20 07:00:00,0.0,9.9,81.0,94.0,3.0,0.0
2025-01-20 08:00:00,0.0,9.0,85.0,58.0,3.4,0.0
2025-01-20 09:00:00,0.0,9.7,82.0,15.0,2.8,81.0
2025-01-20 10:00:00,0.0,11.9,70.0,71.0,1.5,256.0
2025-01-20 11:00:00,0.0,14.2,60.0,92.0,5.2,427.0
2025-01-20 12:00:00,0.0,16.0,52.0,99.0,6.5,552.0
2025-01-20 13:00:00,0.0,17.0,49.0,82.0,8.7,624.0
2025-01-20 14:00:00,0.0,18.2,45.0,71.0,9.1,626.0
2025-01-20 15:00:00,0.0,18.8,43.0,67.0,9.4,564.0
2025-01-20 16:00:00,0.0,19.7,27.0,8.0,7.5,442.0
2025-01-20 17:00:00,0.0,19.5,12.0,1.0,6.8,274.0
2025-01-20 18:00:00,0.0,17.6,27.0,89.0,7.2,87.0
2025-01-20 19:00:00,0.0,17.5,9.0,91.0,15.7,0.0
2025-01-20 20:00:00,0.0,16.2,10.0,40.0,13.1,0.0
2025-01-20 21:00:00,0.0,13.6,16.0,3.0,5.6,0.0
2025-01-20 22:00:00,0.0,12.8,15.0,1.0,6.1,0.0
2025-01-20 23:00:00,0.0,14.0,9.0,0.0,10.3,0.0
2025-01-21 00:00:00,0.0,13.5,8.0,0.0,11.4,0.0
2025-01-21 01:00:00,0.0,13.3,7.0,0.0,15.9,0.0
2025-01-21 02:00:00,0.0,12.7,8.0,0.0,11.6,0.0
2025-01-21 03:00:00,0.0,11.3,9.0,0.0,8.6,0.0
2025-01-21 04:00:00,0.0,11.3,9.0,0.0,9.9,0.0
2025-01-21 05:00:00,0.0,11.9,8.0,0.0,13.7,0.0
2025-01-21 06:00:00,0.0,10.8,8.0,0.0,9.8,0.0
2025-01-21 07:00:00,0.0,10.0,8.0,0.0,10.5,0.0
2025-01-21 08:00:00,0.0,10.0,7.0,0.0,8.2,1.0
2025-01-21 09:00:00,0.0,12.5,6.0,0.0,11.5,94.0
2025-01-21 10:00:00,0.0,15.5,5.0,0.0,9.7,289.0
2025-01-21 11:00:00,0.0,17.9,4.0,0.0,10.0,469.0
2025-01-21 12:00:00,0.0,20.2,3.0,0.0,10.4,599.0
2025-01-21 13:00:00,0.0,21.5,3.0,0.0,10.3,665.0
2025-01-21 14:00:00,0.0,21.7,3.0,36.0,9.9,666.0
2025-01-21 15:00:00,0.0,21.5,7.0,100.0,8.8,594.0
2025-01-21 16:00:00,0.0,20.9,13.0,100.0,7.4,448.0
2025-01-21 17:00:00,0.0,20.3,12.0,100.0,4.9,259.0
2025-01-21 18:00:00,0.0,18.9,6.0,99.0,6.5,79.0
2025-01-21 19:00:00,0.0,16.2,12.0,100.0,3.1,1.0
2025-01-21 20:00:00,0.0,15.1,16.0,100.0,1.9,0.0
2025-01-21 21:00:00,0.0,14.2,24.0,100.0,3.1,0.0
2025-01-21 22:00:00,0.0,13.5,25.0,100.0,2.5,0.0
2025-01-21 23:00:00,0.0,13.3,15.0,100.0,4.3,0.0
2025-01-22 00:00:00,0.0,12.9,12.0,100.0,4.8,0.0
2025-01-22 01:00:00,0.0,11.5,13.0,99.0,7.3,0.0
2025-01-22 02:00:00,0.0,10.6,14.0,100.0,6.8,0.0
2025-01-22 03:00:00,0.0,9.9,14.0,100.0,4.8,0.0
2025-01-22 04:00:00,0.0,9.4,13.0,100.0,4.8,0.0
2025-01-22 05:00:00,0.0,8.6,14.0,100.0,6.2,0.0
2025-01-22 06:00:00,0.0,8.4,18.0,100.0,6.0,0.0
2025-01-22 07:00:00,0.0,8.3,19.0,100.0,5.8,0.0
2025-01-22 08:00:00,0.0,8.4,18.0,100.0,5.2,1.0
2025-01-22 09:00:00,0.0,9.8,15.0,100.0,6.1,74.0
2025-01-22 10:00:00,0.0,12.5,13.0,100.0,3.8,229.0
2025-01-22 11:00:00,0.0,16.4,13.0,98.0,1.8,408.0
2025-01-22 12:00:00,0.0,19.3,12.0,96.0,6.2,580.0
2025-01-22 13:00:00,0.0,19.9,16.0,96.0,7.6,643.0
2025-01-22 14:00:00,0.0,19.7,20.0,100.0,8.5,608.0
2025-01-22 15:00:00,0.0,19.7,26.0,99.0,8.5,537.0
2025-01-22 16:00:00,0.0,19.3,31.0,100.0,8.8,410.0
2025-01-22 17:00:00,0.0,18.1,40.0,100.0,7.7,236.0
2025-01-22 18:00:00,0.0,16.7,51.0,100.0,4.6,82.0
2025-01-22 19:00:00,0.0,14.9,59.0,76.0,4.5,1.0
2025-01-22 20:00:00,0.0,13.3,71.0,99.0,1.3,0.0
2025-01-22 21:00:00,0.0,13.0,69.0,100.0,1.5,0.0
2025-01-22 22:00:00,0.0,12.9,64.0,100.0,0.9,0.0
2025-01-22 23:00:00,0.0,12.8,56.0,100.0,1.5,0.0
2025-01-23 00:00:00,0.0,12.9,45.0,86.0,1.9,0.0
2025-01-23 01:00:00,0.0,12.5,26.0,43.0,4.8,0.0
2025-01-23 02:00:00,0.0,12.4,12.0,41.0,7.2,0.0
2025-01-23 03:00:00,0.0,14.1,7.0,35.0,9.0,0.0
2025-01-23 04:00:00,0.0,14.9,7.0,81.0,10.4,0.0
2025-01-23 05:00:00,0.0,14.8,7.0,0.0,10.6,0.0
2025-01-23 06:00:00,0.0,11.9,12.0,0.0,6.8,0.0
2025-01-23 07:00:00,0.0,12.1,11.0,0.0,5.1,0.0
2025-01-23 08:00:00,0.0,11.7,13.0,0.0,2.8,1.0
2025-01-23 09:00:00,0.0,14.0,14.0,0.0,5.9,95.0
2025-01-23 10:00:00,0.0,18.8,6.0,0.0,9.8,287.0
2025-01-23 11:00:00,0.0,21.8,5.0,0.0,9.4,463.0
2025-01-23 12:00:00,0.0,23.1,5.0,0.0,14.0,592.0
2025-01-23 13:00:00,0.0,23.7,4.0,0.0,19.1,659.0
2025-01-23 14:00:00,0.0,23.8,4.0,0.0,19.9,659.0
2025-01-23 15:00:00,0.0,23.6,4.0,0.0,19.1,592.0
2025-01-23 16:00:00,0.0,23.0,4.0,0.0,15.0,464.0
2025-01-23 17:00:00,0.0,21.9,4.0,0.0,10.7,289.0
2025-01-23 18:00:00,0.0,19.9,11.0,0.0,1.7,96.0
2025-01-23 19:00:00,0.0,18.6,6.0,0.0,8.0,1.0
2025-01-23 20:00:00,0.0,16.8,9.0,0.0,5.4,0.0
2025-01-23 21:00:00,0.0,15.8,10.0,0.0,0.9,0.0
2025-01-23 22:00:00,0.0,14.1,15.0,0.0,2.2,0.0
2025-01-23 23:00:00,0.0,13.5,16.0,0.0,1.7,0.0
2025-01-24 00:00:00,0.0,12.4,15.0,0.0,3.1,0.0
2025-01-24 01:00:00,0.0,11.5,14.0,0.0,3.2,0.0
2025-01-24 02:00:00,0.0,10.5,12.0,0.0,4.5,0.0
2025-01-24 03:00:00,0.0,10.8,10.0,0.0,7.5,0.0
2025-01-24 04:00:00,0.0,10.2,10.0,0.0,7.0,0.0
2025-01-24 05:00:00,0.0,9.6,10.0,0.0,6.9,0.0
2025-01-24 06:00:00,0.0,8.8,11.0,0.0,8.9,0.0
2025-01-24 07:00:00,0.0,8.4,11.0,38.0,9.6,0.0
2025-01-24 08:00:00,0.0,8.3,12.0,97.0,8.1,1.0
2025-01-24 09:00:00,0.0,9.7,11.0,100.0,8.6,90.0
2025-01-24 10:00:00,0.0,12.9,11.0,99.0,5.5,275.0
2025-01-24 11:00:00,0.0,16.5,9.0,100.0,2.3,442.0
2025-01-24 12:00:00,0.0,18.6,6.0,84.0,5.4,590.0
2025-01-24 13:00:00,0.0,20.3,5.0,39.0,5.7,659.0
2025-01-24 14:00:00,0.0,20.6,6.0,52.0,8.3,667.0
2025-01-24 15:00:00,0.0,19.9,7.0,33.0,8.8,592.0
2025-01-24 16:00:00,0.0,19.1,8.0,92.0,6.6,471.0
2025-01-24 17:00:00,0.0,17.7,16.0,97.0,6.1,290.0
2025-01-24 18:00:00,0.0,15.9,31.0,61.0,2.4,92.0
2025-01-24 19:00:00,0.0,14.1,42.0,34.0,1.0,1.0
2025-01-24 20:00:00,0.0,12.7,48.0,1.0,3.8,0.0
2025-01-24 21:00:00,0.0,11.9,53.0,9.0,3.7,0.0
2025-01-24 22:00:00,0.0,12.1,47.0,2.0,5.9,0.0
2025-01-24 23:00:00,0.0,13.0,31.0,13.0,9.7,0.0
2025-01-25 00:00:00,0.0,13.2,37.0,9.0,13.8,0.0
2025-01-25 01:00:00,0.0,12.5,49.0,58.0,11.3,0.0
2025-01-25 02:00:00,0.0,12.0,49.0,96.0,9.5,0.0
2025-01-25 03:00:00,0.0,11.6,52.0,98.0,9.8,0.0
2025-01-25 04:00:00,0.0,11.3,49.0,97.0,9.2,0.0
2025-01-25 05:00:00,0.0,10.9,39.0,1.0,8.7,0.0
2025-01-25 06:00:00,0.0,7.6,17.0,99.0,6.0,0.0
2025-01-25 07:00:00,0.0,7.7,17.0,100.0,5.4,0.0
2025-01-25 08:00:00,0.0,7.3,21.0,100.0,4.0,1.0
2025-01-25 09:00:00,0.0,9.6,17.0,100.0,6.1,67.0
2025-01-25 10:00:00,0.0,12.9,19.0,99.0,10.0,224.0
2025-01-25 11:00:00,0.0,14.8,44.0,46.0,14.5,363.0
2025-01-25 12:00:00,0.0,15.5,61.0,5.0,19.6,549.0
2025-01-25 13:00:00,0.0,15.6,65.0,8.0,21.5,621.0
2025-01-25 14:00:00,0.1,15.5,63.0,73.0,21.7,609.0
2025-01-25 15:00:00,0.2,15.1,65.0,86.0,19.3,385.0
2025-01-25 16:00:00,0.3,14.7,71.0,62.0,15.1,289.0
2025-01-25 17:00:00,0.2,14.4,73.0,60.0,14.1,187.0
2025-01-25 18:00:00,0.3,13.4,79.0,89.0,13.1,66.0
2025-01-25 19:00:00,0.3,12.9,83.0,59.0,11.3,1.0
2025-01-25 20:00:00,0.5,12.5,81.0,54.0,10.7,0.0
2025-01-25 21:00:00,0.4,12.0,88.0,59.0,10.0,0.0
2025-01-25 22:00:00,0.3,11.9,90.0,56.0,12.3,0.0
2025-01-25 23:00:00,0.2,12.3,88.0,43.0,15.0,0.0
2025-01-26 00:00:00,0.6,11.9,91.0,85.0,15.5,0.0
2025-01-26 01:00:00,0.3,12.2,90.0,32.0,14.1,0.0
2025-01-26 02:00:00,0.2,11.9,91.0,68.0,13.2,0.0
2025-01-26 03:00:00,0.7,11.5,88.0,100.0,13.8,0.0
2025-01-26 04:00:00,0.4,11.6,92.0,99.0,12.1,0.0
2025-01-26 05:00:00,0.1,11.3,92.0,89.0,9.1,0.0
2025-01-26 06:00:00,0.1,11.6,89.0,48.0,4.6,0.0
2025-01-26 07:00:00,0.4,11.2,84.0,42.0,7.5,0.0
2025-01-26 08:00:00,0.0,10.7,93.0,25.0,10.3,1.0
2025-01-26 09:00:00,0.0,11.5,92.0,60.0,8.3,78.0
2025-01-26 10:00:00,0.3,12.2,86.0,82.0,10.1,176.0
2025-01-26 11:00:00,0.2,13.0,79.0,100.0,11.2,254.0
2025-01-26 12:00:00,0.4,12.7,77.0,75.0,10.0,238.0
2025-01-26 13:00:00,0.1,13.5,76.0,83.0,8.9,344.0
2025-01-26 14:00:00,0.1,13.6,75.0,94.0,7.0,395.0
2025-01-26 15:00:00,0.1,13.7,66.0,100.0,7.6,326.0
2025-01-26 16:00:00,0.0,12.7,75.0,79.0,8.9,144.0
2025-01-26 17:00:00,0.1,12.0,78.0,77.0,9.1,146.0
2025-01-26 18:00:00,0.0,13.3,63.0,64.0,3.6,81.0
2025-01-26 19:00:00,0.1,11.9,72.0,91.0,10.0,1.0
2025-01-26 20:00:00,2.9,10.8,87.0,66.0,6.9,0.0
2025-01-26 21:00:00,2.0,10.2,90.0,58.0,8.4,0.0
2025-01-26 22:00:00,2.6,10.0,88.0,99.0,8.6,0.0
2025-01-26 23:00:00,0.6,10.1,91.0,96.0,11.6,0.0
2025-01-27 00:00:00,0.2,10.2,93.0,96.0,6.7,0.0
2025-01-27 01:00:00,0.4,9.9,93.0,70.0,4.3,0.0
2025-01-27 02:00:00,1.2,9.3,94.0,88.0,8.5,0.0
2025-01-27 03:00:00,0.0,9.6,93.0,17.0,6.7,0.0
2025-01-27 04:00:00,0.9,7.6,92.0,71.0,3.3,0.0
2025-01-27 05:00:00,0.1,8.4,95.0,77.0,9.9,0.0
2025-01-27 06:00:00,1.2,8.6,89.0,98.0,5.4,0.0
2025-01-27 07:00:00,0.4,8.4,93.0,35.0,6.3,0.0
2025-01-27 08:00:00,0.0,8.3,92.0,27.0,9.1,1.0
2025-01-27 09:00:00,0.0,9.4,89.0,9.0,11.4,77.0
2025-01-27 10:00:00,0.0,10.9,85.0,18.0,8.6,258.0
2025-01-27 11:00:00,0.0,12.4,74.0,7.0,9.4,422.0
2025-01-27 12:00:00,0.0,13.0,68.0,14.0,8.7,546.0
2025-01-27 13:00:00,0.1,13.3,65.0,30.0,7.3,606.0
2025-01-27 14:00:00,0.1,13.2,63.0,16.0,7.6,578.0
2025-01-27 15:00:00,0.1,13.3,61.0,20.0,7.2,528.0
2025-01-27 16:00:00,0.0,13.2,62.0,14.0,6.6,421.0
2025-01-27 17:00:00,0.0,12.8,62.0,44.0,5.5,269.0
2025-01-27 18:00:00,0.0,12.3,72.0,1.0,1.8,82.0
2025-01-27 19:00:00,0.0,11.0,74.0,0.0,3.3,2.0
2025-01-27 20:00:00,0.0,10.7,76.0,0.0,6.6,0.0
2025-01-27 21:00:00,0.0,9.9,80.0,1.0,4.9,0.0
2025-01-27 22:00:00,0.0,9.0,84.0,0.0,4.0,0.0
2025-01-27 23:00:00,0.0,8.3,86.0,2.0,2.5,0.0
2025-01-28 00:00:00,0.0,7.8,87.0,0.0,3.2,0.0
2025-01-28 01:00:00,0.0,7.7,85.0,1.0,4.9,0.0
2025-01-28 02:00:00,0.0,7.1,85.0,0.0,5.8,0.0
2025-01-28 03:00:00,0.0,6.5,86.0,0.0,6.3,0.0
2025-01-28 04:00:00,0.0,6.1,85.0,0.0,6.5,0.0
2025-01-28 05:00:00,0.0,5.9,85.0,0.0,6.0,0.0
2025-01-28 06:00:00,0.0,5.8,84.0,0.0,4.4,0.0
2025-01-28 07:00:00,0.0,5.3,86.0,1.0,5.4,0.0
2025-01-28 08:00:00,0.0,5.1,86.0,0.0,5.5,1.0
2025-01-28 09:00:00,0.0,6.9,80.0,0.0,5.3,91.0
2025-01-28 10:00:00,0.0,9.9,72.0,0.0,3.9,273.0
2025-01-28 11:00:00,0.0,12.3,62.0,0.0,3.4,442.0
2025-01-28 12:00:00,0.0,13.6,59.0,3.0,4.5,568.0
2025-01-28 13:00:00,0.0,14.0,60.0,0.0,6.9,636.0
2025-01-28 14:00:00,0.0,14.1,61.0,11.0,5.9,640.0
2025-01-28 15:00:00,0.0,14.4,61.0,19.0,5.9,538.0
2025-01-28 16:00:00,0.0,14.2,63.0,14.0,7.1,441.0
2025-01-28 17:00:00,0.0,13.7,70.0,9.0,7.7,269.0
2025-01-28 18:00:00,0.0,12.9,79.0,51.0,7.6,82.0
2025-01-28 19:00:00,0.0,12.2,85.0,28.0,7.4,2.0
2025-01-28 20:00:00,0.0,11.8,87.0,100.0,6.1,0.0
2025-01-28 21:00:00,0.0,11.7,88.0,97.0,7.5,0.0
2025-01-28 22:00:00,0.0,11.5,89.0,73.0,6.9,0.0
2025-01-28 23:00:00,0.1,10.8,90.0,55.0,5.7,0.0
2025-01-29 00:00:00,0.1,10.6,90.0,97.0,5.3,0.0
2025-01-29 01:00:00,0.1,10.4,90.0,95.0,5.9,0.0
2025-01-29 02:00:00,0.1,10.2,90.0,99.0,6.0,0.0
2025-01-29 03:00:00,0.1,10.2,90.0,85.0,5.1,0.0
2025-01-29 04:00:00,0.2,9.7,92.0,52.0,4.2,0.0
2025-01-29 05:00:00,0.1,9.3,92.0,52.0,6.9,0.0
2025-01-29 06:00:00,0.0,9.8,85.0,79.0,9.4,0.0
2025-01-29 07:00:00,0.0,9.7,85.0,44.0,8.4,0.0
2025-01-29 08:00:00,0.0,9.4,86.0,10.0,7.3,1.0
2025-01-29 09:00:00,0.0,10.4,84.0,9.0,8.3,86.0
2025-01-29 10:00:00,0.0,12.2,76.0,17.0,6.5,267.0
2025-01-29 11:00:00,0.0,13.7,68.0,37.0,4.7,430.0
2025-01-29 12:00:00,0.0,14.5,61.0,51.0,3.9,487.0
2025-01-29 13:00:00,0.0,14.9,61.0,57.0,6.0,511.0
2025-01-29 14:00:00,0.0,14.7,64.0,98.0,7.6,487.0
2025-01-29 15:00:00,0.0,14.4,69.0,7.0,7.9,377.0
2025-01-29 16:00:00,0.0,14.4,68.0,5.0,7.7,447.0
2025-01-29 17:00:00,0.0,13.6,71.0,1.0,7.9,288.0
2025-01-29 18:00:00,0.0,13.1,74.0,1.0,6.8,105.0
2025-01-29 19:00:00,0.0,12.0,83.0,2.0,2.2,3.0
2025-01-29 20:00:00,0.0,11.5,83.0,8.0,0.7,0.0
2025-01-29 21:00:00,0.0,10.5,88.0,16.0,2.9,0.0
2025-01-29 22:00:00,0.0,9.9,90.0,15.0,3.4,0.0
2025-01-29 23:00:00,0.0,9.3,91.0,30.0,2.8,0.0
2025-01-30 00:00:00,0.0,8.9,91.0,39.0,2.0,0.0
2025-01-30 01:00:00,0.0,8.5,91.0,100.0,1.8,0.0
2025-01-30 02:00:00,0.0,9.1,89.0,97.0,3.1,0.0
2025-01-30 03:00:00,0.0,9.3,89.0,100.0,5.6,0.0
2025-01-30 04:00:00,0.0,9.2,89.0,100.0,6.2,0.0
2025-01-30 05:00:00,0.0,9.2,89.0,100.0,5.8,0.0
2025-01-30 06:00:00,0.1,10.0,90.0,100.0,6.5,0.0
2025-01-30 07:00:00,0.1,10.2,88.0,100.0,5.6,0.0
2025-01-30 08:00:00,0.1,10.3,88.0,100.0,3.8,1.0
2025-01-30 09:00:00,0.1,10.8,86.0,49.0,3.2,49.0
2025-01-30 10:00:00,0.0,12.2,80.0,58.0,2.0,221.0
2025-01-30 11:00:00,0.0,13.7,70.0,56.0,0.9,372.0
2025-01-30 12:00:00,0.1,14.4,65.0,100.0,5.2,423.0
2025-01-30 13:00:00,0.0,14.2,66.0,100.0,8.9,382.0
2025-01-30 14:00:00,0.0,14.1,68.0,82.0,9.7,384.0
2025-01-30 15:00:00,0.0,14.0,67.0,62.0,9.4,337.0
2025-01-30 16:00:00,0.0,13.9,65.0,63.0,9.5,297.0
2025-01-30 17:00:00,0.0,13.5,66.0,89.0,8.2,190.0
2025-01-30 18:00:00,0.0,13.0,66.0,3.0,8.0,95.0
2025-01-30 19:00:00,0.0,11.9,73.0,0.0,8.3,3.0
2025-01-30 20:00:00,0.0,11.5,76.0,0.0,7.4,0.0
2025-01-30 21:00:00,0.0,10.9,81.0,0.0,4.3,0.0
2025-01-30 22:00:00,0.0,10.7,82.0,0.0,4.3,0.0
2025-01-30 23:00:00,0.0,10.1,85.0,2.0,4.4,0.0
2025-01-31 00:00:00,0.0,9.3,87.0,1.0,5.0,0.0
2025-01-31 01:00:00,0.0,8.7,87.0,0.0,6.2,0.0
2025-01-31 02:00:00,0.0,8.2,89.0,0.0,5.9,0.0
2025-01-31 03:00:00,0.0,7.8,89.0,0.0,4.9,0.0
2025-01-31 04:00:00,0.0,7.1,91.0,0.0,3.9,0.0
2025-01-31 05:00:00,0.0,7.1,90.0,1.0,5.5,0.0
2025-01-31 06:00:00,0.0,6.1,91.0,0.0,6.0,0.0
2025-01-31 07:00:00,0.0,5.6,91.0,25.0,5.6,0.0
2025-01-31 08:00:00,0.0,5.2,92.0,8.0,4.5,2.0
2025-01-31 09:00:00,0.0,7.1,85.0,35.0,4.9,102.0
2025-01-31 10:00:00,0.0,10.7,73.0,77.0,3.6,292.0
2025-01-31 11:00:00,0.0,13.0,65.0,87.0,5.0,461.0
2025-01-31 12:00:00,0.0,14.6,59.0,98.0,6.3,589.0
2025-01-31 13:00:00,0.0,15.6,54.0,100.0,8.8,661.0
2025-01-31 14:00:00,0.0,16.1,53.0,92.0,9.1,642.0
2025-01-31 15:00:00,0.0,15.9,56.0,98.0,11.5,580.0
2025-01-31 16:00:00,0.0,15.1,63.0,99.0,12.6,452.0
2025-01-31 17:00:00,0.0,14.3,68.0,69.0,11.3,282.0
2025-01-31 18:00:00,0.0,13.9,70.0,100.0,12.1,94.0
2025-01-31 19:00:00,0.0,12.6,76.0,98.0,12.4,4.0
2025-01-31 20:00:00,0.0,12.1,80.0,100.0,8.6,0.0
2025-01-31 21:00:00,0.0,11.4,84.0,100.0,4.8,0.0
2025-01-31 22:00:00,0.0,10.4,89.0,100.0,3.4,0.0
2025-01-31 23:00:00,0.0,9.9,89.0,70.0,3.4,0.0
2025-02-01 00:00:00,0.0,9.4,90.0,91.0,3.7,0.0
2025-02-01 01:00:00,0.0,8.8,91.0,91.0,3.6,0.0
2025-02-01 02:00:00,0.0,8.4,92.0,99.0,3.8,0.0
2025-02-01 03:00:00,0.0,8.0,92.0,98.0,3.3,0.0
2025-02-01 04:00:00,0.0,7.9,91.0,97.0,4.4,0.0
2025-02-01 05:00:00,0.0,7.7,91.0,94.0,3.9,0.0
2025-02-01 06:00:00,0.0,7.7,92.0,91.0,5.1,0.0
2025-02-01 07:00:00,0.0,7.5,91.0,87.0,4.1,0.0
2025-02-01 08:00:00,0.0,7.6,88.0,89.0,3.3,2.0
2025-02-01 09:00:00,0.0,9.3,81.0,47.0,5.3,98.0
2025-02-01 10:00:00,0.0,12.7,70.0,25.0,2.8,282.0
2025-02-01 11:00:00,0.0,15.1,62.0,62.0,4.2,452.0
2025-02-01 12:00:00,0.0,16.9,57.0,55.0,6.0,577.0
2025-02-01 13:00:00,0.0,18.2,54.0,60.0,6.8,644.0
2025-02-01 14:00:00,0.0,18.5,54.0,100.0,9.5,647.0
2025-02-01 15:00:00,0.0,17.9,55.0,35.0,11.4,582.0
2025-02-01 16:00:00,0.0,17.5,57.0,5.0,9.0,461.0
2025-02-01 17:00:00,0.0,16.5,62.0,3.0,9.3,294.0
2025-02-01 18:00:00,0.0,16.0,67.0,58.0,7.0,112.0
2025-02-01 19:00:00,0.0,14.7,76.0,0.0,6.9,4.0
2025-02-01 20:00:00,0.0,14.3,78.0,1.0,5.9,0.0
2025-02-01 21:00:00,0.0,14.0,79.0,1.0,4.1,0.0
2025-02-01 22:00:00,0.0,13.8,80.0,1.0,4.0,0.0
2025-02-01 23:00:00,0.0,13.1,80.0,22.0,2.8,0.0
2025-02-02 00:00:00,0.0,12.6,79.0,49.0,2.5,0.0
2025-02-02 01:00:00,0.0,12.2,79.0,42.0,1.1,0.0
2025-02-02 02:00:00,0.0,11.6,78.0,0.0,1.9,0.0
2025-02-02 03:00:00,0.0,10.8,80.0,0.0,2.3,0.0
2025-02-02 04:00:00,0.0,10.8,78.0,0.0,2.4,0.0
2025-02-02 05:00:00,0.0,10.5,78.0,0.0,2.9,0.0
2025-02-02 06:00:00,0.0,10.4,76.0,0.0,5.6,0.0
2025-02-02 07:00:00,0.0,10.0,75.0,0.0,4.9,0.0
2025-02-02 08:00:00,0.0,10.2,70.0,0.0,5.3,2.0
2025-02-02 09:00:00,0.0,12.0,62.0,0.0,4.6,101.0
2025-02-02 10:00:00,0.0,15.5,50.0,0.0,2.3,285.0
2025-02-02 11:00:00,0.0,18.4,43.0,0.0,3.8,461.0
2025-02-02 12:00:00,0.0,20.0,42.0,0.0,5.8,589.0
2025-02-02 13:00:00,0.0,20.6,45.0,7.0,8.3,657.0
2025-02-02 14:00:00,0.0,20.6,49.0,11.0,9.2,662.0
2025-02-02 15:00:00,0.0,20.3,52.0,1.0,9.5,597.0
2025-02-02 16:00:00,0.0,19.5,56.0,81.0,10.0,476.0
2025-02-02 17:00:00,0.0,18.5,62.0,96.0,9.0,304.0
2025-02-02 18:00:00,0.0,17.6,66.0,50.0,6.0,118.0
2025-02-02 19:00:00,0.0,15.9,77.0,9.0,6.8,5.0
2025-02-02 20:00:00,0.0,15.0,85.0,36.0,8.4,0.0
2025-02-02 21:00:00,0.0,14.2,90.0,63.0,8.9,0.0
2025-02-02 22:00:00,0.0,13.8,90.0,35.0,6.3,0.0
2025-02-02 23:00:00,0.0,13.3,93.0,71.0,6.8,0.0
2025-02-03 00:00:00,0.0,12.6,96.0,53.0,7.8,0.0
2025-02-03 01:00:00,0.0,12.4,97.0,94.0,7.3,0.0
2025-02-03 02:00:00,0.0,12.1,98.0,100.0,6.0,0.0
2025-02-03 03:00:00,0.0,11.9,99.0,100.0,4.6,0.0
2025-02-03 04:00:00,0.0,11.7,99.0,100.0,5.4,0.0
2025-02-03 05:00:00,0.0,11.5,99.0,100.0,3.4,0.0
2025-02-03 06:00:00,0.0,10.1,100.0,100.0,5.9,0.0
2025-02-03 07:00:00,0.0,10.0,100.0,99.0,4.3,0.0
2025-02-03 08:00:00,0.0,9.5,100.0,99.0,3.3,2.0
2025-02-03 09:00:00,0.0,10.4,97.0,100.0,2.8,75.0
2025-02-03 10:00:00,0.0,12.6,86.0,100.0,3.0,224.0
2025-02-03 11:00:00,0.0,15.2,72.0,100.0,6.3,416.0
2025-02-03 12:00:00,0.0,16.8,67.0,99.0,7.7,549.0
2025-02-03 13:00:00,0.0,17.7,66.0,100.0,9.1,607.0
2025-02-03 14:00:00,0.0,17.7,68.0,94.0,9.4,565.0
2025-02-03 15:00:00,0.0,17.7,69.0,15.0,10.2,519.0
2025-02-03 16:00:00,0.0,17.5,70.0,18.0,9.9,470.0
2025-02-03 17:00:00,0.0,16.9,73.0,69.0,9.0,300.0
2025-02-03 18:00:00,0.0,16.0,71.0,5.0,8.9,121.0
2025-02-03 19:00:00,0.0,14.4,78.0,5.0,8.6,5.0
2025-02-03 20:00:00,0.0,13.8,82.0,3.0,4.1,0.0
2025-02-03 21:00:00,0.0,13.4,83.0,96.0,1.8,0.0
2025-02-03 22:00:00,0.0,13.5,82.0,6.0,1.5,0.0
2025-02-03 23:00:00,0.0,13.1,85.0,100.0,5.1,0.0
2025-02-04 00:00:00,0.0,12.2,91.0,100.0,3.4,0.0
2025-02-04 01:00:00,0.0,12.2,92.0,89.0,2.3,0.0
2025-02-04 02:00:00,0.0,11.6,95.0,84.0,3.6,0.0
2025-02-04 03:00:00,0.0,11.5,95.0,65.0,0.9,0.0
2025-02-04 04:00:00,0.0,11.0,97.0,56.0,3.5,0.0
2025-02-04 05:00:00,0.0,11.2,97.0,100.0,4.9,0.0
2025-02-04 06:00:00,0.0,11.2,99.0,100.0,5.6,0.0
2025-02-04 07:00:00,0.0,11.0,98.0,93.0,5.5,0.0
2025-02-04 08:00:00,0.0,10.6,97.0,88.0,2.2,2.0
2025-02-04 09:00:00,0.0,11.2,94.0,100.0,2.7,86.0
2025-02-04 10:00:00,0.0,12.6,88.0,99.0,4.2,212.0
2025-02-04 11:00:00,0.0,14.3,76.0,40.0,3.5,345.0
2025-02-04 12:00:00,0.0,15.7,66.0,51.0,5.2,535.0
2025-02-04 13:00:00,0.0,16.2,67.0,30.0,7.9,635.0
2025-02-04 14:00:00,0.0,16.4,66.0,7.0,9.0,655.0
2025-02-04 15:00:00,0.0,16.3,63.0,1.0,8.9,607.0
2025-02-04 16:00:00,0.0,15.9,64.0,1.0,8.7,488.0
2025-02-04 17:00:00,0.0,15.2,69.0,1.0,7.9,316.0
2025-02-04 18:00:00,0.0,13.9,76.0,2.0,7.6,125.0
2025-02-04 19:00:00,0.0,13.0,83.0,2.0,4.6,6.0
2025-02-04 20:00:00,0.0,12.4,88.0,3.0,1.6,0.0
2025-02-04 21:00:00,0.0,12.1,88.0,20.0,2.7,0.0
2025-02-04 22:00:00,0.0,12.2,85.0,88.0,6.0,0.0
2025-02-04 23:00:00,0.0,12.2,82.0,11.0,7.7,0.0
2025-02-05 00:00:00,0.0,11.6,85.0,2.0,6.2,0.0
2025-02-05 01:00:00,0.0,11.2,87.0,9.0,5.3,0.0
2025-02-05 02:00:00,0.0,10.8,89.0,12.0,4.4,0.0
2025-02-05 03:00:00,0.0,10.3,90.0,14.0,4.0,0.0
2025-02-05 04:00:00,0.0,9.9,91.0,28.0,3.4,0.0
2025-02-05 05:00:00,0.0,9.9,90.0,54.0,5.4,0.0
2025-02-05 06:00:00,0.0,9.9,86.0,65.0,4.2,0.0
2025-02-05 07:00:00,0.0,9.9,83.0,99.0,4.0,0.0
2025-02-05 08:00:00,0.0,10.9,75.0,100.0,6.2,2.0
2025-02-05 09:00:00,0.0,12.2,67.0,82.0,4.9,41.0
2025-02-05 10:00:00,0.0,14.9,57.0,68.0,4.1,169.0
2025-02-05 11:00:00,0.0,17.8,50.0,66.0,2.6,384.0
2025-02-05 12:00:00,0.0,19.4,54.0,1.0,1.3,548.0
2025-02-05 13:00:00,0.0,20.4,52.0,0.0,4.7,662.0
2025-02-05 14:00:00,0.0,20.1,54.0,1.0,10.7,669.0
2025-02-05 15:00:00,0.0,18.8,60.0,1.0,14.4,604.0
2025-02-05 16:00:00,0.0,17.7,63.0,2.0,12.6,485.0
2025-02-05 17:00:00,0.0,17.0,67.0,4.0,10.7,316.0
2025-02-05 18:00:00,0.0,15.5,75.0,0.0,9.7,126.0
2025-02-05 19:00:00,0.0,14.6,84.0,0.0,6.2,6.0
2025-02-05 20:00:00,0.0,14.3,88.0,0.0,2.0,0.0
2025-02-05 21:00:00,0.0,14.1,90.0,29.0,3.4,0.0
2025-02-05 22:00:00,0.0,14.1,88.0,100.0,4.4,0.0
2025-02-05 23:00:00,0.0,14.8,84.0,100.0,5.8,0.0
2025-02-06 00:00:00,0.0,15.1,83.0,100.0,6.2,0.0
2025-02-06 01:00:00,0.0,15.1,83.0,17.0,5.2,0.0
2025-02-06 02:00:00,0.0,14.5,85.0,61.0,6.0,0.0
2025-02-06 03:00:00,0.0,14.6,84.0,100.0,6.0,0.0
2025-02-06 04:00:00,0.1,15.0,82.0,100.0,3.7,0.0
2025-02-06 05:00:00,0.0,14.6,84.0,100.0,5.0,0.0
2025-02-06 06:00:00,0.0,12.5,90.0,2.0,5.3,0.0
2025-02-06 07:00:00,0.0,12.1,91.0,10.0,4.0,0.0
2025-02-06 08:00:00,0.0,12.4,92.0,46.0,4.2,3.0
2025-02-06 09:00:00,0.0,13.8,89.0,100.0,7.0,87.0
2025-02-06 10:00:00,0.0,14.8,88.0,100.0,8.3,108.0
2025-02-06 11:00:00,0.0,15.7,86.0,100.0,9.7,174.0
2025-02-06 12:00:00,0.1,17.1,78.0,51.0,10.0,333.0
2025-02-06 13:00:00,0.0,18.1,70.0,16.0,10.5,559.0
2025-02-06 14:00:00,0.0,18.7,64.0,2.0,10.7,640.0
2025-02-06 15:00:00,0.0,18.4,65.0,51.0,12.0,610.0
2025-02-06 16:00:00,0.0,17.4,72.0,94.0,9.4,397.0
2025-02-06 17:00:00,0.1,16.5,82.0,100.0,9.6,234.0
2025-02-06 18:00:00,0.0,15.1,91.0,100.0,7.1,30.0
2025-02-06 19:00:00,0.0,15.0,92.0,100.0,5.8,2.0
2025-02-06 20:00:00,0.0,15.1,91.0,100.0,5.6,0.0
2025-02-06 21:00:00,0.0,14.9,91.0,100.0,6.6,0.0
2025-02-06 22:00:00,0.0,14.7,91.0,100.0,7.0,0.0
2025-02-06 23:00:00,0.0,14.2,94.0,100.0,8.5,0.0
2025-02-07 00:00:00,0.0,14.2,93.0,100.0,8.9,0.0
2025-02-07 01:00:00,0.0,14.5,91.0,100.0,10.6,0.0
2025-02-07 02:00:00,0.1,14.7,88.0,100.0,9.6,0.0
2025-02-07 03:00:00,0.2,14.9,87.0,100.0,7.6,0.0
2025-02-07 04:00:00,0.4,14.9,87.0,100.0,6.1,0.0
2025-02-07 05:00:00,0.4,14.8,89.0,100.0,6.7,0.0
2025-02-07 06:00:00,0.0,14.6,90.0,100.0,6.7,0.0
2025-02-07 07:00:00,0.0,14.7,90.0,100.0,7.2,0.0
2025-02-07 08:00:00,0.0,15.0,90.0,100.0,7.3,2.0
2025-02-07 09:00:00,0.8,15.3,90.0,100.0,7.4,22.0
2025-02-07 10:00:00,1.3,15.1,94.0,100.0,11.1,63.0
2025-02-07 11:00:00,0.2,15.4,91.0,100.0,12.0,112.0
2025-02-07 12:00:00,0.1,15.5,92.0,100.0,11.2,158.0
2025-02-07 13:00:00,0.0,15.9,92.0,100.0,7.5,205.0
2025-02-07 14:00:00,0.0,16.7,88.0,100.0,6.8,294.0
2025-02-07 15:00:00,0.0,17.3,83.0,100.0,9.1,384.0
2025-02-07 16:00:00,0.0,16.7,87.0,100.0,11.7,428.0
2025-02-07 17:00:00,0.0,15.5,83.0,100.0,11.8,211.0
2025-02-07 18:00:00,0.0,14.4,81.0,100.0,9.8,48.0
2025-02-07 19:00:00,0.0,13.9,81.0,100.0,9.7,4.0
2025-02-07 20:00:00,0.0,13.6,80.0,100.0,9.7,0.0
2025-02-07 21:00:00,0.0,13.6,80.0,100.0,8.2,0.0
2025-02-07 22:00:00,0.0,13.4,82.0,100.0,9.3,0.0
2025-02-07 23:00:00,0.0,13.1,84.0,95.0,8.9,0.0
2025-02-08 00:00:00,0.0,12.7,86.0,81.0,6.2,0.0
2025-02-08 01:00:00,0.0,11.9,91.0,95.0,5.8,0.0
2025-02-08 02:00:00,0.0,11.8,92.0,100.0,4.4,0.0
2025-02-08 03:00:00,0.0,11.8,92.0,100.0,5.1,0.0
2025-02-08 04:00:00,0.0,11.4,94.0,100.0,3.7,0.0
2025-02-08 05:00:00,0.0,10.8,95.0,100.0,2.1,0.0
2025-02-08 06:00:00,0.0,10.4,93.0,100.0,0.6,0.0
2025-02-08 07:00:00,0.0,10.2,94.0,100.0,0.6,0.0
2025-02-08 08:00:00,0.0,9.9,95.0,100.0,1.5,4.0
2025-02-08 09:00:00,0.0,11.3,90.0,99.0,3.7,106.0
2025-02-08 10:00:00,0.0,13.4,75.0,88.0,2.8,313.0
2025-02-08 11:00:00,0.0,15.1,66.0,97.0,3.8,489.0
2025-02-08 12:00:00,0.0,16.6,60.0,97.0,7.1,608.0
2025-02-08 13:00:00,0.0,17.4,56.0,100.0,9.5,669.0
2025-02-08 14:00:00,0.0,17.7,54.0,100.0,12.4,665.0
2025-02-08 15:00:00,0.0,17.1,57.0,100.0,13.4,581.0
2025-02-08 16:00:00,0.0,16.8,59.0,75.0,11.2,453.0
2025-02-08 17:00:00,0.0,16.2,64.0,71.0,11.5,319.0
2025-02-08 18:00:00,0.0,14.5,73.0,100.0,10.4,78.0
2025-02-08 19:00:00,0.0,14.0,76.0,100.0,8.4,5.0
2025-02-08 20:00:00,0.0,13.5,79.0,99.0,7.2,0.0
2025-02-08 21:00:00,0.0,12.9,83.0,88.0,5.1,0.0
2025-02-08 22:00:00,0.0,12.2,86.0,98.0,4.0,0.0
2025-02-08 23:00:00,0.0,11.7,88.0,94.0,3.0,0.0
2025-02-09 00:00:00,0.0,11.4,89.0,100.0,3.7,0.0
2025-02-09 01:00:00,0.0,10.8,91.0,100.0,3.8,0.0
2025-02-09 02:00:00,0.0,10.3,93.0,100.0,3.0,0.0
2025-02-09 03:00:00,0.0,10.0,94.0,98.0,4.2,0.0
2025-02-09 04:00:00,0.0,9.5,95.0,100.0,3.4,0.0
2025-02-09 05:00:00,0.0,9.5,95.0,100.0,3.4,0.0
2025-02-09 06:00:00,0.0,9.3,96.0,100.0,3.4,0.0
2025-02-09 07:00:00,0.0,9.1,95.0,100.0,2.2,0.0
2025-02-09 08:00:00,0.0,9.5,92.0,100.0,2.8,4.0
2025-02-09 09:00:00,0.0,11.1,81.0,100.0,4.1,76.0
2025-02-09 10:00:00,0.0,13.7,64.0,100.0,2.8,211.0
2025-02-09 11:00:00,0.0,16.9,47.0,99.0,4.2,444.0
2025-02-09 12:00:00,0.0,18.5,43.0,97.0,5.6,565.0
2025-02-09 13:00:00,0.0,19.5,45.0,99.0,8.6,678.0
2025-02-09 14:00:00,0.0,19.4,51.0,100.0,10.4,678.0
2025-02-09 15:00:00,0.0,18.8,56.0,100.0,10.2,584.0
2025-02-09 16:00:00,0.0,18.2,61.0,100.0,9.1,449.0
2025-02-09 17:00:00,0.0,17.4,64.0,100.0,8.0,272.0
2025-02-09 18:00:00,0.0,15.4,74.0,98.0,7.4,77.0
2025-02-09 19:00:00,0.0,14.4,81.0,88.0,5.5,7.0
2025-02-09 20:00:00,0.0,13.3,88.0,96.0,2.2,0.0
2025-02-09 21:00:00,0.0,12.7,91.0,98.0,2.5,0.0
2025-02-09 22:00:00,0.0,12.2,91.0,88.0,3.1,0.0
2025-02-09 23:00:00,0.0,11.5,91.0,0.0,3.1,0.0
2025-02-10 00:00:00,0.0,11.1,91.0,0.0,2.8,0.0
2025-02-10 01:00:00,0.0,10.8,92.0,0.0,2.7,0.0
2025-02-10 02:00:00,0.0,10.3,93.0,0.0,3.7,0.0
2025-02-10 03:00:00,0.0,10.2,91.0,17.0,4.1,0.0
2025-02-10 04:00:00,0.0,9.7,91.0,27.0,3.8,0.0
2025-02-10 05:00:00,0.0,9.5,90.0,92.0,4.0,0.0
2025-02-10 06:00:00,0.0,11.1,89.0,100.0,4.3,0.0
2025-02-10 07:00:00,0.0,11.1,91.0,100.0,2.4,0.0
2025-02-10 08:00:00,0.0,11.2,90.0,100.0,5.1,2.0
2025-02-10 09:00:00,0.0,11.7,88.0,100.0,6.3,57.0
2025-02-10 10:00:00,0.0,12.4,81.0,100.0,6.1,145.0
2025-02-10 11:00:00,0.0,13.7,72.0,100.0,5.8,298.0
2025-02-10 12:00:00,0.0,14.9,64.0,98.0,7.5,442.0
2025-02-10 13:00:00,0.0,15.3,61.0,51.0,8.8,481.0
2025-02-10 14:00:00,0.0,15.6,58.0,9.0,9.9,626.0
2025-02-10 15:00:00,0.0,15.1,57.0,0.0,11.0,619.0
2025-02-10 16:00:00,0.0,14.5,54.0,0.0,9.9,512.0
2025-02-10 17:00:00,0.0,14.1,54.0,1.0,9.1,341.0
2025-02-10 18:00:00,0.0,12.9,64.0,7.0,8.7,147.0
2025-02-10 19:00:00,0.0,12.4,66.0,8.0,6.1,10.0
2025-02-10 20:00:00,0.0,12.1,66.0,10.0,5.0,0.0
2025-02-10 21:00:00,0.0,11.7,66.0,74.0,4.3,0.0
2025-02-10 22:00:00,0.0,11.4,66.0,77.0,4.2,0.0
2025-02-10 23:00:00,0.0,11.6,65.0,100.0,4.4,0.0
2025-02-11 00:00:00,0.0,11.7,64.0,100.0,3.3,0.0
2025-02-11 01:00:00,0.0,11.6,65.0,98.0,6.9,0.0
2025-02-11 02:00:00,0.0,10.7,67.0,14.0,10.7,0.0
2025-02-11 03:00:00,0.0,10.1,67.0,19.0,10.7,0.0
2025-02-11 04:00:00,0.0,9.9,67.0,72.0,11.0,0.0
2025-02-11 05:00:00,0.0,10.1,67.0,88.0,9.8,0.0
2025-02-11 06:00:00,0.0,11.6,58.0,100.0,6.1,0.0
2025-02-11 07:00:00,0.0,11.7,60.0,100.0,6.6,0.0
2025-02-11 08:00:00,0.0,11.7,63.0,100.0,5.5,2.0
2025-02-11 09:00:00,0.0,12.4,65.0,70.0,6.1,48.0
2025-02-11 10:00:00,0.2,13.7,60.0,47.0,14.3,237.0
2025-02-11 11:00:00,0.0,14.1,57.0,29.0,14.7,372.0
2025-02-11 12:00:00,0.1,14.6,53.0,86.0,17.3,574.0
2025-02-11 13:00:00,0.2,14.5,53.0,100.0,18.3,473.0
2025-02-11 14:00:00,0.1,14.0,55.0,71.0,18.6,359.0
2025-02-11 15:00:00,0.0,14.4,52.0,20.0,15.2,489.0
2025-02-11 16:00:00,0.0,14.1,54.0,18.0,12.9,468.0
2025-02-11 17:00:00,0.0,14.0,52.0,67.0,13.3,339.0
2025-02-11 18:00:00,0.0,13.0,61.0,84.0,10.3,108.0
2025-02-11 19:00:00,0.0,13.0,59.0,95.0,7.4,7.0
2025-02-11 20:00:00,0.0,12.9,60.0,95.0,5.9,0.0
2025-02-11 21:00:00,0.0,12.2,63.0,42.0,5.4,0.0
2025-02-11 22:00:00,0.0,12.1,65.0,98.0,7.1,0.0
2025-02-11 23:00:00,0.0,12.3,67.0,100.0,8.5,0.0
2025-02-12 00:00:00,0.0,12.5,68.0,100.0,9.7,0.0
2025-02-12 01:00:00,0.0,12.3,74.0,100.0,10.1,0.0
2025-02-12 02:00:00,0.1,12.2,79.0,100.0,8.8,0.0
2025-02-12 03:00:00,0.0,12.3,79.0,100.0,13.1,0.0
2025-02-12 04:00:00,0.0,12.3,76.0,100.0,13.3,0.0
2025-02-12 05:00:00,0.1,12.1,76.0,100.0,11.1,0.0
2025-02-12 06:00:00,0.2,12.1,77.0,100.0,4.5,0.0
2025-02-12 07:00:00,0.4,11.9,81.0,100.0,4.4,0.0
2025-02-12 08:00:00,0.4,11.7,84.0,100.0,2.5,1.0
2025-02-12 09:00:00,0.1,12.1,82.0,100.0,4.1,26.0
2025-02-12 10:00:00,0.2,12.3,81.0,100.0,7.2,58.0
2025-02-12 11:00:00,0.3,12.4,81.0,100.0,8.3,68.0
2025-02-12 12:00:00,0.4,13.0,75.0,100.0,14.6,173.0
2025-02-12 13:00:00,0.5,12.8,76.0,100.0,13.5,128.0
2025-02-12 14:00:00,0.7,13.1,76.0,100.0,18.5,160.0
2025-02-12 15:00:00,1.1,12.7,83.0,100.0,15.2,67.0
2025-02-12 16:00:00,1.7,12.5,87.0,100.0,15.9,67.0
2025-02-12 17:00:00,1.0,12.6,87.0,100.0,15.8,57.0
2025-02-12 18:00:00,0.2,12.7,84.0,100.0,9.6,24.0
2025-02-12 19:00:00,0.1,12.8,83.0,100.0,12.8,3.0
2025-02-12 20:00:00,0.0,13.2,81.0,100.0,12.6,0.0
2025-02-12 21:00:00,0.0,13.4,80.0,100.0,12.1,0.0
2025-02-12 22:00:00,0.0,13.5,81.0,100.0,13.1,0.0
2025-02-12 23:00:00,0.0,13.6,82.0,100.0,13.0,0.0
2025-02-13 00:00:00,0.1,13.5,84.0,100.0,12.8,0.0
2025-02-13 01:00:00,0.3,13.3,86.0,100.0,13.1,0.0
2025-02-13 02:00:00,0.1,13.4,87.0,100.0,12.9,0.0
2025-02-13 03:00:00,0.2,13.6,88.0,100.0,13.8,0.0
2025-02-13 04:00:00,0.0,13.6,88.0,100.0,13.7,0.0
2025-02-13 05:00:00,0.0,13.8,87.0,100.0,13.6,0.0
2025-02-13 06:00:00,0.3,13.6,89.0,100.0,12.2,0.0
2025-02-13 07:00:00,0.9,13.5,90.0,100.0,13.0,0.0
2025-02-13 08:00:00,1.2,13.3,94.0,100.0,13.9,1.0
2025-02-13 09:00:00,0.8,13.5,94.0,100.0,18.0,27.0
2025-02-13 10:00:00,0.3,13.8,93.0,100.0,17.6,59.0
2025-02-13 11:00:00,0.2,14.4,91.0,100.0,17.6,118.0
2025-02-13 12:00:00,0.4,14.7,92.0,100.0,17.3,154.0
2025-02-13 13:00:00,0.3,15.3,90.0,100.0,18.4,262.0
2025-02-13 14:00:00,0.7,15.3,92.0,100.0,18.2,250.0
2025-02-13 15:00:00,0.6,14.6,94.0,100.0,16.3,113.0
2025-02-13 16:00:00,1.2,14.5,96.0,100.0,15.3,78.0
2025-02-13 17:00:00,0.8,14.5,97.0,100.0,19.3,52.0
2025-02-13 18:00:00,2.4,14.2,93.0,100.0,18.6,74.0
2025-02-13 19:00:00,0.8,14.1,93.0,100.0,21.2,3.0
2025-02-13 20:00:00,0.8,13.9,96.0,100.0,23.4,0.0
2025-02-13 21:00:00,1.2,13.9,97.0,100.0,25.1,0.0
2025-02-13 22:00:00,0.1,14.2,96.0,100.0,25.7,0.0
2025-02-13 23:00:00,1.1,14.1,96.0,100.0,26.9,0.0
2025-02-14 00:00:00,1.6,14.1,96.0,100.0,22.7,0.0
2025-02-14 01:00:00,1.7,14.1,96.0,100.0,24.2,0.0
2025-02-14 02:00:00,0.2,14.1,97.0,100.0,16.6,0.0
2025-02-14 03:00:00,0.0,14.2,97.0,100.0,14.9,0.0
2025-02-14 04:00:00,0.5,13.7,96.0,66.0,13.1,0.0
2025-02-14 05:00:00,0.2,13.4,94.0,61.0,11.5,0.0
2025-02-14 06:00:00,0.0,13.0,96.0,59.0,7.2,0.0
2025-02-14 07:00:00,0.2,13.0,91.0,36.0,7.9,0.0
2025-02-14 08:00:00,0.4,13.1,87.0,41.0,7.1,7.0
2025-02-14 09:00:00,0.1,14.3,90.0,23.0,10.0,124.0
2025-02-14 10:00:00,0.0,15.1,88.0,17.0,9.8,298.0
2025-02-14 11:00:00,0.0,15.7,83.0,14.0,13.1,483.0
2025-02-14 12:00:00,0.0,15.8,81.0,24.0,14.1,591.0
2025-02-14 13:00:00,0.0,15.7,80.0,38.0,15.8,628.0
2025-02-14 14:00:00,0.2,15.8,76.0,24.0,17.2,618.0
2025-02-14 15:00:00,0.0,15.8,73.0,9.0,16.6,608.0
2025-02-14 16:00:00,0.0,15.4,76.0,7.0,14.5,508.0
2025-02-14 17:00:00,0.0,14.6,81.0,10.0,13.2,342.0
2025-02-14 18:00:00,0.0,13.5,85.0,35.0,12.0,135.0
2025-02-14 19:00:00,0.0,12.9,87.0,24.0,10.1,13.0
2025-02-14 20:00:00,0.0,12.5,88.0,79.0,10.7,0.0
2025-02-14 21:00:00,0.0,12.3,88.0,13.0,12.1,0.0
2025-02-14 22:00:00,0.0,12.2,88.0,55.0,11.0,0.0
2025-02-14 23:00:00,0.0,11.8,89.0,62.0,6.9,0.0
2025-02-15 00:00:00,0.0,11.2,91.0,59.0,1.1,0.0
2025-02-15 01:00:00,0.0,10.5,94.0,58.0,2.8,0.0
2025-02-15 02:00:00,0.0,10.0,96.0,79.0,7.2,0.0
2025-02-15 03:00:00,0.0,9.4,97.0,57.0,8.2,0.0
2025-02-15 04:00:00,0.0,9.6,94.0,99.0,6.1,0.0
2025-02-15 05:00:00,0.0,9.9,92.0,95.0,5.0,0.0
2025-02-15 06:00:00,0.0,8.9,92.0,22.0,1.9,0.0
2025-02-15 07:00:00,0.0,8.7,93.0,11.0,4.2,0.0
2025-02-15 08:00:00,0.0,8.4,93.0,72.0,6.8,9.0
2025-02-15 09:00:00,0.0,9.9,90.0,78.0,6.1,140.0
2025-02-15 10:00:00,0.0,12.4,81.0,44.0,5.3,334.0
2025-02-15 11:00:00,0.0,14.0,73.0,9.0,3.1,521.0
2025-02-15 12:00:00,0.0,15.3,68.0,1.0,4.6,656.0
2025-02-15 13:00:00,0.0,16.2,66.0,19.0,8.1,730.0
2025-02-15 14:00:00,0.0,16.5,67.0,56.0,10.1,733.0
2025-02-15 15:00:00,0.0,16.8,69.0,89.0,10.5,668.0
2025-02-15 16:00:00,0.0,16.4,71.0,25.0,11.2,515.0
2025-02-15 17:00:00,0.0,15.6,75.0,48.0,11.3,359.0
2025-02-15 18:00:00,0.0,14.9,77.0,9.0,9.5,162.0
2025-02-15 19:00:00,0.0,13.8,81.0,20.0,7.5,15.0
2025-02-15 20:00:00,0.0,12.9,86.0,80.0,4.0,0.0
2025-02-15 21:00:00,0.0,12.2,89.0,99.0,3.2,0.0
2025-02-15 22:00:00,0.0,11.5,92.0,100.0,2.4,0.0
2025-02-15 23:00:00,0.0,11.2,93.0,99.0,1.5,0.0
2025-02-16 00:00:00,0.0,10.6,94.0,100.0,2.4,0.0
2025-02-16 01:00:00,0.0,10.0,94.0,100.0,2.9,0.0
2025-02-16 02:00:00,0.0,9.5,93.0,100.0,3.2,0.0
2025-02-16 03:00:00,0.0,8.8,92.0,100.0,4.0,0.0
2025-02-16 04:00:00,0.0,8.4,88.0,100.0,5.7,0.0
2025-02-16 05:00:00,0.0,8.1,85.0,100.0,5.4,0.0
2025-02-16 06:00:00,0.0,8.7,84.0,100.0,4.5,0.0
2025-02-16 07:00:00,0.0,8.8,80.0,100.0,4.5,0.0
2025-02-16 08:00:00,0.0,9.3,76.0,100.0,6.4,8.0
2025-02-16 09:00:00,0.0,11.1,73.0,100.0,7.1,112.0
2025-02-16 10:00:00,0.0,14.3,68.0,100.0,5.4,255.0
2025-02-16 11:00:00,0.0,18.0,62.0,100.0,1.5,478.0
2025-02-16 12:00:00,0.0,19.7,50.0,100.0,3.1,643.0
2025-02-16 13:00:00,0.0,19.3,55.0,100.0,9.0,726.0
2025-02-16 14:00:00,0.0,18.1,62.0,100.0,9.3,681.0
2025-02-16 15:00:00,0.0,17.5,66.0,100.0,8.9,523.0
2025-02-16 16:00:00,0.0,17.5,64.0,100.0,7.5,458.0
2025-02-16 17:00:00,0.0,17.2,65.0,100.0,5.3,324.0
2025-02-16 18:00:00,0.0,16.2,75.0,100.0,2.2,113.0
2025-02-16 19:00:00,0.0,14.7,84.0,100.0,0.7,12.0
2025-02-16 20:00:00,0.0,14.0,86.0,100.0,0.6,0.0
2025-02-16 21:00:00,0.0,13.5,87.0,100.0,0.4,0.0
2025-02-16 22:00:00,0.0,12.7,90.0,100.0,1.8,0.0
2025-02-16 23:00:00,0.0,12.2,91.0,100.0,1.7,0.0
2025-02-17 00:00:00,0.0,11.9,91.0,100.0,0.2,0.0
2025-02-17 01:00:00,0.0,11.3,92.0,100.0,3.2,0.0
2025-02-17 02:00:00,0.0,10.9,93.0,98.0,3.5,0.0
2025-02-17 03:00:00,0.0,10.5,91.0,100.0,2.3,0.0
2025-02-17 04:00:00,0.0,10.5,89.0,100.0,2.2,0.0
2025-02-17 05:00:00,0.0,10.2,87.0,100.0,1.9,0.0
2025-02-17 06:00:00,0.0,9.0,89.0,100.0,3.9,0.0
2025-02-17 07:00:00,0.0,9.3,86.0,100.0,4.5,0.0
2025-02-17 08:00:00,0.0,9.3,85.0,100.0,4.9,9.0
2025-02-17 09:00:00,0.0,11.3,81.0,91.0,4.0,141.0
2025-02-17 10:00:00,0.0,13.9,70.0,47.0,1.4,353.0
2025-02-17 11:00:00,0.0,15.9,62.0,0.0,2.2,531.0
2025-02-17 12:00:00,0.0,16.7,59.0,0.0,5.1,666.0
2025-02-17 13:00:00,0.0,16.9,61.0,0.0,7.5,739.0
2025-02-17 14:00:00,0.0,16.3,68.0,0.0,10.2,742.0
2025-02-17 15:00:00,0.0,15.8,75.0,9.0,8.3,677.0
2025-02-17 16:00:00,0.0,15.6,79.0,2.0,5.8,549.0
2025-02-17 17:00:00,0.0,15.1,83.0,9.0,5.9,371.0
2025-02-17 18:00:00,0.0,13.9,88.0,40.0,6.6,165.0
2025-02-17 19:00:00,0.0,13.0,92.0,93.0,5.9,16.0
2025-02-17 20:00:00,0.0,12.6,94.0,53.0,6.1,0.0
2025-02-17 21:00:00,0.0,12.2,95.0,100.0,7.0,0.0
2025-02-17 22:00:00,0.0,12.3,95.0,100.0,8.0,0.0
2025-02-17 23:00:00,0.0,12.2,94.0,100.0,8.9,0.0
2025-02-18 00:00:00,0.0,12.2,93.0,100.0,9.7,0.0
2025-02-18 01:00:00,0.0,12.2,93.0,100.0,11.1,0.0
2025-02-18 02:00:00,0.0,12.1,93.0,100.0,11.4,0.0
2025-02-18 03:00:00,0.0,12.0,92.0,100.0,11.2,0.0
2025-02-18 04:00:00,0.0,12.1,91.0,100.0,9.9,0.0
2025-02-18 05:00:00,0.0,12.2,90.0,100.0,9.0,0.0
2025-02-18 06:00:00,0.0,12.0,88.0,100.0,7.4,0.0
2025-02-18 07:00:00,0.0,11.9,87.0,100.0,8.4,0.0
2025-02-18 08:00:00,0.0,12.0,85.0,100.0,7.0,5.0
2025-02-18 09:00:00,0.0,12.3,82.0,100.0,6.2,48.0
2025-02-18 10:00:00,0.0,13.3,78.0,100.0,4.3,187.0
2025-02-18 11:00:00,0.0,14.5,71.0,69.0,2.9,401.0
2025-02-18 12:00:00,0.0,15.7,66.0,92.0,5.0,653.0
2025-02-18 13:00:00,0.0,16.4,64.0,57.0,6.7,736.0
2025-02-18 14:00:00,0.0,16.5,64.0,45.0,8.5,740.0
2025-02-18 15:00:00,0.0,16.0,66.0,66.0,9.4,673.0
2025-02-18 16:00:00,0.0,15.6,67.0,20.0,7.6,545.0
2025-02-18 17:00:00,0.0,15.3,69.0,6.0,6.7,369.0
2025-02-18 18:00:00,0.0,14.7,74.0,0.0,4.7,169.0
2025-02-18 19:00:00,0.0,13.6,84.0,17.0,1.8,18.0
2025-02-18 20:00:00,0.0,13.2,84.0,100.0,2.4,0.0
2025-02-18 21:00:00,0.0,13.0,85.0,100.0,4.7,0.0
2025-02-18 22:00:00,0.0,12.4,89.0,100.0,6.3,0.0
2025-02-18 23:00:00,0.0,11.9,91.0,99.0,4.9,0.0
2025-02-19 00:00:00,0.0,11.1,94.0,19.0,3.1,0.0
2025-02-19 01:00:00,0.0,10.7,94.0,61.0,0.8,0.0
2025-02-19 02:00:00,0.0,10.1,95.0,97.0,1.3,0.0
2025-02-19 03:00:00,0.0,10.1,94.0,18.0,3.7,0.0
2025-02-19 04:00:00,0.0,9.5,92.0,31.0,2.9,0.0
2025-02-19 05:00:00,0.0,9.1,89.0,2.0,3.0,0.0
2025-02-19 06:00:00,0.0,9.0,93.0,0.0,2.8,0.0
2025-02-19 07:00:00,0.0,8.6,89.0,6.0,1.7,0.0
2025-02-19 08:00:00,0.0,9.0,84.0,7.0,4.7,13.0
2025-02-19 09:00:00,0.0,11.7,73.0,4.0,4.5,157.0
2025-02-19 10:00:00,0.0,14.9,65.0,0.0,0.4,359.0
2025-02-19 11:00:00,0.0,16.8,62.0,16.0,4.4,540.0
2025-02-19 12:00:00,0.0,17.9,59.0,49.0,6.1,671.0
2025-02-19 13:00:00,0.0,18.6,58.0,98.0,7.3,720.0
2025-02-19 14:00:00,0.0,19.0,58.0,2.0,8.9,704.0
2025-02-19 15:00:00,0.0,18.8,63.0,0.0,11.4,681.0
2025-02-19 16:00:00,0.0,18.2,65.0,0.0,11.4,552.0
2025-02-19 17:00:00,0.0,17.7,66.0,0.0,7.7,375.0
2025-02-19 18:00:00,0.0,16.9,68.0,0.0,6.2,174.0
2025-02-19 19:00:00,0.0,15.4,79.0,0.0,2.9,19.0
2025-02-19 20:00:00,0.0,14.4,86.0,0.0,1.1,0.0
2025-02-19 21:00:00,0.0,14.1,86.0,0.0,0.2,0.0
2025-02-19 22:00:00,0.0,13.6,87.0,0.0,2.5,0.0
2025-02-19 23:00:00,0.0,13.2,89.0,0.0,0.4,0.0
2025-02-20 00:00:00,0.0,12.4,90.0,0.0,1.1,0.0
2025-02-20 01:00:00,0.0,11.9,92.0,0.0,0.3,0.0
2025-02-20 02:00:00,0.0,11.4,93.0,0.0,0.8,0.0
2025-02-20 03:00:00,0.0,10.7,94.0,1.0,2.1,0.0
2025-02-20 04:00:00,0.0,10.2,91.0,0.0,2.7,0.0
2025-02-20 05:00:00,0.0,9.9,89.0,0.0,3.3,0.0
2025-02-20 06:00:00,0.0,9.7,82.0,39.0,4.4,0.0
2025-02-20 07:00:00,0.0,9.3,75.0,77.0,4.7,0.0
2025-02-20 08:00:00,0.0,10.0,65.0,80.0,4.0,14.0
2025-02-20 09:00:00,0.0,12.8,54.0,92.0,4.0,153.0
2025-02-20 10:00:00,0.0,15.9,50.0,91.0,0.5,350.0
2025-02-20 11:00:00,0.0,17.8,48.0,82.0,3.2,533.0
2025-02-20 12:00:00,0.0,19.3,45.0,49.0,4.9,657.0
2025-02-20 13:00:00,0.0,20.3,46.0,1.0,8.0,757.0
2025-02-20 14:00:00,0.0,20.2,48.0,0.0,10.1,763.0
2025-02-20 15:00:00,0.0,19.7,48.0,3.0,10.0,697.0
2025-02-20 16:00:00,0.0,19.2,49.0,0.0,9.8,568.0
2025-02-20 17:00:00,0.0,18.3,51.0,0.0,8.5,388.0
2025-02-20 18:00:00,0.0,15.3,84.0,2.0,5.9,182.0
2025-02-20 19:00:00,0.0,14.1,92.0,12.0,5.4,21.0
2025-02-20 20:00:00,0.0,13.8,92.0,11.0,5.2,0.0
2025-02-20 21:00:00,0.0,13.6,93.0,3.0,3.3,0.0
2025-02-20 22:00:00,0.0,12.8,96.0,1.0,1.7,0.0
2025-02-20 23:00:00,0.0,12.4,97.0,1.0,2.7,0.0
2025-02-21 00:00:00,0.0,12.3,98.0,11.0,3.5,0.0
2025-02-21 01:00:00,0.0,12.0,99.0,99.0,3.7,0.0
2025-02-21 02:00:00,0.0,12.1,100.0,99.0,3.1,0.0
2025-02-21 03:00:00,0.0,12.0,100.0,100.0,2.6,0.0
2025-02-21 04:00:00,0.0,11.9,100.0,100.0,1.8,0.0
2025-02-21 05:00:00,0.0,11.7,99.0,100.0,2.1,0.0
2025-02-21 06:00:00,0.0,11.5,99.0,100.0,1.0,0.0
2025-02-21 07:00:00,0.0,11.3,95.0,98.0,0.8,0.0
2025-02-21 08:00:00,0.0,11.6,84.0,91.0,6.4,11.0
2025-02-21 09:00:00,0.0,13.0,67.0,20.0,1.3,131.0
2025-02-21 10:00:00,0.0,15.5,59.0,14.0,1.3,359.0
2025-02-21 11:00:00,0.0,17.8,56.0,4.0,2.9,543.0
2025-02-21 12:00:00,0.0,19.4,56.0,2.0,6.1,688.0
2025-02-21 13:00:00,0.0,19.8,58.0,1.0,10.0,761.0
2025-02-21 14:00:00,0.0,19.2,58.0,2.0,11.7,764.0
2025-02-21 15:00:00,0.0,18.0,60.0,2.0,10.9,696.0
2025-02-21 16:00:00,0.0,17.5,63.0,10.0,7.9,568.0
2025-02-21 17:00:00,0.0,17.0,69.0,4.0,6.0,389.0
2025-02-21 18:00:00,0.0,15.8,85.0,10.0,3.6,181.0
2025-02-21 19:00:00,0.0,14.6,94.0,13.0,0.4,21.0
2025-02-21 20:00:00,0.0,14.2,95.0,15.0,0.7,0.0
2025-02-21 21:00:00,0.0,13.9,94.0,13.0,1.5,0.0
2025-02-21 22:00:00,0.0,13.8,90.0,0.0,2.2,0.0
2025-02-21 23:00:00,0.0,13.4,88.0,0.0,2.5,0.0
2025-02-22 00:00:00,0.0,12.8,89.0,0.0,2.3,0.0
2025-02-22 01:00:00,0.0,12.3,88.0,0.0,1.3,0.0
2025-02-22 02:00:00,0.0,11.7,86.0,0.0,2.0,0.0
2025-02-22 03:00:00,0.0,10.8,87.0,0.0,2.7,0.0
2025-02-22 04:00:00,0.0,10.4,87.0,0.0,1.0,0.0
2025-02-22 05:00:00,0.0,9.8,86.0,0.0,0.6,0.0
2025-02-22 06:00:00,0.0,9.4,89.0,7.0,1.4,0.0
2025-02-22 07:00:00,0.0,9.3,85.0,7.0,2.0,0.0
2025-02-22 08:00:00,0.0,10.0,78.0,4.0,3.2,17.0
2025-02-22 09:00:00,0.0,12.4,69.0,2.0,4.5,171.0
2025-02-22 10:00:00,0.0,16.1,57.0,0.0,2.7,380.0
2025-02-22 11:00:00,0.0,19.6,47.0,0.0,0.7,565.0
2025-02-22 12:00:00,0.0,21.6,45.0,0.0,3.6,701.0
2025-02-22 13:00:00,0.0,22.1,47.0,0.0,8.5,774.0
2025-02-22 14:00:00,0.0,21.3,52.0,0.0,12.1,777.0
2025-02-22 15:00:00,0.0,20.4,56.0,22.0,12.9,710.0
2025-02-22 16:00:00,0.0,20.3,52.0,29.0,10.6,580.0
2025-02-22 17:00:00,0.0,19.5,56.0,0.0,8.7,399.0
2025-02-22 18:00:00,0.0,18.6,57.0,88.0,4.6,192.0
2025-02-22 19:00:00,0.0,16.2,74.0,86.0,3.7,24.0
2025-02-22 20:00:00,0.0,15.6,74.0,38.0,2.6,0.0
2025-02-22 21:00:00,0.0,15.0,70.0,0.0,4.1,0.0
2025-02-22 22:00:00,0.0,14.5,66.0,2.0,3.9,0.0
2025-02-22 23:00:00,0.0,13.9,66.0,0.0,3.4,0.0
2025-02-23 00:00:00,0.0,13.3,65.0,0.0,2.9,0.0
2025-02-23 01:00:00,0.0,12.7,65.0,0.0,2.6,0.0
2025-02-23 02:00:00,0.0,11.8,69.0,0.0,2.9,0.0
2025-02-23 03:00:00,0.0,11.1,71.0,0.0,3.4,0.0
2025-02-23 04:00:00,0.0,10.8,67.0,0.0,4.6,0.0
2025-02-23 05:00:00,0.0,10.4,63.0,0.0,4.5,0.0
2025-02-23 06:00:00,0.0,9.7,60.0,0.0,3.7,0.0
2025-02-23 07:00:00,0.0,9.1,60.0,0.0,3.6,0.0
2025-02-23 08:00:00,0.0,9.8,55.0,0.0,4.9,19.0
2025-02-23 09:00:00,0.0,12.7,48.0,0.0,4.8,179.0
2025-02-23 10:00:00,0.0,16.6,46.0,0.0,2.3,389.0
2025-02-23 11:00:00,0.0,20.1,35.0,0.0,3.1,573.0
2025-02-23 12:00:00,0.0,22.0,32.0,0.0,5.7,708.0
2025-02-23 13:00:00,0.0,22.8,34.0,0.0,8.3,780.0
2025-02-23 14:00:00,0.0,23.0,36.0,0.0,10.1,784.0
2025-02-23 15:00:00,0.0,22.4,38.0,0.0,11.9,717.0
2025-02-23 16:00:00,0.0,21.2,44.0,0.0,10.2,587.0
2025-02-23 17:00:00,0.0,19.5,53.0,0.0,7.2,404.0
2025-02-23 18:00:00,0.0,18.4,59.0,0.0,4.1,194.0
2025-02-23 19:00:00,0.0,16.7,69.0,0.0,4.2,25.0
2025-02-23 20:00:00,0.0,15.3,78.0,0.0,2.0,0.0
2025-02-23 21:00:00,0.0,14.6,81.0,0.0,2.2,0.0
2025-02-23 22:00:00,0.0,14.0,85.0,0.0,3.3,0.0
2025-02-23 23:00:00,0.0,13.3,88.0,0.0,1.4,0.0
2025-02-24 00:00:00,0.0,13.0,88.0,17.0,0.4,0.0
2025-02-24 01:00:00,0.0,12.3,88.0,23.0,3.4,0.0
2025-02-24 02:00:00,0.0,12.1,82.0,25.0,2.4,0.0
2025-02-24 03:00:00,0.0,11.7,76.0,2.0,1.1,0.0
2025-02-24 04:00:00,0.0,11.4,71.0,0.0,1.1,0.0
2025-02-24 05:00:00,0.0,10.7,65.0,0.0,2.2,0.0
2025-02-24 06:00:00,0.0,10.0,66.0,0.0,1.9,0.0
2025-02-24 07:00:00,0.0,9.5,60.0,0.0,1.8,0.0
2025-02-24 08:00:00,0.0,10.4,50.0,0.0,1.5,20.0
2025-02-24 09:00:00,0.0,13.5,46.0,0.0,3.3,181.0
2025-02-24 10:00:00,0.0,17.1,38.0,0.0,1.4,388.0
2025-02-24 11:00:00,0.0,19.7,36.0,0.0,5.2,570.0
2025-02-24 12:00:00,0.0,21.0,37.0,0.0,8.0,702.0
2025-02-24 13:00:00,0.0,21.5,41.0,0.0,10.0,772.0
2025-02-24 14:00:00,0.0,21.6,44.0,0.0,11.1,772.0
2025-02-24 15:00:00,0.0,21.0,48.0,0.0,11.7,705.0
2025-02-24 16:00:00,0.0,20.9,50.0,0.0,9.1,576.0
2025-02-24 17:00:00,0.0,20.2,55.0,0.0,8.3,397.0
2025-02-24 18:00:00,0.0,17.6,68.0,0.0,10.5,193.0
2025-02-24 19:00:00,0.0,16.1,77.0,0.0,7.8,26.0
2025-02-24 20:00:00,0.0,15.6,79.0,0.0,6.9,0.0
2025-02-24 21:00:00,0.0,14.9,83.0,0.0,2.3,0.0
2025-02-24 22:00:00,0.0,14.4,84.0,0.0,2.2,0.0
2025-02-24 23:00:00,0.0,14.3,82.0,0.0,0.3,0.0
2025-02-25 00:00:00,0.0,13.5,88.0,0.0,2.4,0.0
2025-02-25 01:00:00,0.0,12.9,92.0,0.0,0.7,0.0
2025-02-25 02:00:00,0.0,12.6,93.0,0.0,0.8,0.0
2025-02-25 03:00:00,0.0,11.9,96.0,0.0,1.3,0.0
2025-02-25 04:00:00,0.0,11.7,95.0,0.0,3.1,0.0
2025-02-25 05:00:00,0.0,11.1,94.0,0.0,3.7,0.0
2025-02-25 06:00:00,0.0,10.3,91.0,24.0,4.0,0.0
2025-02-25 07:00:00,0.0,9.9,88.0,13.0,2.1,0.0
2025-02-25 08:00:00,0.0,11.0,81.0,7.0,3.6,21.0
2025-02-25 09:00:00,0.0,13.9,67.0,1.0,5.6,180.0
2025-02-25 10:00:00,0.0,17.4,58.0,0.0,3.1,388.0
2025-02-25 11:00:00,0.0,20.5,48.0,0.0,2.0,572.0
2025-02-25 12:00:00,0.0,21.3,49.0,0.0,7.6,705.0
2025-02-25 13:00:00,0.0,20.9,53.0,0.0,9.2,774.0
2025-02-25 14:00:00,0.0,20.8,53.0,0.0,10.1,776.0
2025-02-25 15:00:00,0.0,20.2,52.0,0.0,10.2,711.0
2025-02-25 16:00:00,0.0,19.9,57.0,0.0,8.9,583.0
2025-02-25 17:00:00,0.0,19.5,63.0,0.0,6.3,405.0
2025-02-25 18:00:00,0.0,18.5,57.0,0.0,5.6,198.0
2025-02-25 19:00:00,0.0,16.6,70.0,0.0,3.8,27.0
2025-02-25 20:00:00,0.0,15.5,78.0,0.0,2.6,0.0
2025-02-25 21:00:00,0.0,14.8,84.0,0.0,2.2,0.0
2025-02-25 22:00:00,0.0,14.4,84.0,0.0,0.9,0.0
2025-02-25 23:00:00,0.0,13.8,87.0,0.0,1.0,0.0
2025-02-26 00:00:00,0.0,13.2,90.0,0.0,1.4,0.0
2025-02-26 01:00:00,0.0,12.8,91.0,0.0,0.4,0.0
2025-02-26 02:00:00,0.0,12.2,92.0,0.0,1.5,0.0
2025-02-26 03:00:00,0.0,11.8,92.0,0.0,2.9,0.0
2025-02-26 04:00:00,0.0,10.9,92.0,0.0,2.6,0.0
2025-02-26 05:00:00,0.0,10.7,89.0,0.0,3.0,0.0
2025-02-26 06:00:00,0.0,9.8,86.0,0.0,2.6,0.0
2025-02-26 07:00:00,0.0,9.9,81.0,2.0,2.6,0.0
2025-02-26 08:00:00,0.0,11.1,74.0,2.0,4.2,24.0
2025-02-26 09:00:00,0.0,13.5,67.0,0.0,4.0,192.0
2025-02-26 10:00:00,0.0,16.7,61.0,0.0,1.7,404.0
2025-02-26 11:00:00,0.0,19.3,55.0,0.0,2.6,590.0
2025-02-26 12:00:00,0.0,20.7,53.0,0.0,6.6,725.0
2025-02-26 13:00:00,0.0,21.1,55.0,4.0,8.9,796.0
2025-02-26 14:00:00,0.0,21.3,56.0,8.0,9.6,796.0
2025-02-26 15:00:00,0.0,21.4,56.0,1.0,9.7,726.0
2025-02-26 16:00:00,0.0,21.3,56.0,0.0,9.4,594.0
2025-02-26 17:00:00,0.0,20.9,55.0,0.0,7.8,412.0
2025-02-26 18:00:00,0.0,20.6,51.0,0.0,5.8,204.0
2025-02-26 19:00:00,0.0,18.6,63.0,0.0,3.3,29.0
2025-02-26 20:00:00,0.0,17.7,63.0,0.0,3.0,0.0
2025-02-26 21:00:00,0.0,17.2,63.0,0.0,3.5,0.0
2025-02-26 22:00:00,0.0,16.7,66.0,0.0,3.9,0.0
2025-02-26 23:00:00,0.0,16.2,66.0,0.0,3.0,0.0
2025-02-27 00:00:00,0.0,15.7,57.0,0.0,3.2,0.0
2025-02-27 01:00:00,0.0,15.0,45.0,0.0,2.8,0.0
2025-02-27 02:00:00,0.0,14.2,39.0,0.0,2.7,0.0
2025-02-27 03:00:00,0.0,13.1,50.0,0.0,2.8,0.0
2025-02-27 04:00:00,0.0,12.5,59.0,59.0,1.7,0.0
2025-02-27 05:00:00,0.0,12.4,58.0,48.0,1.8,0.0
2025-02-27 06:00:00,0.0,11.2,68.0,90.0,5.2,0.0
2025-02-27 07:00:00,0.0,10.5,54.0,100.0,2.3,0.0
2025-02-27 08:00:00,0.0,11.9,61.0,87.0,6.8,23.0
2025-02-27 09:00:00,0.0,13.6,68.0,93.0,7.7,178.0
2025-02-27 10:00:00,0.0,18.6,43.0,100.0,8.3,412.0
2025-02-27 11:00:00,0.0,24.6,24.0,100.0,5.1,586.0
2025-02-27 12:00:00,0.0,28.0,8.0,100.0,2.2,670.0
2025-02-27 13:00:00,0.0,29.4,6.0,100.0,1.7,714.0
2025-02-27 14:00:00,0.0,28.5,11.0,100.0,3.4,656.0
2025-02-27 15:00:00,0.0,26.7,29.0,100.0,10.6,625.0
2025-02-27 16:00:00,0.0,26.1,34.0,97.0,12.5,543.0
2025-02-27 17:00:00,0.0,25.4,27.0,62.0,11.9,390.0
2025-02-27 18:00:00,0.0,23.3,24.0,0.0,12.5,214.0
2025-02-27 19:00:00,0.0,20.7,33.0,16.0,7.2,32.0
2025-02-27 20:00:00,0.0,19.5,44.0,58.0,2.2,0.0
2025-02-27 21:00:00,0.0,18.4,49.0,100.0,4.2,0.0
2025-02-27 22:00:00,0.0,19.1,36.0,100.0,6.1,0.0
2025-02-27 23:00:00,0.0,19.1,16.0,82.0,5.6,0.0
2025-02-28 00:00:00,0.0,17.7,18.0,61.0,4.1,0.0
2025-02-28 01:00:00,0.0,17.0,18.0,100.0,2.3,0.0
2025-02-28 02:00:00,0.0,17.2,19.0,59.0,6.8,0.0
2025-02-28 03:00:00,0.0,15.3,45.0,100.0,2.4,0.0
2025-02-28 04:00:00,0.0,14.6,63.0,100.0,1.8,0.0
2025-02-28 05:00:00,0.0,13.7,56.0,100.0,4.7,0.0
2025-02-28 06:00:00,0.0,13.6,93.0,100.0,8.8,0.0
2025-02-28 07:00:00,0.0,13.4,97.0,100.0,6.6,0.0
2025-02-28 08:00:00,0.0,13.3,96.0,100.0,6.9,15.0
2025-02-28 09:00:00,0.0,15.0,78.0,100.0,5.0,124.0
2025-02-28 10:00:00,0.0,17.3,60.0,88.0,4.7,312.0
2025-02-28 11:00:00,0.0,19.5,47.0,95.0,7.2,526.0
2025-02-28 12:00:00,0.0,20.0,48.0,46.0,10.7,547.0
2025-02-28 13:00:00,0.0,18.5,64.0,34.0,18.4,733.0
2025-02-28 14:00:00,0.0,17.4,72.0,35.0,15.7,788.0
2025-02-28 15:00:00,0.0,17.7,67.0,87.0,10.4,685.0
2025-02-28 16:00:00,0.0,17.3,66.0,34.0,7.6,396.0
2025-02-28 17:00:00,0.0,17.2,62.0,19.0,6.9,354.0
2025-02-28 18:00:00,0.0,16.3,72.0,21.0,4.7,178.0
2025-02-28 19:00:00,0.0,15.1,79.0,39.0,7.2,28.0
2025-02-28 20:00:00,0.0,14.2,84.0,23.0,5.2,0.0
2025-02-28 21:00:00,0.0,13.5,87.0,39.0,5.4,0.0
2025-02-28 22:00:00,0.0,13.1,91.0,27.0,2.8,0.0
2025-02-28 23:00:00,0.0,12.7,92.0,2.0,0.4,0.0
2025-03-01 00:00:00,0.0,12.4,92.0,18.0,0.6,0.0
2025-03-01 01:00:00,0.0,12.2,94.0,45.0,2.9,0.0
2025-03-01 02:00:00,0.0,12.3,94.0,97.0,2.7,0.0
2025-03-01 03:00:00,0.0,12.9,91.0,83.0,1.4,0.0
2025-03-01 04:00:00,0.0,12.5,93.0,30.0,0.9,0.0
2025-03-01 05:00:00,0.0,11.7,95.0,18.0,1.9,0.0
2025-03-01 06:00:00,0.0,12.7,87.0,100.0,4.9,0.0
2025-03-01 07:00:00,0.0,12.3,89.0,100.0,2.9,0.0
2025-03-01 08:00:00,0.0,12.6,87.0,100.0,1.5,11.0
2025-03-01 09:00:00,0.5,13.4,82.0,72.0,2.9,88.0
2025-03-01 10:00:00,0.0,14.9,71.0,86.0,7.0,355.0
2025-03-01 11:00:00,0.0,15.5,67.0,60.0,8.7,380.0
2025-03-01 12:00:00,0.1,15.9,66.0,96.0,13.3,575.0
2025-03-01 13:00:00,0.3,15.7,67.0,75.0,12.7,452.0
2025-03-01 14:00:00,0.0,16.3,63.0,4.0,11.7,544.0
2025-03-01 15:00:00,0.0,16.5,60.0,16.0,10.2,626.0
2025-03-01 16:00:00,0.0,16.4,62.0,10.0,9.9,571.0
2025-03-01 17:00:00,0.0,15.9,65.0,76.0,12.9,388.0
2025-03-01 18:00:00,0.0,14.4,73.0,54.0,11.1,135.0
2025-03-01 19:00:00,0.0,14.0,76.0,94.0,5.4,23.0
2025-03-01 20:00:00,0.0,13.7,78.0,18.0,8.0,0.0
2025-03-01 21:00:00,0.0,13.4,82.0,93.0,6.8,0.0
2025-03-01 22:00:00,0.0,13.3,83.0,62.0,4.8,0.0
2025-03-01 23:00:00,0.0,13.0,85.0,74.0,5.1,0.0
2025-03-02 00:00:00,0.0,13.1,84.0,39.0,6.7,0.0
2025-03-02 01:00:00,0.0,12.7,83.0,100.0,6.1,0.0
2025-03-02 02:00:00,0.0,13.0,80.0,100.0,7.8,0.0
2025-03-02 03:00:00,0.1,13.1,81.0,100.0,8.6,0.0
2025-03-02 04:00:00,0.2,13.1,83.0,100.0,6.6,0.0
2025-03-02 05:00:00,0.3,13.1,85.0,100.0,6.0,0.0
2025-03-02 06:00:00,0.0,13.5,76.0,95.0,4.2,0.0
2025-03-02 07:00:00,0.0,13.1,77.0,73.0,4.5,0.0
2025-03-02 08:00:00,0.0,13.0,80.0,53.0,5.8,29.0
2025-03-02 09:00:00,0.1,14.3,73.0,51.0,7.1,166.0
2025-03-02 10:00:00,0.2,15.3,65.0,93.0,10.3,300.0
2025-03-02 11:00:00,0.0,15.9,63.0,26.0,11.6,353.0
2025-03-02 12:00:00,0.0,17.0,57.0,51.0,11.0,609.0
2025-03-02 13:00:00,0.2,17.1,57.0,58.0,15.9,712.0
2025-03-02 14:00:00,0.1,16.5,60.0,70.0,19.0,643.0
2025-03-02 15:00:00,0.0,16.4,51.0,31.0,20.5,665.0
2025-03-02 16:00:00,0.0,15.8,55.0,10.0,19.0,590.0
2025-03-02 17:00:00,0.0,15.2,57.0,14.0,15.7,424.0
2025-03-02 18:00:00,0.0,14.4,62.0,13.0,13.0,213.0
2025-03-02 19:00:00,0.1,13.6,64.0,63.0,13.4,32.0
2025-03-02 20:00:00,0.0,13.7,58.0,61.0,17.3,0.0
2025-03-02 21:00:00,0.3,12.7,66.0,28.0,15.4,0.0
2025-03-02 22:00:00,0.0,12.3,69.0,49.0,16.2,0.0
2025-03-02 23:00:00,0.4,11.9,73.0,55.0,15.3,0.0
2025-03-03 00:00:00,0.2,12.4,69.0,29.0,15.7,0.0
2025-03-03 01:00:00,0.2,12.1,70.0,43.0,18.8,0.0
2025-03-03 02:00:00,0.1,12.3,71.0,36.0,18.0,0.0
2025-03-03 03:00:00,0.2,12.3,72.0,17.0,20.5,0.0
2025-03-03 04:00:00,0.0,12.2,70.0,39.0,22.4,0.0
2025-03-03 05:00:00,0.0,12.0,66.0,51.0,23.9,0.0
2025-03-03 06:00:00,0.0,12.2,63.0,17.0,25.1,0.0
2025-03-03 07:00:00,0.0,12.3,53.0,48.0,23.1,0.0
2025-03-03 08:00:00,0.3,12.0,55.0,44.0,22.4,24.0
2025-03-03 09:00:00,0.0,13.2,52.0,61.0,24.6,140.0
2025-03-03 10:00:00,0.0,13.5,55.0,47.0,23.9,268.0
2025-03-03 11:00:00,0.2,14.2,50.0,21.0,24.8,476.0
2025-03-03 12:00:00,0.4,14.7,51.0,25.0,21.3,648.0
2025-03-03 13:00:00,0.2,15.1,53.0,31.0,18.9,686.0
2025-03-03 14:00:00,0.0,15.1,54.0,11.0,15.8,718.0
2025-03-03 15:00:00,0.0,15.4,53.0,19.0,15.7,739.0
2025-03-03 16:00:00,0.0,15.1,51.0,33.0,14.8,540.0
2025-03-03 17:00:00,0.0,14.8,52.0,22.0,12.1,355.0
2025-03-03 18:00:00,0.0,13.7,60.0,18.0,7.8,198.0
2025-03-03 19:00:00,0.0,13.1,63.0,19.0,2.8,33.0
2025-03-03 20:00:00,0.0,12.8,69.0,1.0,0.4,0.0
2025-03-03 21:00:00,0.0,11.9,71.0,51.0,2.8,0.0
2025-03-03 22:00:00,0.0,11.8,71.0,31.0,4.6,0.0
2025-03-03 23:00:00,0.0,11.4,72.0,25.0,7.7,0.0
2025-03-04 00:00:00,0.0,10.7,72.0,5.0,11.5,0.0
2025-03-04 01:00:00,0.0,10.3,71.0,29.0,11.5,0.0
2025-03-04 02:00:00,0.0,10.3,70.0,33.0,11.4,0.0
2025-03-04 03:00:00,0.0,10.2,71.0,32.0,9.5,0.0
2025-03-04 04:00:00,0.0,10.0,72.0,25.0,10.4,0.0
2025-03-04 05:00:00,0.0,9.8,73.0,22.0,10.9,0.0
2025-03-04 06:00:00,0.0,9.8,72.0,26.0,9.6,0.0
2025-03-04 07:00:00,0.0,9.6,73.0,9.0,8.2,0.0
2025-03-04 08:00:00,0.0,9.9,72.0,3.0,7.9,31.0
2025-03-04 09:00:00,0.0,12.2,64.0,0.0,6.2,204.0
2025-03-04 10:00:00,0.0,14.2,59.0,3.0,4.8,414.0
2025-03-04 11:00:00,0.0,15.6,54.0,13.0,1.8,593.0
2025-03-04 12:00:00,0.0,17.1,49.0,5.0,1.8,725.0
2025-03-04 13:00:00,0.0,18.0,47.0,61.0,7.6,802.0
2025-03-04 14:00:00,0.0,17.3,53.0,67.0,12.9,803.0
2025-03-04 15:00:00,0.0,16.8,57.0,74.0,12.3,730.0
2025-03-04 16:00:00,0.0,16.6,58.0,96.0,11.0,598.0
2025-03-04 17:00:00,0.0,16.0,61.0,97.0,10.1,410.0
2025-03-04 18:00:00,0.0,14.8,67.0,100.0,9.8,188.0
2025-03-04 19:00:00,0.0,14.2,69.0,100.0,8.3,31.0
2025-03-04 20:00:00,0.0,13.9,71.0,100.0,3.1,0.0
2025-03-04 21:00:00,0.0,13.4,76.0,99.0,1.1,0.0
2025-03-04 22:00:00,0.0,13.0,76.0,26.0,1.8,0.0
2025-03-04 23:00:00,0.0,12.6,79.0,25.0,2.2,0.0
2025-03-05 00:00:00,0.0,12.4,79.0,1.0,3.5,0.0
2025-03-05 01:00:00,0.0,11.9,82.0,4.0,4.4,0.0
2025-03-05 02:00:00,0.0,11.0,87.0,0.0,1.9,0.0
2025-03-05 03:00:00,0.0,10.3,90.0,0.0,1.7,0.0
2025-03-05 04:00:00,0.0,9.7,93.0,84.0,3.0,0.0
2025-03-05 05:00:00,0.0,9.3,94.0,100.0,2.1,0.0
2025-03-05 06:00:00,0.0,9.5,94.0,100.0,1.9,0.0
2025-03-05 07:00:00,0.0,9.3,94.0,100.0,0.8,0.0
2025-03-05 08:00:00,0.0,10.2,89.0,100.0,2.3,28.0
2025-03-05 09:00:00,0.0,12.3,80.0,100.0,3.1,158.0
2025-03-05 10:00:00,0.0,14.0,70.0,100.0,2.7,315.0
2025-03-05 11:00:00,0.0,15.5,61.0,100.0,0.9,418.0
2025-03-05 12:00:00,0.0,16.4,58.0,100.0,7.1,492.0
2025-03-05 13:00:00,0.0,16.5,60.0,100.0,10.6,661.0
2025-03-05 14:00:00,0.0,16.1,63.0,100.0,6.7,480.0
2025-03-05 15:00:00,1.0,14.9,73.0,100.0,8.6,286.0
2025-03-05 16:00:00,0.0,14.8,71.0,100.0,7.2,247.0
2025-03-05 17:00:00,0.1,14.3,77.0,100.0,9.7,140.0
2025-03-05 18:00:00,0.1,13.5,74.0,100.0,5.4,41.0
2025-03-05 19:00:00,0.7,13.3,78.0,100.0,3.7,4.0
2025-03-05 20:00:00,0.7,13.1,82.0,100.0,5.7,0.0
2025-03-05 21:00:00,1.9,12.7,92.0,100.0,5.9,0.0
2025-03-05 22:00:00,0.6,12.7,92.0,100.0,6.9,0.0
2025-03-05 23:00:00,0.9,12.4,92.0,100.0,11.4,0.0
2025-03-06 00:00:00,0.2,12.7,92.0,100.0,10.1,0.0
2025-03-06 01:00:00,0.4,12.4,90.0,94.0,23.3,0.0
2025-03-06 02:00:00,0.0,12.6,84.0,15.0,17.5,0.0
2025-03-06 03:00:00,0.0,12.2,84.0,19.0,17.0,0.0
2025-03-06 04:00:00,0.3,11.7,82.0,16.0,16.8,0.0
2025-03-06 05:00:00,0.0,11.6,79.0,8.0,14.5,0.0
2025-03-06 06:00:00,0.0,11.2,73.0,29.0,15.2,0.0
2025-03-06 07:00:00,0.0,11.2,69.0,49.0,11.4,0.0
2025-03-06 08:00:00,0.0,11.2,73.0,63.0,11.6,26.0
2025-03-06 09:00:00,0.1,12.3,68.0,41.0,12.5,115.0
2025-03-06 10:00:00,0.1,13.1,63.0,34.0,15.7,357.0
2025-03-06 11:00:00,0.1,13.8,59.0,30.0,18.0,552.0
2025-03-06 12:00:00,0.0,14.3,57.0,38.0,19.1,692.0
2025-03-06 13:00:00,0.0,14.4,56.0,52.0,19.5,715.0
2025-03-06 14:00:00,0.0,14.4,56.0,100.0,18.3,727.0
2025-03-06 15:00:00,0.0,13.6,58.0,100.0,18.4,365.0
2025-03-06 16:00:00,0.1,12.6,63.0,100.0,17.4,139.0
2025-03-06 17:00:00,0.7,11.7,71.0,100.0,13.3,59.0
2025-03-06 18:00:00,0.7,11.5,72.0,100.0,12.2,47.0
2025-03-06 19:00:00,1.8,10.9,82.0,100.0,12.1,4.0
2025-03-06 20:00:00,2.0,10.6,90.0,100.0,12.3,0.0
2025-03-06 21:00:00,4.1,10.7,89.0,95.0,21.4,0.0
2025-03-06 22:00:00,2.1,11.3,89.0,82.0,15.8,0.0
2025-03-06 23:00:00,0.8,7.9,85.0,100.0,30.1,0.0
2025-03-07 00:00:00,1.1,8.2,85.0,99.0,20.0,0.0
2025-03-07 01:00:00,0.0,9.0,83.0,66.0,12.1,0.0
2025-03-07 02:00:00,0.0,9.2,82.0,44.0,7.8,0.0
2025-03-07 03:00:00,0.7,7.8,90.0,66.0,2.8,0.0
2025-03-07 04:00:00,0.8,7.5,92.0,67.0,5.9,0.0
2025-03-07 05:00:00,0.1,6.9,94.0,39.0,9.3,0.0
2025-03-07 06:00:00,0.0,7.8,92.0,45.0,6.3,0.0
2025-03-07 07:00:00,0.0,7.5,93.0,21.0,10.1,0.0
2025-03-07 08:00:00,0.0,8.1,90.0,8.0,10.1,37.0
2025-03-07 09:00:00,0.0,9.9,85.0,9.0,7.0,216.0
2025-03-07 10:00:00,0.0,11.8,79.0,14.0,6.2,419.0
2025-03-07 11:00:00,0.2,13.3,66.0,24.0,6.3,595.0
2025-03-07 12:00:00,0.1,13.9,63.0,21.0,7.8,669.0
2025-03-07 13:00:00,0.0,14.3,65.0,21.0,9.5,767.0
2025-03-07 14:00:00,0.0,14.5,63.0,14.0,10.7,794.0
2025-03-07 15:00:00,0.0,14.6,62.0,8.0,10.7,718.0
2025-03-07 16:00:00,0.0,14.6,61.0,20.0,10.9,593.0
2025-03-07 17:00:00,0.0,14.1,64.0,26.0,9.6,415.0
2025-03-07 18:00:00,0.0,13.6,59.0,13.0,7.1,226.0
2025-03-07 19:00:00,0.0,12.2,75.0,0.0,2.0,40.0
2025-03-07 20:00:00,0.0,11.7,76.0,2.0,0.9,0.0
2025-03-07 21:00:00,0.0,11.0,79.0,1.0,4.6,0.0
2025-03-07 22:00:00,0.0,10.2,81.0,0.0,5.1,0.0
2025-03-07 23:00:00,0.0,9.6,80.0,0.0,4.5,0.0
2025-03-08 00:00:00,0.0,9.2,78.0,0.0,5.4,0.0
2025-03-08 01:00:00,0.0,8.7,78.0,0.0,5.9,0.0
2025-03-08 02:00:00,0.0,8.2,79.0,2.0,5.5,0.0
2025-03-08 03:00:00,0.0,7.7,81.0,2.0,5.7,0.0
2025-03-08 04:00:00,0.0,7.2,82.0,0.0,6.1,0.0
2025-03-08 05:00:00,0.0,7.0,81.0,3.0,6.2,0.0
2025-03-08 06:00:00,0.0,7.3,84.0,4.0,5.9,0.0
2025-03-08 07:00:00,0.0,7.1,83.0,3.0,5.7,0.0
2025-03-08 08:00:00,0.0,7.8,80.0,2.0,5.8,45.0
2025-03-08 09:00:00,0.0,10.5,77.0,0.0,4.0,235.0
2025-03-08 10:00:00,0.0,13.2,63.0,0.0,1.8,450.0
2025-03-08 11:00:00,0.0,15.0,56.0,0.0,0.8,635.0
2025-03-08 12:00:00,0.0,16.3,54.0,0.0,2.3,769.0
2025-03-08 13:00:00,0.0,17.1,53.0,0.0,5.2,838.0
2025-03-08 14:00:00,0.0,17.4,54.0,0.0,7.7,837.0
2025-03-08 15:00:00,0.0,17.1,55.0,0.0,9.9,767.0
2025-03-08 16:00:00,0.0,16.7,57.0,0.0,9.9,633.0
2025-03-08 17:00:00,0.0,15.9,59.0,0.0,10.1,448.0
2025-03-08 18:00:00,0.0,15.1,61.0,0.0,8.8,232.0
2025-03-08 19:00:00,0.0,13.6,73.0,0.0,5.7,43.0
2025-03-08 20:00:00,0.0,12.6,80.0,0.0,3.7,0.0
2025-03-08 21:00:00,0.0,11.8,82.0,0.0,3.7,0.0
2025-03-08 22:00:00,0.0,11.3,81.0,0.0,3.6,0.0
2025-03-08 23:00:00,0.0,10.9,82.0,0.0,3.7,0.0
2025-03-09 00:00:00,0.0,10.3,83.0,0.0,4.1,0.0
2025-03-09 01:00:00,0.0,9.7,85.0,0.0,4.7,0.0
2025-03-09 02:00:00,0.0,9.2,84.0,0.0,5.2,0.0
2025-03-09 03:00:00,0.0,8.5,85.0,0.0,4.8,0.0
2025-03-09 04:00:00,0.0,7.9,85.0,0.0,6.0,0.0
2025-03-09 05:00:00,0.0,7.2,85.0,0.0,5.5,0.0
2025-03-09 06:00:00,0.0,7.3,82.0,0.0,5.1,0.0
2025-03-09 07:00:00,0.0,6.9,81.0,0.0,5.2,0.0
2025-03-09 08:00:00,0.0,7.7,76.0,0.0,5.3,49.0
2025-03-09 09:00:00,0.0,11.1,68.0,0.0,3.4,246.0
2025-03-09 10:00:00,0.0,15.2,57.0,0.0,1.4,465.0
2025-03-09 11:00:00,0.0,17.9,46.0,0.0,3.5,654.0
2025-03-09 12:00:00,0.0,19.6,42.0,0.0,5.5,788.0
2025-03-09 13:00:00,0.0,19.7,42.0,0.0,8.5,852.0
2025-03-09 14:00:00,0.0,19.1,41.0,0.0,9.2,846.0
2025-03-09 15:00:00,0.0,18.3,41.0,0.0,8.7,775.0
2025-03-09 16:00:00,0.0,17.7,41.0,0.0,6.5,640.0
2025-03-09 17:00:00,0.0,17.3,42.0,0.0,3.4,454.0
2025-03-09 18:00:00,0.0,17.2,34.0,0.0,3.1,240.0
2025-03-09 19:00:00,0.0,14.9,55.0,0.0,2.6,46.0
2025-03-09 20:00:00,0.0,13.8,66.0,0.0,3.2,0.0
2025-03-09 21:00:00,0.0,13.1,74.0,0.0,3.6,0.0
2025-03-09 22:00:00,0.0,12.4,80.0,0.0,3.1,0.0
2025-03-09 23:00:00,0.0,11.9,83.0,0.0,2.2,0.0
2025-03-10 00:00:00,0.0,11.2,84.0,0.0,3.1,0.0
2025-03-10 01:00:00,0.0,10.6,82.0,0.0,3.5,0.0
2025-03-10 02:00:00,0.0,9.7,82.0,0.0,4.4,0.0
2025-03-10 03:00:00,0.0,9.1,81.0,0.0,4.8,0.0
2025-03-10 04:00:00,0.0,8.5,78.0,0.0,6.0,0.0
2025-03-10 05:00:00,0.0,8.1,76.0,0.0,5.1,0.0
2025-03-10 06:00:00,0.0,7.6,76.0,0.0,5.5,0.0
2025-03-10 07:00:00,0.0,7.1,76.0,0.0,5.4,0.0
2025-03-10 08:00:00,0.0,8.0,70.0,0.0,5.8,53.0
2025-03-10 09:00:00,0.0,11.6,57.0,0.0,3.6,251.0
2025-03-10 10:00:00,0.0,16.2,42.0,0.0,1.7,470.0
2025-03-10 11:00:00,0.0,18.9,33.0,0.0,3.6,657.0
2025-03-10 12:00:00,0.0,19.9,30.0,0.0,8.1,791.0
2025-03-10 13:00:00,0.0,19.2,33.0,0.0,10.9,859.0
2025-03-10 14:00:00,0.0,18.9,35.0,23.0,10.1,857.0
2025-03-10 15:00:00,0.0,18.6,37.0,100.0,10.1,785.0
2025-03-10 16:00:00,0.0,17.7,41.0,100.0,9.1,596.0
2025-03-10 17:00:00,0.0,16.7,48.0,100.0,7.5,440.0
2025-03-10 18:00:00,0.0,16.2,57.0,100.0,7.4,237.0
2025-03-10 19:00:00,0.0,14.9,67.0,100.0,5.4,42.0
2025-03-10 20:00:00,0.0,14.3,72.0,100.0,3.6,0.0
2025-03-10 21:00:00,0.0,13.8,76.0,100.0,2.2,0.0
2025-03-10 22:00:00,0.0,13.5,79.0,99.0,2.8,0.0
2025-03-10 23:00:00,0.0,13.2,77.0,100.0,5.1,0.0
2025-03-11 00:00:00,0.0,12.9,80.0,100.0,4.1,0.0
2025-03-11 01:00:00,0.0,12.6,81.0,100.0,8.0,0.0
2025-03-11 02:00:00,0.0,12.6,76.0,93.0,8.8,0.0
2025-03-11 03:00:00,0.0,12.1,71.0,100.0,9.3,0.0
2025-03-11 04:00:00,0.1,11.6,68.0,99.0,15.7,0.0
2025-03-11 05:00:00,1.1,10.4,72.0,85.0,9.7,0.0
2025-03-11 06:00:00,0.0,12.2,62.0,62.0,8.1,0.0
2025-03-11 07:00:00,0.6,11.5,63.0,93.0,8.1,0.0
2025-03-11 08:00:00,0.0,10.7,67.0,100.0,9.6,26.0
2025-03-11 09:00:00,0.0,12.5,62.0,100.0,10.4,84.0
2025-03-11 10:00:00,0.8,13.6,60.0,99.0,5.7,199.0
2025-03-11 11:00:00,0.4,14.4,66.0,100.0,5.3,324.0
2025-03-11 12:00:00,1.6,14.6,70.0,100.0,7.4,236.0
2025-03-11 13:00:00,2.0,13.8,87.0,100.0,5.9,124.0
2025-03-11 14:00:00,0.8,14.5,86.0,100.0,13.2,188.0
2025-03-11 15:00:00,1.7,14.8,77.0,100.0,16.6,256.0
2025-03-11 16:00:00,1.4,14.8,82.0,99.0,15.2,224.0
2025-03-11 17:00:00,4.9,14.3,91.0,100.0,17.8,122.0
2025-03-11 18:00:00,7.0,13.5,96.0,100.0,10.8,21.0
2025-03-11 19:00:00,4.0,13.3,93.0,96.0,11.5,3.0
2025-03-11 20:00:00,0.6,13.2,90.0,86.0,13.4,0.0
2025-03-11 21:00:00,0.1,13.2,90.0,30.0,10.1,0.0
2025-03-11 22:00:00,0.0,12.6,91.0,42.0,6.2,0.0
2025-03-11 23:00:00,0.2,12.3,92.0,83.0,4.8,0.0
2025-03-12 00:00:00,0.3,12.7,92.0,100.0,8.0,0.0
2025-03-12 01:00:00,0.4,13.3,91.0,95.0,12.5,0.0
2025-03-12 02:00:00,0.3,13.3,94.0,97.0,13.7,0.0
2025-03-12 03:00:00,0.1,13.2,95.0,100.0,14.5,0.0
2025-03-12 04:00:00,0.2,13.3,94.0,100.0,13.5,0.0
2025-03-12 05:00:00,0.1,13.2,94.0,86.0,12.2,0.0
2025-03-12 06:00:00,0.1,13.7,94.0,98.0,9.8,0.0
2025-03-12 07:00:00,0.1,13.6,93.0,100.0,10.6,0.0
2025-03-12 08:00:00,0.0,14.1,91.0,100.0,11.4,25.0
2025-03-12 09:00:00,0.2,15.0,87.0,64.0,10.4,116.0
2025-03-12 10:00:00,0.2,15.5,82.0,67.0,18.6,293.0
2025-03-12 11:00:00,0.5,15.8,81.0,83.0,20.4,428.0
2025-03-12 12:00:00,0.1,15.7,83.0,86.0,19.4,510.0
2025-03-12 13:00:00,0.1,15.9,81.0,88.0,15.3,446.0
2025-03-12 14:00:00,0.1,15.9,81.0,40.0,12.1,431.0
2025-03-12 15:00:00,0.1,16.6,77.0,8.0,13.8,665.0
2025-03-12 16:00:00,0.1,15.9,81.0,23.0,14.4,597.0
2025-03-12 17:00:00,0.2,15.4,82.0,16.0,12.3,387.0
2025-03-12 18:00:00,0.2,14.1,86.0,80.0,13.2,187.0
2025-03-12 19:00:00,0.1,13.7,88.0,30.0,10.6,30.0
2025-03-12 20:00:00,0.0,13.2,91.0,27.0,9.9,0.0
2025-03-12 21:00:00,0.0,12.9,91.0,21.0,9.8,0.0
2025-03-12 22:00:00,0.1,12.7,91.0,32.0,11.3,0.0
2025-03-12 23:00:00,0.1,12.6,90.0,74.0,14.0,0.0
2025-03-13 00:00:00,0.4,12.3,92.0,97.0,14.5,0.0
2025-03-13 01:00:00,0.2,12.7,91.0,83.0,17.2,0.0
2025-03-13 02:00:00,0.1,12.8,89.0,94.0,18.1,0.0
2025-03-13 03:00:00,0.1,13.0,88.0,100.0,18.4,0.0
2025-03-13 04:00:00,0.4,13.0,88.0,100.0,19.9,0.0
2025-03-13 05:00:00,2.1,12.8,94.0,100.0,24.9,0.0
2025-03-13 06:00:00,5.4,13.1,93.0,100.0,28.0,0.0
2025-03-13 07:00:00,5.4,10.3,91.0,100.0,15.7,0.0
2025-03-13 08:00:00,1.6,10.4,93.0,100.0,9.8,4.0
2025-03-13 09:00:00,1.4,10.5,92.0,100.0,7.9,25.0
2025-03-13 10:00:00,1.7,10.5,90.0,100.0,6.0,85.0
2025-03-13 11:00:00,2.2,10.8,85.0,82.0,8.7,163.0
2025-03-13 12:00:00,2.4,11.0,81.0,50.0,17.6,511.0
2025-03-13 13:00:00,0.2,12.8,68.0,81.0,20.4,639.0
2025-03-13 14:00:00,2.8,12.6,67.0,51.0,20.4,474.0
2025-03-13 15:00:00,1.6,12.5,64.0,55.0,24.4,675.0
2025-03-13 16:00:00,0.9,12.1,63.0,24.0,24.5,602.0
2025-03-13 17:00:00,0.0,12.3,66.0,6.0,22.5,385.0
2025-03-13 18:00:00,0.0,12.0,65.0,9.0,19.7,212.0
2025-03-13 19:00:00,0.0,11.5,64.0,12.0,17.8,47.0
2025-03-13 20:00:00,0.0,11.5,62.0,28.0,17.1,0.0
2025-03-13 21:00:00,0.0,11.4,65.0,28.0,16.7,0.0
2025-03-13 22:00:00,0.0,11.2,68.0,12.0,16.7,0.0
2025-03-13 23:00:00,0.0,11.1,68.0,44.0,16.9,0.0
2025-03-14 00:00:00,0.0,11.2,68.0,83.0,17.2,0.0
2025-03-14 01:00:00,0.0,11.2,69.0,100.0,17.0,0.0
2025-03-14 02:00:00,0.0,11.3,68.0,98.0,16.9,0.0
2025-03-14 03:00:00,0.0,11.0,69.0,99.0,15.4,0.0
2025-03-14 04:00:00,0.0,10.9,72.0,100.0,14.9,0.0
2025-03-14 05:00:00,0.0,11.0,73.0,96.0,14.7,0.0
2025-03-14 06:00:00,0.0,10.8,71.0,58.0,11.1,0.0
2025-03-14 07:00:00,0.0,10.7,70.0,100.0,9.3,0.0
2025-03-14 08:00:00,0.0,11.2,70.0,99.0,7.7,20.0
2025-03-14 09:00:00,0.0,12.2,65.0,100.0,7.8,126.0
2025-03-14 10:00:00,0.0,12.2,65.0,100.0,6.5,91.0
2025-03-14 11:00:00,0.0,12.4,64.0,100.0,6.1,158.0
2025-03-14 12:00:00,0.4,12.1,69.0,100.0,6.3,136.0
2025-03-14 13:00:00,0.4,11.9,73.0,100.0,6.0,138.0
2025-03-14 14:00:00,0.4,12.0,76.0,100.0,10.2,151.0
2025-03-14 15:00:00,0.5,12.2,78.0,100.0,11.5,152.0
2025-03-14 16:00:00,0.9,12.5,81.0,100.0,14.2,145.0
2025-03-14 17:00:00,0.7,12.2,86.0,100.0,15.5,74.0
2025-03-14 18:00:00,0.6,11.9,86.0,100.0,15.7,46.0
2025-03-14 19:00:00,1.8,12.2,90.0,100.0,23.5,9.0
2025-03-14 20:00:00,1.6,12.9,94.0,100.0,14.5,0.0
2025-03-14 21:00:00,0.0,13.7,96.0,100.0,14.6,0.0
2025-03-14 22:00:00,0.1,13.7,95.0,100.0,16.1,0.0
2025-03-14 23:00:00,0.0,12.9,94.0,64.0,14.4,0.0
2025-03-15 00:00:00,0.0,12.5,93.0,8.0,14.3,0.0
2025-03-15 01:00:00,0.0,12.0,90.0,40.0,14.2,0.0
2025-03-15 02:00:00,0.0,11.8,88.0,40.0,14.0,0.0
2025-03-15 03:00:00,0.0,11.6,88.0,39.0,14.2,0.0
2025-03-15 04:00:00,0.0,11.5,88.0,59.0,13.9,0.0
2025-03-15 05:00:00,0.0,11.5,87.0,61.0,12.4,0.0
2025-03-15 06:00:00,0.0,10.7,88.0,31.0,5.2,0.0
2025-03-15 07:00:00,0.0,10.0,87.0,33.0,1.5,0.0
2025-03-15 08:00:00,0.0,11.1,85.0,51.0,1.6,56.0
2025-03-15 09:00:00,0.0,12.4,82.0,17.0,4.1,211.0
2025-03-15 10:00:00,0.0,13.8,74.0,18.0,3.5,462.0
2025-03-15 11:00:00,0.0,14.9,64.0,41.0,4.0,632.0
2025-03-15 12:00:00,0.0,15.7,59.0,70.0,5.3,688.0
2025-03-15 13:00:00,0.0,15.9,61.0,2.0,7.2,758.0
2025-03-15 14:00:00,0.0,15.9,64.0,1.0,8.3,852.0
2025-03-15 15:00:00,0.0,16.0,62.0,0.0,7.8,778.0
2025-03-15 16:00:00,0.0,15.8,60.0,0.0,7.8,643.0
2025-03-15 17:00:00,0.0,15.2,59.0,0.0,8.7,460.0
2025-03-15 18:00:00,0.0,14.2,65.0,0.0,10.2,249.0
2025-03-15 19:00:00,0.0,12.9,74.0,0.0,8.9,54.0
2025-03-15 20:00:00,0.0,12.4,79.0,0.0,7.0,0.0
2025-03-15 21:00:00,0.0,11.8,83.0,0.0,4.5,0.0
2025-03-15 22:00:00,0.0,10.8,87.0,0.0,3.7,0.0
2025-03-15 23:00:00,0.0,10.2,89.0,0.0,3.7,0.0
2025-03-16 00:00:00,0.0,9.7,88.0,76.0,1.7,0.0
2025-03-16 01:00:00,0.0,9.2,88.0,35.0,1.2,0.0
2025-03-16 02:00:00,0.0,8.5,90.0,0.0,2.6,0.0
2025-03-16 03:00:00,0.0,8.0,90.0,0.0,3.1,0.0
2025-03-16 04:00:00,0.0,7.9,89.0,0.0,4.4,0.0
2025-03-16 05:00:00,0.0,7.3,90.0,0.0,3.9,0.0
2025-03-16 06:00:00,0.0,7.4,89.0,10.0,1.9,0.0
2025-03-16 07:00:00,0.0,7.3,89.0,95.0,2.5,0.0
2025-03-16 08:00:00,0.0,8.8,86.0,99.0,5.6,69.0
2025-03-16 09:00:00,0.0,11.6,80.0,100.0,4.1,233.0
2025-03-16 10:00:00,0.0,13.8,70.0,100.0,3.0,416.0
2025-03-16 11:00:00,0.0,15.5,65.0,100.0,2.8,651.0
2025-03-16 12:00:00,0.0,16.6,65.0,100.0,5.8,770.0
2025-03-16 13:00:00,0.0,16.7,67.0,100.0,8.8,800.0
2025-03-16 14:00:00,0.0,16.3,69.0,99.0,9.7,801.0
2025-03-16 15:00:00,0.0,16.1,70.0,99.0,8.0,718.0
2025-03-16 16:00:00,0.0,16.0,71.0,99.0,7.1,620.0
2025-03-16 17:00:00,0.0,15.4,74.0,94.0,6.9,438.0
2025-03-16 18:00:00,0.0,15.1,73.0,98.0,4.7,232.0
2025-03-16 19:00:00,0.0,13.4,84.0,100.0,3.4,50.0
2025-03-16 20:00:00,0.0,12.3,88.0,100.0,1.8,0.0
2025-03-16 21:00:00,0.0,11.9,89.0,97.0,2.3,0.0
2025-03-16 22:00:00,0.0,11.6,89.0,100.0,1.9,0.0
2025-03-16 23:00:00,0.0,11.6,89.0,100.0,1.9,0.0
2025-03-17 00:00:00,0.0,11.3,91.0,100.0,1.1,0.0
2025-03-17 01:00:00,0.0,10.8,94.0,100.0,2.6,0.0
2025-03-17 02:00:00,0.0,10.6,95.0,100.0,3.0,0.0
2025-03-17 03:00:00,0.0,9.9,98.0,100.0,2.6,0.0
2025-03-17 04:00:00,0.0,9.8,97.0,100.0,0.2,0.0
2025-03-17 05:00:00,0.0,9.5,98.0,100.0,0.9,0.0
2025-03-17 06:00:00,0.0,10.2,94.0,100.0,2.8,0.0
2025-03-17 07:00:00,0.0,10.2,94.0,100.0,2.2,0.0
2025-03-17 08:00:00,0.0,11.5,93.0,100.0,4.3,46.0
2025-03-17 09:00:00,0.0,12.8,91.0,100.0,4.1,152.0
2025-03-17 10:00:00,0.0,14.1,81.0,98.0,3.9,319.0
2025-03-17 11:00:00,0.0,15.2,78.0,97.0,4.7,593.0
2025-03-17 12:00:00,0.0,15.9,74.0,93.0,5.9,738.0
2025-03-17 13:00:00,0.0,16.0,72.0,100.0,9.2,736.0
2025-03-17 14:00:00,0.0,15.8,72.0,74.0,9.9,743.0
2025-03-17 15:00:00,0.0,16.3,70.0,0.0,9.4,774.0
2025-03-17 16:00:00,0.0,16.1,73.0,1.0,10.3,645.0
2025-03-17 17:00:00,0.0,15.6,77.0,45.0,8.6,458.0
2025-03-17 18:00:00,0.0,14.5,80.0,95.0,8.1,250.0
2025-03-17 19:00:00,0.2,14.1,85.0,100.0,6.0,27.0
2025-03-17 20:00:00,0.3,13.9,89.0,100.0,15.3,0.0
2025-03-17 21:00:00,0.0,13.7,83.0,71.0,14.3,0.0
2025-03-17 22:00:00,0.0,13.2,80.0,0.0,19.4,0.0
2025-03-17 23:00:00,0.0,12.6,83.0,0.0,18.5,0.0
2025-03-18 00:00:00,0.0,12.3,80.0,0.0,17.2,0.0
2025-03-18 01:00:00,0.0,12.0,79.0,1.0,17.2,0.0
2025-03-18 02:00:00,0.0,11.7,79.0,1.0,16.7,0.0
2025-03-18 03:00:00,0.0,11.4,81.0,3.0,16.1,0.0
2025-03-18 04:00:00,0.0,11.3,81.0,15.0,15.9,0.0
2025-03-18 05:00:00,0.0,11.2,80.0,36.0,19.4,0.0
2025-03-18 06:00:00,0.0,11.4,76.0,57.0,15.7,0.0
2025-03-18 07:00:00,0.0,11.2,75.0,26.0,12.5,0.0
2025-03-18 08:00:00,0.0,11.6,77.0,26.0,6.7,68.0
2025-03-18 09:00:00,0.0,12.8,73.0,3.0,5.0,256.0
2025-03-18 10:00:00,0.0,14.0,66.0,0.0,5.4,496.0
2025-03-18 11:00:00,0.0,14.7,59.0,0.0,8.8,680.0
2025-03-18 12:00:00,0.0,15.2,54.0,0.0,11.5,814.0
2025-03-18 13:00:00,0.0,15.6,51.0,0.0,13.1,882.0
2025-03-18 14:00:00,0.0,15.7,54.0,0.0,13.2,878.0
2025-03-18 15:00:00,0.0,15.8,55.0,0.0,12.1,801.0
2025-03-18 16:00:00,0.0,15.8,55.0,0.0,10.7,665.0
2025-03-18 17:00:00,0.0,15.4,58.0,0.0,10.3,478.0
2025-03-18 18:00:00,0.0,15.0,57.0,0.0,10.9,258.0
2025-03-18 19:00:00,0.0,13.8,66.0,0.0,7.0,59.0
2025-03-18 20:00:00,0.0,13.1,72.0,0.0,6.8,0.0
2025-03-18 21:00:00,0.0,12.5,78.0,0.0,5.9,0.0
2025-03-18 22:00:00,0.0,11.7,83.0,0.0,4.3,0.0
2025-03-18 23:00:00,0.0,10.9,85.0,0.0,3.4,0.0
2025-03-19 00:00:00,0.0,10.1,86.0,0.0,3.5,0.0
2025-03-19 01:00:00,0.0,9.5,87.0,0.0,3.7,0.0
2025-03-19 02:00:00,0.0,9.1,88.0,0.0,3.6,0.0
2025-03-19 03:00:00,0.0,8.9,88.0,0.0,4.8,0.0
2025-03-19 04:00:00,0.0,8.6,88.0,0.0,5.1,0.0
2025-03-19 05:00:00,0.0,8.2,87.0,0.0,5.5,0.0
2025-03-19 06:00:00,0.0,8.9,84.0,27.0,4.4,0.0
2025-03-19 07:00:00,0.0,8.7,82.0,26.0,3.9,0.0
2025-03-19 08:00:00,0.0,10.3,75.0,6.0,5.3,80.0
2025-03-19 09:00:00,0.0,13.3,73.0,0.0,5.2,288.0
2025-03-19 10:00:00,0.0,16.6,59.0,0.0,4.0,506.0
2025-03-19 11:00:00,0.0,18.9,49.0,0.0,6.3,689.0
2025-03-19 12:00:00,0.0,19.9,47.0,0.0,9.4,817.0
2025-03-19 13:00:00,0.0,20.5,48.0,0.0,10.9,879.0
2025-03-19 14:00:00,0.0,20.9,48.0,0.0,11.5,872.0
2025-03-19 15:00:00,0.0,21.3,47.0,0.0,10.1,797.0
2025-03-19 16:00:00,0.0,21.2,50.0,0.0,9.6,663.0
2025-03-19 17:00:00,0.0,20.5,53.0,0.0,10.7,477.0
2025-03-19 18:00:00,0.0,20.6,43.0,0.0,10.7,261.0
2025-03-19 19:00:00,0.0,18.7,42.0,1.0,9.4,61.0
2025-03-19 20:00:00,0.0,17.2,44.0,0.0,8.7,0.0
2025-03-19 21:00:00,0.0,16.0,53.0,2.0,5.7,0.0
2025-03-19 22:00:00,0.0,14.9,60.0,0.0,3.9,0.0
2025-03-19 23:00:00,0.0,14.1,64.0,13.0,4.0,0.0
2025-03-20 00:00:00,0.0,12.7,72.0,0.0,2.6,0.0
2025-03-20 01:00:00,0.0,11.4,79.0,49.0,2.4,0.0
2025-03-20 02:00:00,0.0,10.4,81.0,69.0,2.7,0.0
2025-03-20 03:00:00,0.0,9.9,80.0,43.0,2.7,0.0
2025-03-20 04:00:00,0.0,9.3,80.0,46.0,3.1,0.0
2025-03-20 05:00:00,0.0,8.8,78.0,8.0,3.2,0.0
2025-03-20 06:00:00,0.0,8.7,78.0,0.0,1.5,0.0
2025-03-20 07:00:00,0.0,7.6,84.0,0.0,1.4,0.0
2025-03-20 08:00:00,0.0,9.4,81.0,0.0,3.8,86.0
2025-03-20 09:00:00,0.0,13.4,60.0,0.0,1.1,297.0
2025-03-20 10:00:00,0.0,15.8,53.0,0.0,1.5,512.0
2025-03-20 11:00:00,0.0,17.8,49.0,0.0,4.6,695.0
2025-03-20 12:00:00,0.0,18.6,53.0,0.0,9.0,827.0
2025-03-20 13:00:00,0.0,18.4,58.0,0.0,10.1,891.0
2025-03-20 14:00:00,0.0,18.6,55.0,0.0,9.7,888.0
2025-03-20 15:00:00,0.0,18.7,50.0,0.0,9.4,818.0
2025-03-20 16:00:00,0.0,18.2,51.0,0.0,8.5,681.0
2025-03-20 17:00:00,0.0,17.1,58.0,0.0,7.6,491.0
2025-03-20 18:00:00,0.0,15.3,71.0,0.0,8.3,269.0
2025-03-20 19:00:00,0.0,13.7,77.0,45.0,5.8,64.0
2025-03-20 20:00:00,0.0,12.8,83.0,23.0,1.6,0.0
2025-03-20 21:00:00,0.0,12.5,80.0,0.0,0.3,0.0
2025-03-20 22:00:00,0.0,11.9,84.0,0.0,0.5,0.0
2025-03-20 23:00:00,0.0,11.5,85.0,1.0,0.3,0.0
2025-03-21 00:00:00,0.0,10.8,87.0,0.0,0.7,0.0
2025-03-21 01:00:00,0.0,9.9,90.0,1.0,3.2,0.0
2025-03-21 02:00:00,0.0,9.3,92.0,17.0,2.7,0.0
2025-03-21 03:00:00,0.0,9.0,92.0,7.0,2.4,0.0
2025-03-21 04:00:00,0.0,8.9,90.0,0.0,1.5,0.0
2025-03-21 05:00:00,0.0,8.6,90.0,0.0,2.4,0.0
2025-03-21 06:00:00,0.0,8.3,92.0,0.0,2.3,0.0
2025-03-21 07:00:00,0.0,8.3,90.0,0.0,1.8,0.0
2025-03-21 08:00:00,0.0,10.3,84.0,0.0,2.5,88.0
2025-03-21 09:00:00,0.0,13.4,77.0,0.0,1.2,297.0
2025-03-21 10:00:00,0.0,15.9,65.0,4.0,3.4,512.0
2025-03-21 11:00:00,0.0,17.9,53.0,5.0,4.6,693.0
2025-03-21 12:00:00,0.0,19.1,49.0,1.0,6.6,822.0
2025-03-21 13:00:00,0.0,19.6,49.0,18.0,8.2,888.0
2025-03-21 14:00:00,0.0,19.2,52.0,20.0,9.9,882.0
2025-03-21 15:00:00,0.0,18.3,59.0,28.0,9.8,807.0
2025-03-21 16:00:00,0.0,17.7,65.0,13.0,8.9,668.0
2025-03-21 17:00:00,0.0,17.0,67.0,10.0,7.6,481.0
2025-03-21 18:00:00,0.0,16.3,67.0,4.0,5.9,266.0
2025-03-21 19:00:00,0.0,15.0,80.0,0.0,2.1,65.0
2025-03-21 20:00:00,0.0,14.2,86.0,0.0,0.6,0.0
2025-03-21 21:00:00,0.0,13.6,87.0,0.0,1.0,0.0
2025-03-21 22:00:00,0.0,13.1,91.0,0.0,2.8,0.0
2025-03-21 23:00:00,0.0,12.8,89.0,0.0,1.2,0.0
2025-03-22 00:00:00,0.0,12.1,90.0,0.0,3.4,0.0
2025-03-22 01:00:00,0.0,11.7,89.0,0.0,2.8,0.0
2025-03-22 02:00:00,0.0,11.1,91.0,0.0,2.2,0.0
2025-03-22 03:00:00,0.0,10.4,93.0,2.0,2.3,0.0
2025-03-22 04:00:00,0.0,9.9,93.0,0.0,3.1,0.0
2025-03-22 05:00:00,0.0,9.8,91.0,11.0,3.4,0.0
2025-03-22 06:00:00,0.0,9.8,85.0,0.0,2.4,0.0
2025-03-22 07:00:00,0.0,9.7,82.0,0.0,2.9,1.0
2025-03-22 08:00:00,0.0,11.9,77.0,1.0,5.3,90.0
2025-03-22 09:00:00,0.0,14.0,81.0,0.0,4.2,296.0
2025-03-22 10:00:00,0.0,16.4,71.0,0.0,4.0,508.0
2025-03-22 11:00:00,0.0,18.6,61.0,0.0,4.5,688.0
2025-03-22 12:00:00,0.0,19.6,56.0,0.0,8.2,816.0
2025-03-22 13:00:00,0.0,19.3,56.0,0.0,10.9,879.0
2025-03-22 14:00:00,0.0,18.9,55.0,0.0,11.0,874.0
2025-03-22 15:00:00,0.0,18.4,59.0,2.0,10.1,800.0
2025-03-22 16:00:00,0.0,17.9,63.0,2.0,8.8,663.0
2025-03-22 17:00:00,0.0,17.3,66.0,1.0,7.4,477.0
2025-03-22 18:00:00,0.0,15.8,70.0,2.0,8.2,264.0
2025-03-22 19:00:00,0.0,14.4,80.0,4.0,5.5,65.0
2025-03-22 20:00:00,0.0,13.8,85.0,0.0,3.0,0.0
2025-03-22 21:00:00,0.0,13.3,89.0,1.0,2.1,0.0
2025-03-22 22:00:00,0.0,13.0,89.0,90.0,2.8,0.0
2025-03-22 23:00:00,0.0,12.9,89.0,86.0,3.7,0.0
2025-03-23 00:00:00,0.0,12.7,91.0,0.0,4.4,0.0
2025-03-23 01:00:00,0.0,12.3,93.0,7.0,3.9,0.0
2025-03-23 02:00:00,0.0,11.9,94.0,7.0,3.6,0.0
2025-03-23 03:00:00,0.0,11.4,95.0,10.0,3.2,0.0
2025-03-23 04:00:00,0.0,11.1,96.0,7.0,3.8,0.0
2025-03-23 05:00:00,0.0,10.7,96.0,5.0,3.4,0.0
2025-03-23 06:00:00,0.0,12.1,94.0,100.0,5.0,0.0
2025-03-23 07:00:00,0.0,12.1,95.0,100.0,3.3,0.0
2025-03-23 08:00:00,0.0,12.9,92.0,61.0,3.3,47.0
2025-03-23 09:00:00,0.0,14.0,83.0,61.0,3.2,221.0
2025-03-23 10:00:00,0.0,15.7,75.0,50.0,1.1,427.0
2025-03-23 11:00:00,0.0,17.4,67.0,10.0,5.1,651.0
2025-03-23 12:00:00,0.0,18.1,66.0,3.0,8.7,801.0
2025-03-23 13:00:00,0.0,18.2,67.0,0.0,10.4,870.0
2025-03-23 14:00:00,0.0,17.9,66.0,0.0,10.8,864.0
2025-03-23 15:00:00,0.0,17.9,65.0,1.0,9.4,790.0
2025-03-23 16:00:00,0.0,17.7,68.0,2.0,8.2,655.0
2025-03-23 17:00:00,0.0,17.5,70.0,1.0,6.5,470.0
2025-03-23 18:00:00,0.0,16.0,79.0,0.0,6.3,261.0
2025-03-23 19:00:00,0.0,15.0,86.0,0.0,5.9,65.0
2025-03-23 20:00:00,0.0,14.4,90.0,0.0,4.3,0.0
2025-03-23 21:00:00,0.0,14.0,92.0,0.0,2.3,0.0
2025-03-23 22:00:00,0.0,13.6,95.0,0.0,2.2,0.0
2025-03-23 23:00:00,0.0,13.2,95.0,0.0,1.7,0.0
2025-03-24 00:00:00,0.0,12.8,95.0,0.0,1.5,0.0
2025-03-24 01:00:00,0.0,12.5,96.0,3.0,1.1,0.0
2025-03-24 02:00:00,0.0,12.0,98.0,21.0,1.3,0.0
2025-03-24 03:00:00,0.0,11.4,100.0,100.0,2.6,0.0
2025-03-24 04:00:00,0.0,11.5,99.0,97.0,4.5,0.0
2025-03-24 05:00:00,0.0,11.3,100.0,97.0,5.9,0.0
2025-03-24 06:00:00,0.0,11.4,99.0,95.0,5.6,0.0
2025-03-24 07:00:00,0.0,11.4,97.0,86.0,4.0,1.0
2025-03-24 08:00:00,0.0,12.5,91.0,55.0,1.9,79.0
2025-03-24 09:00:00,0.0,15.1,80.0,1.0,1.9,288.0
2025-03-24 10:00:00,0.0,18.3,67.0,0.0,4.4,513.0
2025-03-24 11:00:00,0.0,21.1,58.0,0.0,6.0,699.0
2025-03-24 12:00:00,0.0,22.2,58.0,0.0,9.4,829.0
2025-03-24 13:00:00,0.0,21.7,62.0,0.0,11.7,892.0
2025-03-24 14:00:00,0.0,20.1,66.0,1.0,12.3,886.0
2025-03-24 15:00:00,0.0,19.2,69.0,0.0,11.0,808.0
2025-03-24 16:00:00,0.0,18.5,71.0,0.0,8.1,669.0
2025-03-24 17:00:00,0.0,18.3,73.0,0.0,5.6,481.0
2025-03-24 18:00:00,0.0,16.9,78.0,3.0,2.6,260.0
2025-03-24 19:00:00,0.0,16.2,82.0,1.0,2.8,68.0
2025-03-24 20:00:00,0.0,15.5,89.0,0.0,0.8,0.0
2025-03-24 21:00:00,0.0,15.3,89.0,0.0,2.6,0.0
2025-03-24 22:00:00,0.0,15.2,89.0,0.0,3.6,0.0
2025-03-24 23:00:00,0.0,14.8,90.0,0.0,4.2,0.0
2025-03-25 00:00:00,0.0,14.5,91.0,0.0,6.9,0.0
2025-03-25 01:00:00,0.0,14.7,91.0,0.0,5.9,0.0
2025-03-25 02:00:00,0.0,14.5,92.0,0.0,5.2,0.0
2025-03-25 03:00:00,0.0,13.8,92.0,0.0,3.6,0.0
2025-03-25 04:00:00,0.0,13.9,94.0,0.0,6.9,0.0
2025-03-25 05:00:00,0.0,13.2,97.0,29.0,4.6,0.0
2025-03-25 06:00:00,0.0,12.4,98.0,100.0,1.1,0.0
2025-03-25 07:00:00,0.0,13.6,96.0,100.0,2.8,1.0
2025-03-25 08:00:00,0.0,14.0,94.0,100.0,4.6,44.0
2025-03-25 09:00:00,0.0,14.4,93.0,100.0,4.3,134.0
2025-03-25 10:00:00,0.0,16.1,83.0,96.0,4.3,361.0
2025-03-25 11:00:00,0.0,18.1,76.0,63.0,6.1,600.0
2025-03-25 12:00:00,0.0,19.4,72.0,14.0,7.0,805.0
2025-03-25 13:00:00,0.0,20.2,70.0,3.0,8.2,882.0
2025-03-25 14:00:00,0.0,19.8,70.0,4.0,10.5,885.0
2025-03-25 15:00:00,0.0,18.9,72.0,8.0,11.2,809.0
2025-03-25 16:00:00,0.0,18.3,74.0,3.0,11.2,670.0
2025-03-25 17:00:00,0.0,17.4,78.0,1.0,10.1,483.0
2025-03-25 18:00:00,0.0,15.2,81.0,0.0,9.6,271.0
2025-03-25 19:00:00,0.0,14.1,86.0,0.0,6.3,70.0
2025-03-25 20:00:00,0.0,13.9,89.0,7.0,2.8,0.0
2025-03-25 21:00:00,0.0,13.6,91.0,71.0,2.1,0.0
2025-03-25 22:00:00,0.0,13.4,92.0,84.0,1.1,0.0
2025-03-25 23:00:00,0.0,13.2,93.0,100.0,1.3,0.0
2025-03-26 00:00:00,0.0,13.6,91.0,100.0,1.3,0.0
2025-03-26 01:00:00,0.0,13.5,90.0,100.0,2.2,0.0
2025-03-26 02:00:00,0.0,13.4,91.0,100.0,3.1,0.0
2025-03-26 03:00:00,0.0,13.3,92.0,100.0,3.2,0.0
2025-03-26 04:00:00,0.0,13.2,91.0,100.0,2.3,0.0
2025-03-26 05:00:00,0.0,13.2,89.0,100.0,3.8,0.0
2025-03-26 06:00:00,0.1,13.1,90.0,100.0,3.4,0.0
2025-03-26 07:00:00,0.0,13.1,90.0,100.0,2.9,1.0
2025-03-26 08:00:00,0.0,13.6,87.0,83.0,2.2,60.0
2025-03-26 09:00:00,0.0,14.5,81.0,78.0,1.7,187.0
2025-03-26 10:00:00,0.0,15.7,75.0,100.0,3.4,353.0
2025-03-26 11:00:00,0.0,16.4,71.0,100.0,5.0,406.0
2025-03-26 12:00:00,0.0,16.2,73.0,100.0,8.4,412.0
2025-03-26 13:00:00,0.0,16.5,73.0,99.0,7.4,544.0
2025-03-26 14:00:00,0.0,16.5,74.0,100.0,7.2,508.0
2025-03-26 15:00:00,0.1,16.5,74.0,100.0,7.2,480.0
2025-03-26 16:00:00,0.0,16.8,72.0,86.0,3.3,396.0
2025-03-26 17:00:00,0.0,16.9,71.0,94.0,7.8,364.0
2025-03-26 18:00:00,0.0,15.0,77.0,100.0,8.5,107.0
2025-03-26 19:00:00,0.0,14.5,77.0,81.0,7.1,35.0
2025-03-26 20:00:00,0.0,14.2,76.0,50.0,6.7,0.0
2025-03-26 21:00:00,0.0,13.6,79.0,45.0,5.8,0.0
2025-03-26 22:00:00,0.0,13.2,83.0,43.0,4.1,0.0
2025-03-26 23:00:00,0.0,13.1,85.0,56.0,4.9,0.0
2025-03-27 00:00:00,0.0,12.9,88.0,97.0,3.9,0.0
2025-03-27 01:00:00,0.0,12.9,88.0,100.0,5.5,0.0
2025-03-27 02:00:00,0.0,12.8,90.0,100.0,3.1,0.0
2025-03-27 03:00:00,0.0,12.6,90.0,100.0,5.4,0.0
2025-03-27 04:00:00,0.0,12.7,89.0,100.0,4.2,0.0
2025-03-27 05:00:00,0.0,12.7,89.0,100.0,4.1,0.0
2025-03-27 06:00:00,0.0,13.3,87.0,89.0,2.3,0.0
2025-03-27 07:00:00,0.0,13.2,87.0,99.0,2.3,2.0
2025-03-27 08:00:00,0.0,13.8,85.0,92.0,3.1,64.0
2025-03-27 09:00:00,0.0,15.0,79.0,99.0,5.2,175.0
2025-03-27 10:00:00,0.0,15.8,72.0,93.0,7.5,272.0
2025-03-27 11:00:00,0.0,16.6,70.0,95.0,9.6,428.0
2025-03-27 12:00:00,0.0,17.9,65.0,22.0,11.3,634.0
2025-03-27 13:00:00,0.0,18.0,63.0,100.0,13.1,837.0
2025-03-27 14:00:00,0.0,18.0,59.0,94.0,13.8,868.0
2025-03-27 15:00:00,0.0,18.1,59.0,15.0,11.9,785.0
2025-03-27 16:00:00,0.0,18.1,61.0,9.0,10.7,666.0
2025-03-27 17:00:00,0.0,17.4,66.0,2.0,11.9,483.0
2025-03-27 18:00:00,0.0,16.0,74.0,50.0,9.7,269.0
2025-03-27 19:00:00,0.0,15.0,79.0,70.0,6.1,70.0
2025-03-27 20:00:00,0.0,14.8,81.0,100.0,2.8,0.0
2025-03-27 21:00:00,0.0,14.9,81.0,100.0,2.3,0.0
2025-03-27 22:00:00,0.0,14.9,83.0,92.0,0.4,0.0
2025-03-27 23:00:00,0.0,14.5,87.0,100.0,0.9,0.0
2025-03-28 00:00:00,0.0,14.4,87.0,100.0,0.6,0.0
2025-03-28 01:00:00,0.0,14.3,87.0,100.0,1.3,0.0
2025-03-28 02:00:00,0.0,14.1,89.0,100.0,0.7,0.0
2025-03-28 03:00:00,0.0,14.0,92.0,100.0,7.0,0.0
2025-03-28 04:00:00,0.0,13.9,93.0,100.0,8.8,0.0
2025-03-28 05:00:00,0.0,13.4,94.0,100.0,9.9,0.0
2025-03-28 06:00:00,0.0,13.3,90.0,21.0,4.1,0.0
2025-03-28 07:00:00,0.0,12.7,91.0,7.0,3.9,3.0
2025-03-28 08:00:00,0.0,14.5,83.0,26.0,5.3,108.0
2025-03-28 09:00:00,0.0,15.8,72.0,30.0,6.3,293.0
2025-03-28 10:00:00,0.0,16.8,66.0,14.0,7.7,485.0
2025-03-28 11:00:00,0.0,17.6,60.0,7.0,9.3,653.0
2025-03-28 12:00:00,0.0,17.8,59.0,67.0,13.2,826.0
2025-03-28 13:00:00,0.1,17.6,61.0,49.0,14.7,777.0
2025-03-28 14:00:00,0.1,17.2,64.0,81.0,14.4,669.0
2025-03-28 15:00:00,0.1,17.0,64.0,75.0,13.0,536.0
2025-03-28 16:00:00,0.0,16.9,65.0,48.0,12.6,495.0
2025-03-28 17:00:00,0.0,16.5,66.0,94.0,12.3,375.0
2025-03-28 18:00:00,0.1,15.4,72.0,100.0,11.9,200.0
2025-03-28 19:00:00,0.1,14.8,75.0,99.0,9.9,68.0
2025-03-28 20:00:00,0.0,14.3,78.0,100.0,8.8,0.0
2025-03-28 21:00:00,0.0,14.1,81.0,100.0,7.2,0.0
2025-03-28 22:00:00,0.0,14.0,85.0,100.0,6.6,0.0
2025-03-28 23:00:00,0.0,13.9,86.0,100.0,5.2,0.0
2025-03-29 00:00:00,0.0,13.8,87.0,85.0,5.6,0.0
2025-03-29 01:00:00,0.0,13.1,89.0,45.0,6.9,0.0
2025-03-29 02:00:00,0.0,12.8,90.0,50.0,7.0,0.0
2025-03-29 03:00:00,0.0,12.6,91.0,41.0,6.2,0.0
2025-03-29 04:00:00,0.0,12.4,90.0,41.0,5.5,0.0
2025-03-29 05:00:00,0.0,12.3,90.0,38.0,6.2,0.0
2025-03-29 06:00:00,0.0,12.3,85.0,89.0,4.9,0.0
2025-03-29 07:00:00,0.0,12.0,84.0,56.0,3.4,3.0
2025-03-29 08:00:00,0.0,13.5,75.0,100.0,4.8,108.0
2025-03-29 09:00:00,0.0,14.7,67.0,79.0,7.1,253.0
2025-03-29 10:00:00,0.0,15.8,61.0,82.0,7.0,387.0
2025-03-29 11:00:00,0.0,16.7,56.0,65.0,8.3,488.0
2025-03-29 12:00:00,0.0,18.0,51.0,33.0,10.0,756.0
2025-03-29 13:00:00,0.0,18.1,53.0,39.0,12.9,862.0
2025-03-29 14:00:00,0.0,18.0,53.0,96.0,14.1,886.0
2025-03-29 15:00:00,0.0,17.8,52.0,39.0,11.9,811.0
2025-03-29 16:00:00,0.0,17.5,55.0,10.0,10.6,690.0
2025-03-29 17:00:00,0.0,16.6,63.0,34.0,10.9,502.0
2025-03-29 18:00:00,0.0,15.4,71.0,97.0,12.1,278.0
2025-03-29 19:00:00,0.0,14.7,76.0,91.0,10.0,52.0
2025-03-29 20:00:00,0.0,14.5,78.0,52.0,8.3,0.0
2025-03-29 21:00:00,0.0,14.1,80.0,55.0,7.8,0.0
2025-03-29 22:00:00,0.0,13.7,81.0,31.0,5.6,0.0
2025-03-29 23:00:00,0.0,13.3,81.0,35.0,3.6,0.0
2025-03-30 00:00:00,0.0,12.3,87.0,44.0,2.1,0.0
2025-03-30 01:00:00,0.0,12.0,86.0,30.0,2.7,0.0
2025-03-30 02:00:00,0.0,11.7,88.0,54.0,2.0,0.0
2025-03-30 03:00:00,0.0,11.6,88.0,72.0,0.2,0.0
2025-03-30 04:00:00,0.0,11.2,89.0,66.0,0.9,0.0
2025-03-30 05:00:00,0.0,10.9,89.0,48.0,0.9,0.0
2025-03-30 06:00:00,0.0,10.8,88.0,57.0,1.9,0.0
2025-03-30 07:00:00,0.0,10.9,87.0,18.0,2.1,4.0
2025-03-30 08:00:00,0.0,12.6,77.0,90.0,3.1,111.0
2025-03-30 09:00:00,0.0,14.0,67.0,100.0,3.8,204.0
2025-03-30 10:00:00,0.0,15.4,55.0,100.0,2.9,375.0
2025-03-30 11:00:00,0.0,17.0,48.0,38.0,4.8,669.0
2025-03-30 12:00:00,0.0,17.7,48.0,31.0,7.7,804.0
2025-03-30 13:00:00,0.0,18.1,48.0,15.0,11.6,892.0
2025-03-30 14:00:00,0.0,18.1,50.0,15.0,11.9,861.0
2025-03-30 15:00:00,0.0,18.3,47.0,3.0,10.9,778.0
2025-03-30 16:00:00,0.0,17.9,47.0,1.0,12.1,646.0
2025-03-30 17:00:00,0.0,17.4,47.0,2.0,12.0,485.0
2025-03-30 18:00:00,0.0,16.3,58.0,100.0,10.0,221.0
2025-03-30 19:00:00,0.0,15.6,64.0,100.0,7.7,29.0
2025-03-30 20:00:00,0.0,15.4,65.0,100.0,5.1,0.0
2025-03-30 21:00:00,0.0,15.2,67.0,100.0,4.5,0.0
2025-03-30 22:00:00,0.0,15.2,68.0,100.0,3.3,0.0
2025-03-30 23:00:00,0.0,15.2,69.0,100.0,3.5,0.0
2025-03-31 00:00:00,0.0,15.1,69.0,100.0,4.2,0.0
2025-03-31 01:00:00,0.1,14.7,73.0,100.0,4.6,0.0
2025-03-31 02:00:00,0.1,14.3,76.0,100.0,5.0,0.0
2025-03-31 03:00:00,0.3,14.2,77.0,100.0,5.7,0.0
2025-03-31 04:00:00,0.2,14.2,77.0,100.0,4.6,0.0
2025-03-31 05:00:00,0.1,14.2,78.0,100.0,3.5,0.0
2025-03-31 06:00:00,0.0,14.3,77.0,100.0,1.9,0.0
2025-03-31 07:00:00,0.0,14.1,78.0,100.0,4.2,1.0
2025-03-31 08:00:00,0.3,14.4,79.0,100.0,2.5,31.0
2025-03-31 09:00:00,0.4,14.6,82.0,100.0,2.5,57.0
2025-03-31 10:00:00,0.3,15.1,84.0,100.0,5.8,121.0
2025-03-31 11:00:00,0.0,16.3,83.0,100.0,10.3,263.0
2025-03-31 12:00:00,0.2,16.3,85.0,100.0,12.8,195.0
2025-03-31 13:00:00,0.2,16.5,86.0,100.0,13.3,235.0
2025-03-31 14:00:00,0.5,15.9,91.0,100.0,12.3,120.0
2025-03-31 15:00:00,0.2,16.6,89.0,100.0,13.3,304.0
2025-03-31 16:00:00,0.1,16.2,92.0,100.0,12.0,175.0
2025-03-31 17:00:00,0.2,15.7,95.0,100.0,10.8,64.0
2025-03-31 18:00:00,0.0,15.6,93.0,91.0,11.1,107.0
2025-03-31 19:00:00,0.0,15.2,91.0,73.0,11.7,46.0
2025-03-31 20:00:00,0.0,14.5,93.0,100.0,8.5,0.0
2025-03-31 21:00:00,0.1,14.8,91.0,95.0,8.9,0.0
2025-03-31 22:00:00,0.1,14.5,91.0,100.0,8.9,0.0
2025-03-31 23:00:00,0.0,14.4,91.0,91.0,12.6,0.0
2025-04-01 00:00:00,0.0,13.6,92.0,11.0,11.1,0.0
2025-04-01 01:00:00,0.0,13.3,92.0,23.0,8.3,0.0
2025-04-01 02:00:00,0.0,13.2,91.0,33.0,9.1,0.0
2025-04-01 03:00:00,0.0,12.9,91.0,14.0,7.5,0.0
2025-04-01 04:00:00,0.0,12.6,91.0,73.0,5.9,0.0
2025-04-01 05:00:00,0.0,12.6,91.0,47.0,10.5,0.0
2025-04-01 06:00:00,0.0,12.8,87.0,51.0,15.3,0.0
2025-04-01 07:00:00,0.0,12.8,86.0,8.0,14.5,5.0
2025-04-01 08:00:00,0.0,13.6,78.0,41.0,15.7,126.0
2025-04-01 09:00:00,0.0,14.4,72.0,86.0,15.6,313.0
2025-04-01 10:00:00,0.0,15.2,67.0,100.0,19.8,532.0
2025-04-01 11:00:00,0.0,15.5,62.0,93.0,22.5,634.0
2025-04-01 12:00:00,0.0,15.6,60.0,99.0,22.6,745.0
2025-04-01 13:00:00,0.0,15.7,58.0,96.0,21.6,762.0
2025-04-01 14:00:00,0.0,15.4,58.0,85.0,21.3,716.0
2025-04-01 15:00:00,0.0,15.4,56.0,91.0,24.7,814.0
2025-04-01 16:00:00,0.3,14.9,58.0,88.0,22.7,589.0
2025-04-01 17:00:00,0.2,14.4,60.0,74.0,20.3,368.0
2025-04-01 18:00:00,0.0,14.4,60.0,65.0,13.2,191.0
2025-04-01 19:00:00,0.1,13.5,69.0,87.0,14.9,60.0
2025-04-01 20:00:00,0.1,13.0,74.0,29.0,14.4,0.0
2025-04-01 21:00:00,0.0,13.0,72.0,100.0,16.3,0.0
2025-04-01 22:00:00,0.0,13.1,70.0,100.0,17.2,0.0
2025-04-01 23:00:00,0.0,13.0,69.0,100.0,17.7,0.0
2025-04-02 00:00:00,0.0,13.0,68.0,100.0,19.6,0.0
2025-04-02 01:00:00,0.0,12.8,68.0,100.0,19.9,0.0
2025-04-02 02:00:00,0.0,12.8,70.0,49.0,21.5,0.0
2025-04-02 03:00:00,0.0,12.5,70.0,31.0,21.7,0.0
2025-04-02 04:00:00,0.0,12.3,72.0,25.0,21.4,0.0
2025-04-02 05:00:00,0.0,12.0,73.0,27.0,23.7,0.0
2025-04-02 06:00:00,0.0,12.3,66.0,10.0,21.5,0.0
2025-04-02 07:00:00,0.0,12.2,65.0,18.0,22.1,6.0
2025-04-02 08:00:00,0.0,13.0,59.0,21.0,21.8,124.0
2025-04-02 09:00:00,0.0,13.6,56.0,17.0,23.5,316.0
2025-04-02 10:00:00,0.0,14.3,55.0,20.0,21.5,531.0
2025-04-02 11:00:00,0.2,14.6,55.0,25.0,21.0,672.0
2025-04-02 12:00:00,0.2,14.9,55.0,29.0,20.2,742.0
2025-04-02 13:00:00,0.0,15.1,53.0,37.0,19.6,778.0
2025-04-02 14:00:00,0.0,15.3,52.0,26.0,19.6,797.0
2025-04-02 15:00:00,0.0,15.2,51.0,49.0,17.7,752.0
2025-04-02 16:00:00,0.0,14.8,53.0,28.0,16.0,590.0
2025-04-02 17:00:00,0.0,14.6,53.0,40.0,14.1,468.0
2025-04-02 18:00:00,0.0,14.0,49.0,73.0,10.3,285.0
2025-04-02 19:00:00,0.0,13.4,57.0,85.0,8.2,62.0
2025-04-02 20:00:00,0.0,13.5,59.0,57.0,7.0,0.0
2025-04-02 21:00:00,0.0,13.0,65.0,31.0,4.7,0.0
2025-04-02 22:00:00,0.1,12.6,69.0,52.0,4.2,0.0
2025-04-02 23:00:00,0.0,12.1,71.0,73.0,5.8,0.0
2025-04-03 00:00:00,0.1,11.1,83.0,81.0,2.2,0.0
2025-04-03 01:00:00,0.3,10.6,88.0,78.0,1.3,0.0
2025-04-03 02:00:00,0.2,10.2,89.0,77.0,4.7,0.0
2025-04-03 03:00:00,0.1,9.9,91.0,65.0,8.5,0.0
2025-04-03 04:00:00,0.0,9.5,92.0,60.0,9.2,0.0
2025-04-03 05:00:00,0.1,9.4,91.0,55.0,9.5,0.0
2025-04-03 06:00:00,0.4,9.1,95.0,52.0,8.9,0.0
2025-04-03 07:00:00,0.1,9.1,94.0,29.0,9.2,6.0
2025-04-03 08:00:00,0.3,10.4,87.0,59.0,8.7,111.0
2025-04-03 09:00:00,0.4,12.1,73.0,82.0,6.5,256.0
2025-04-03 10:00:00,0.1,13.1,66.0,29.0,5.3,337.0
2025-04-03 11:00:00,0.0,14.7,55.0,15.0,6.9,626.0
2025-04-03 12:00:00,0.0,15.6,49.0,25.0,9.4,798.0
2025-04-03 13:00:00,0.0,15.7,48.0,29.0,11.5,812.0
2025-04-03 14:00:00,0.0,15.7,48.0,5.0,10.6,803.0
2025-04-03 15:00:00,0.0,15.9,48.0,4.0,11.8,802.0
2025-04-03 16:00:00,0.0,15.3,54.0,4.0,12.5,696.0
2025-04-03 17:00:00,0.0,15.0,59.0,12.0,10.3,499.0
2025-04-03 18:00:00,0.0,14.2,63.0,56.0,6.5,239.0
2025-04-03 19:00:00,0.0,13.3,67.0,74.0,1.5,65.0
2025-04-03 20:00:00,0.4,12.7,71.0,60.0,3.8,0.0
2025-04-03 21:00:00,0.0,12.2,74.0,7.0,6.5,0.0
2025-04-03 22:00:00,0.0,11.6,75.0,1.0,5.9,0.0
2025-04-03 23:00:00,0.0,11.1,75.0,0.0,5.2,0.0
2025-04-04 00:00:00,0.0,10.3,79.0,0.0,3.5,0.0
2025-04-04 01:00:00,0.0,9.8,82.0,0.0,3.3,0.0
2025-04-04 02:00:00,0.0,9.1,86.0,0.0,2.6,0.0
2025-04-04 03:00:00,0.0,8.5,89.0,0.0,2.7,0.0
2025-04-04 04:00:00,0.0,8.2,90.0,0.0,3.8,0.0
2025-04-04 05:00:00,0.0,8.1,88.0,1.0,5.8,0.0
2025-04-04 06:00:00,0.0,8.0,88.0,0.0,6.1,0.0
2025-04-04 07:00:00,0.0,7.9,87.0,0.0,5.0,8.0
2025-04-04 08:00:00,0.0,10.1,78.0,0.0,2.5,141.0
2025-04-04 09:00:00,0.0,13.0,68.0,0.0,1.7,358.0
2025-04-04 10:00:00,0.0,14.5,64.0,0.0,4.9,571.0
2025-04-04 11:00:00,0.0,15.8,61.0,0.0,6.0,747.0
2025-04-04 12:00:00,0.0,16.8,58.0,0.0,8.2,873.0
2025-04-04 13:00:00,0.0,17.5,56.0,2.0,9.2,936.0
2025-04-04 14:00:00,0.0,17.7,56.0,2.0,12.2,922.0
2025-04-04 15:00:00,0.0,17.7,53.0,17.0,12.8,841.0
2025-04-04 16:00:00,0.0,17.5,54.0,13.0,11.7,699.0
2025-04-04 17:00:00,0.0,16.8,56.0,6.0,11.5,510.0
2025-04-04 18:00:00,0.0,16.5,61.0,1.0,9.4,287.0
2025-04-04 19:00:00,0.0,15.6,66.0,1.0,8.7,89.0
2025-04-04 20:00:00,0.0,14.7,73.0,0.0,7.3,1.0
2025-04-04 21:00:00,0.0,13.7,81.0,0.0,2.7,0.0
2025-04-04 22:00:00,0.0,13.4,81.0,0.0,1.3,0.0
2025-04-04 23:00:00,0.0,12.7,80.0,0.0,2.3,0.0
2025-04-05 00:00:00,0.0,12.3,78.0,0.0,1.5,0.0
2025-04-05 01:00:00,0.0,11.4,81.0,0.0,1.2,0.0
2025-04-05 02:00:00,0.0,10.5,85.0,0.0,0.9,0.0
2025-04-05 03:00:00,0.0,9.8,86.0,0.0,0.4,0.0
2025-04-05 04:00:00,0.0,9.5,86.0,9.0,3.9,0.0
2025-04-05 05:00:00,0.0,8.6,85.0,0.0,3.4,0.0
2025-04-05 06:00:00,0.0,8.1,87.0,3.0,2.2,0.0
2025-04-05 07:00:00,0.0,8.7,83.0,2.0,5.2,9.0
2025-04-05 08:00:00,0.0,11.5,70.0,5.0,4.2,148.0
2025-04-05 09:00:00,0.0,15.2,56.0,0.0,0.9,369.0
2025-04-05 10:00:00,0.0,17.6,48.0,1.0,4.3,585.0
2025-04-05 11:00:00,0.0,19.3,43.0,1.0,8.0,765.0
2025-04-05 12:00:00,0.0,20.4,42.0,2.0,10.2,891.0
2025-04-05 13:00:00,0.0,20.8,43.0,1.0,12.5,950.0
2025-04-05 14:00:00,0.0,20.7,47.0,0.0,13.8,940.0
2025-04-05 15:00:00,0.0,20.4,50.0,0.0,14.1,861.0
2025-04-05 16:00:00,0.0,20.5,45.0,0.0,12.3,719.0
2025-04-05 17:00:00,0.0,20.2,45.0,0.0,11.7,530.0
2025-04-05 18:00:00,0.0,19.1,46.0,0.0,6.6,306.0
2025-04-05 19:00:00,0.0,18.0,62.0,0.0,0.5,94.0
2025-04-05 20:00:00,0.0,16.9,59.0,0.0,2.8,1.0
2025-04-05 21:00:00,0.0,17.5,46.0,0.0,6.1,0.0
2025-04-05 22:00:00,0.0,16.8,44.0,0.0,5.5,0.0
2025-04-05 23:00:00,0.0,15.3,50.0,0.0,4.4,0.0
2025-04-06 00:00:00,0.0,14.4,54.0,1.0,3.9,0.0
2025-04-06 01:00:00,0.0,13.7,55.0,0.0,1.8,0.0
2025-04-06 02:00:00,0.0,12.7,59.0,0.0,1.6,0.0
2025-04-06 03:00:00,0.0,11.6,63.0,0.0,3.4,0.0
2025-04-06 04:00:00,0.0,11.4,60.0,0.0,4.3,0.0
2025-04-06 05:00:00,0.0,10.6,59.0,0.0,4.2,0.0
2025-04-06 06:00:00,0.0,9.8,63.0,0.0,3.3,0.0
2025-04-06 07:00:00,0.0,9.9,60.0,0.0,4.0,11.0
2025-04-06 08:00:00,0.0,12.3,53.0,0.0,4.7,157.0
2025-04-06 09:00:00,0.0,16.8,42.0,0.0,2.6,382.0
2025-04-06 10:00:00,0.0,20.1,31.0,0.0,1.9,598.0
2025-04-06 11:00:00,0.0,21.8,30.0,0.0,5.9,778.0
2025-04-06 12:00:00,0.0,22.5,33.0,0.0,9.7,902.0
2025-04-06 13:00:00,0.0,22.8,35.0,0.0,11.5,960.0
2025-04-06 14:00:00,0.0,22.9,36.0,0.0,12.0,948.0
2025-04-06 15:00:00,0.0,22.7,39.0,0.0,11.9,868.0
2025-04-06 16:00:00,0.0,21.9,44.0,0.0,11.8,727.0
2025-04-06 17:00:00,0.0,20.9,49.0,0.0,11.1,534.0
2025-04-06 18:00:00,0.0,20.3,47.0,0.0,9.8,311.0
2025-04-06 19:00:00,0.0,19.0,50.0,0.0,8.5,97.0
2025-04-06 20:00:00,0.0,17.9,53.0,0.0,7.9,1.0
2025-04-06 21:00:00,0.0,17.2,55.0,0.0,7.0,0.0
2025-04-06 22:00:00,0.0,16.5,56.0,0.0,7.8,0.0
2025-04-06 23:00:00,0.0,15.8,54.0,0.0,6.9,0.0
2025-04-07 00:00:00,0.0,14.8,58.0,0.0,5.9,0.0
2025-04-07 01:00:00,0.0,13.7,68.0,0.0,5.9,0.0
2025-04-07 02:00:00,0.0,12.5,80.0,3.0,3.9,0.0
2025-04-07 03:00:00,0.0,11.5,88.0,0.0,2.7,0.0
2025-04-07 04:00:00,0.0,11.1,90.0,0.0,2.3,0.0
2025-04-07 05:00:00,0.0,10.9,91.0,0.0,0.3,0.0
2025-04-07 06:00:00,0.0,9.4,93.0,0.0,3.4,0.0
2025-04-07 07:00:00,0.0,10.5,93.0,0.0,4.5,12.0
2025-04-07 08:00:00,0.0,12.7,85.0,9.0,4.5,157.0
2025-04-07 09:00:00,0.0,15.0,77.0,5.0,2.6,375.0
2025-04-07 10:00:00,0.0,17.7,60.0,2.0,2.6,591.0
2025-04-07 11:00:00,0.0,20.0,52.0,0.0,5.1,770.0
2025-04-07 12:00:00,0.0,21.2,50.0,1.0,8.2,893.0
2025-04-07 13:00:00,0.0,21.0,49.0,12.0,11.9,951.0
2025-04-07 14:00:00,0.0,20.1,52.0,6.0,12.3,940.0
2025-04-07 15:00:00,0.0,19.7,55.0,3.0,10.1,862.0
2025-04-07 16:00:00,0.0,19.8,54.0,0.0,8.3,720.0
2025-04-07 17:00:00,0.0,19.4,53.0,0.0,7.0,531.0
2025-04-07 18:00:00,0.0,17.0,65.0,0.0,6.9,311.0
2025-04-07 19:00:00,0.0,15.4,73.0,0.0,5.0,98.0
2025-04-07 20:00:00,0.0,14.5,80.0,0.0,2.0,1.0
2025-04-07 21:00:00,0.0,14.1,85.0,0.0,0.2,0.0
2025-04-07 22:00:00,0.0,13.5,86.0,0.0,1.3,0.0
2025-04-07 23:00:00,0.0,13.0,89.0,0.0,2.4,0.0
2025-04-08 00:00:00,0.0,12.4,90.0,0.0,2.8,0.0
2025-04-08 01:00:00,0.0,12.1,91.0,0.0,3.1,0.0
2025-04-08 02:00:00,0.0,11.6,94.0,11.0,1.0,0.0
2025-04-08 03:00:00,0.0,11.1,96.0,1.0,0.3,0.0
2025-04-08 04:00:00,0.0,10.6,99.0,95.0,0.3,0.0
2025-04-08 05:00:00,0.0,10.1,100.0,100.0,0.9,0.0
2025-04-08 06:00:00,0.0,9.9,99.0,79.0,2.2,0.0
2025-04-08 07:00:00,0.0,10.2,98.0,56.0,3.6,12.0
2025-04-08 08:00:00,0.0,12.6,82.0,1.0,0.6,155.0
2025-04-08 09:00:00,0.0,15.6,62.0,1.0,1.6,376.0
2025-04-08 10:00:00,0.0,17.7,61.0,3.0,4.1,587.0
2025-04-08 11:00:00,0.0,19.1,63.0,0.0,7.0,761.0
2025-04-08 12:00:00,0.0,19.7,65.0,5.0,8.5,882.0
2025-04-08 13:00:00,0.0,20.3,63.0,15.0,9.0,937.0
2025-04-08 14:00:00,0.0,20.6,62.0,20.0,9.5,923.0
2025-04-08 15:00:00,0.0,20.2,63.0,26.0,9.8,839.0
2025-04-08 16:00:00,0.0,19.3,68.0,96.0,9.6,701.0
2025-04-08 17:00:00,0.0,18.3,74.0,95.0,8.1,506.0
2025-04-08 18:00:00,0.0,16.7,81.0,1.0,6.0,290.0
2025-04-08 19:00:00,0.0,15.6,87.0,0.0,4.1,97.0
2025-04-08 20:00:00,0.0,14.8,92.0,0.0,2.2,1.0
2025-04-08 21:00:00,0.0,14.3,95.0,0.0,1.1,0.0
2025-04-08 22:00:00,0.0,13.9,96.0,0.0,1.3,0.0
2025-04-08 23:00:00,0.0,13.6,96.0,0.0,2.3,0.0
2025-04-09 00:00:00,0.0,13.0,98.0,0.0,2.3,0.0
2025-04-09 01:00:00,0.0,12.5,99.0,98.0,2.4,0.0
2025-04-09 02:00:00,0.0,12.2,100.0,100.0,1.3,0.0
2025-04-09 03:00:00,0.0,12.4,100.0,100.0,1.8,0.0
2025-04-09 04:00:00,0.0,12.4,99.0,100.0,2.5,0.0
2025-04-09 05:00:00,0.0,12.2,99.0,100.0,2.7,0.0
2025-04-09 06:00:00,0.0,11.9,98.0,99.0,2.3,0.0
2025-04-09 07:00:00,0.0,11.6,99.0,99.0,1.9,10.0
2025-04-09 08:00:00,0.0,12.4,96.0,100.0,1.3,117.0
2025-04-09 09:00:00,0.0,14.5,88.0,100.0,0.3,291.0
2025-04-09 10:00:00,0.0,17.4,79.0,21.0,2.9,569.0
2025-04-09 11:00:00,0.0,19.3,70.0,7.0,6.4,756.0
2025-04-09 12:00:00,0.0,20.1,66.0,19.0,8.1,885.0
2025-04-09 13:00:00,0.0,20.3,66.0,32.0,9.0,938.0
2025-04-09 14:00:00,0.0,20.2,66.0,25.0,8.9,917.0
2025-04-09 15:00:00,0.0,20.2,66.0,35.0,8.1,850.0
2025-04-09 16:00:00,0.0,19.9,67.0,19.0,8.0,709.0
2025-04-09 17:00:00,0.0,19.1,70.0,22.0,7.4,525.0
2025-04-09 18:00:00,0.0,17.2,81.0,8.0,6.8,310.0
2025-04-09 19:00:00,0.0,15.7,89.0,13.0,5.6,100.0
2025-04-09 20:00:00,0.0,14.8,96.0,28.0,4.3,1.0
2025-04-09 21:00:00,0.0,14.4,97.0,48.0,2.2,0.0
2025-04-09 22:00:00,0.0,13.9,98.0,51.0,1.3,0.0
2025-04-09 23:00:00,0.0,13.7,98.0,65.0,0.6,0.0
2025-04-10 00:00:00,0.0,13.2,99.0,100.0,1.2,0.0
2025-04-10 01:00:00,0.0,13.3,98.0,100.0,0.6,0.0
2025-04-10 02:00:00,0.0,13.2,95.0,100.0,0.9,0.0
2025-04-10 03:00:00,0.0,13.1,95.0,100.0,2.0,0.0
2025-04-10 04:00:00,0.0,13.0,96.0,100.0,2.3,0.0
2025-04-10 05:00:00,0.0,12.9,96.0,100.0,2.2,0.0
2025-04-10 06:00:00,0.0,12.2,95.0,100.0,2.3,0.0
2025-04-10 07:00:00,0.0,12.0,96.0,100.0,3.7,10.0
2025-04-10 08:00:00,0.0,12.6,94.0,99.0,3.1,97.0
2025-04-10 09:00:00,0.0,14.3,88.0,42.0,1.2,242.0
2025-04-10 10:00:00,0.0,17.8,74.0,5.0,3.0,560.0
2025-04-10 11:00:00,0.0,19.6,69.0,33.0,7.8,754.0
2025-04-10 12:00:00,0.0,20.0,68.0,33.0,9.5,883.0
2025-04-10 13:00:00,0.0,20.8,64.0,32.0,9.3,937.0
2025-04-10 14:00:00,0.0,21.2,63.0,43.0,9.9,924.0
2025-04-10 15:00:00,0.0,21.0,65.0,15.0,10.3,857.0
2025-04-10 16:00:00,0.0,21.0,65.0,15.0,10.1,721.0
2025-04-10 17:00:00,0.0,20.5,65.0,13.0,9.3,534.0
2025-04-10 18:00:00,0.0,19.7,70.0,2.0,6.7,316.0
2025-04-10 19:00:00,0.0,17.4,81.0,12.0,6.4,104.0
2025-04-10 20:00:00,0.0,15.9,87.0,1.0,4.9,2.0
2025-04-10 21:00:00,0.0,15.5,89.0,0.0,3.4,0.0
2025-04-10 22:00:00,0.0,15.2,88.0,0.0,2.9,0.0
2025-04-10 23:00:00,0.0,15.3,86.0,0.0,5.3,0.0
2025-04-11 00:00:00,0.0,14.5,88.0,0.0,5.5,0.0
2025-04-11 01:00:00,0.0,13.8,90.0,41.0,3.8,0.0
2025-04-11 02:00:00,0.0,13.0,92.0,99.0,1.8,0.0
2025-04-11 03:00:00,0.0,12.7,93.0,21.0,1.0,0.0
2025-04-11 04:00:00,0.0,12.2,95.0,21.0,1.5,0.0
2025-04-11 05:00:00,0.0,12.0,97.0,47.0,2.8,0.0
2025-04-11 06:00:00,0.0,11.1,96.0,0.0,2.6,0.0
2025-04-11 07:00:00,0.0,11.7,95.0,1.0,1.9,17.0
2025-04-11 08:00:00,0.0,14.1,89.0,5.0,1.0,173.0
2025-04-11 09:00:00,0.0,17.0,77.0,0.0,0.7,394.0
2025-04-11 10:00:00,0.0,19.8,67.0,0.0,3.8,607.0
2025-04-11 11:00:00,0.0,21.3,63.0,5.0,6.7,782.0
2025-04-11 12:00:00,0.0,21.9,62.0,27.0,8.9,903.0
2025-04-11 13:00:00,0.0,21.9,60.0,32.0,9.9,952.0
2025-04-11 14:00:00,0.0,20.7,63.0,21.0,11.4,934.0
2025-04-11 15:00:00,0.0,20.9,60.0,5.0,7.5,864.0
2025-04-11 16:00:00,0.0,21.6,58.0,23.0,7.2,729.0
2025-04-11 17:00:00,0.0,20.5,64.0,5.0,8.2,537.0
2025-04-11 18:00:00,0.0,19.1,69.0,8.0,5.2,314.0
2025-04-11 19:00:00,0.0,17.3,78.0,5.0,5.9,106.0
2025-04-11 20:00:00,0.0,15.2,88.0,27.0,6.7,2.0
2025-04-11 21:00:00,0.0,14.5,92.0,43.0,5.9,0.0
2025-04-11 22:00:00,0.0,14.3,93.0,61.0,5.6,0.0
2025-04-11 23:00:00,0.0,14.0,94.0,42.0,5.1,0.0
2025-04-12 00:00:00,0.0,13.5,96.0,48.0,3.7,0.0
2025-04-12 01:00:00,0.0,13.3,97.0,100.0,3.5,0.0
2025-04-12 02:00:00,0.0,13.3,98.0,100.0,5.6,0.0
2025-04-12 03:00:00,0.0,13.1,98.0,100.0,6.6,0.0
2025-04-12 04:00:00,0.0,12.9,98.0,100.0,3.1,0.0
2025-04-12 05:00:00,0.0,12.5,98.0,100.0,3.1,0.0
2025-04-12 06:00:00,0.0,12.0,98.0,97.0,3.1,0.0
2025-04-12 07:00:00,0.0,12.6,98.0,100.0,5.7,12.0
2025-04-12 08:00:00,0.0,13.0,95.0,100.0,5.2,77.0
2025-04-12 09:00:00,0.0,14.2,85.0,46.0,5.9,193.0
2025-04-12 10:00:00,0.0,16.7,72.0,35.0,4.7,527.0
2025-04-12 11:00:00,0.0,18.4,65.0,22.0,7.1,735.0
2025-04-12 12:00:00,0.0,19.0,63.0,89.0,9.2,859.0
2025-04-12 13:00:00,0.0,19.3,64.0,49.0,10.1,936.0
2025-04-12 14:00:00,0.0,19.2,65.0,76.0,10.7,936.0
2025-04-12 15:00:00,0.0,18.7,69.0,17.0,10.3,834.0
2025-04-12 16:00:00,0.0,18.2,72.0,27.0,9.0,715.0
2025-04-12 17:00:00,0.0,17.8,75.0,26.0,8.4,527.0
2025-04-12 18:00:00,0.0,15.9,81.0,50.0,8.1,290.0
2025-04-12 19:00:00,0.0,15.0,86.0,100.0,6.9,94.0
2025-04-12 20:00:00,0.0,14.7,88.0,100.0,5.8,2.0
2025-04-12 21:00:00,0.0,14.6,89.0,100.0,5.0,0.0
2025-04-12 22:00:00,0.0,14.4,90.0,100.0,4.5,0.0
2025-04-12 23:00:00,0.0,14.2,91.0,100.0,4.3,0.0
2025-04-13 00:00:00,0.0,14.0,91.0,100.0,4.2,0.0
2025-04-13 01:00:00,0.0,13.9,90.0,100.0,4.0,0.0
2025-04-13 02:00:00,0.0,13.8,89.0,100.0,3.1,0.0
2025-04-13 03:00:00,0.0,13.7,88.0,100.0,2.9,0.0
2025-04-13 04:00:00,0.0,13.5,88.0,100.0,2.4,0.0
2025-04-13 05:00:00,0.0,13.4,87.0,100.0,2.0,0.0
2025-04-13 06:00:00,0.0,13.4,92.0,100.0,3.5,0.0
2025-04-13 07:00:00,0.0,13.4,91.0,100.0,2.7,8.0
2025-04-13 08:00:00,0.0,13.9,88.0,100.0,2.6,69.0
2025-04-13 09:00:00,0.0,15.0,81.0,100.0,3.1,204.0
2025-04-13 10:00:00,0.0,16.4,73.0,55.0,4.0,377.0
2025-04-13 11:00:00,0.0,17.9,66.0,11.0,8.2,696.0
2025-04-13 12:00:00,0.0,18.4,65.0,2.0,10.5,880.0
2025-04-13 13:00:00,0.0,18.7,63.0,2.0,11.3,953.0
2025-04-13 14:00:00,0.0,18.6,63.0,3.0,11.4,946.0
2025-04-13 15:00:00,0.0,18.3,63.0,2.0,11.2,861.0
2025-04-13 16:00:00,0.0,17.8,64.0,41.0,9.6,724.0
2025-04-13 17:00:00,0.0,17.2,67.0,64.0,7.8,535.0
2025-04-13 18:00:00,0.0,16.3,72.0,92.0,7.3,314.0
2025-04-13 19:00:00,0.0,15.0,80.0,85.0,5.9,102.0
2025-04-13 20:00:00,0.0,14.3,85.0,94.0,4.6,2.0
2025-04-13 21:00:00,0.0,14.0,87.0,100.0,2.8,0.0
2025-04-13 22:00:00,0.0,13.6,89.0,39.0,2.1,0.0
2025-04-13 23:00:00,0.0,12.9,93.0,4.0,1.5,0.0
2025-04-14 00:00:00,0.0,12.6,93.0,13.0,0.4,0.0
2025-04-14 01:00:00,0.0,12.2,95.0,63.0,0.4,0.0
2025-04-14 02:00:00,0.0,11.7,97.0,96.0,2.0,0.0
2025-04-14 03:00:00,0.0,11.7,97.0,64.0,3.3,0.0
2025-04-14 04:00:00,0.0,11.2,97.0,55.0,2.5,0.0
2025-04-14 05:00:00,0.0,10.8,99.0,100.0,2.2,0.0
2025-04-14 06:00:00,0.0,13.3,86.0,100.0,5.8,0.0
2025-04-14 07:00:00,0.0,13.5,85.0,100.0,4.0,11.0
2025-04-14 08:00:00,0.0,14.0,83.0,100.0,1.6,63.0
2025-04-14 09:00:00,0.0,15.2,76.0,100.0,0.9,218.0
2025-04-14 10:00:00,0.0,16.6,68.0,28.0,6.4,487.0
2025-04-14 11:00:00,0.0,17.7,64.0,42.0,9.8,778.0
2025-04-14 12:00:00,0.0,18.0,61.0,90.0,11.3,887.0
2025-04-14 13:00:00,0.0,18.2,58.0,96.0,11.6,909.0
2025-04-14 14:00:00,0.0,17.6,59.0,86.0,11.7,786.0
2025-04-14 15:00:00,0.0,17.7,58.0,83.0,11.3,805.0
2025-04-14 16:00:00,0.0,17.1,60.0,55.0,12.6,665.0
2025-04-14 17:00:00,0.0,16.3,64.0,7.0,11.6,509.0
2025-04-14 18:00:00,0.0,15.6,66.0,1.0,9.4,322.0
2025-04-14 19:00:00,0.0,14.7,75.0,5.0,7.3,110.0
2025-04-14 20:00:00,0.0,14.0,80.0,0.0,5.9,3.0
2025-04-14 21:00:00,0.0,13.8,80.0,0.0,5.1,0.0
2025-04-14 22:00:00,0.0,13.5,83.0,0.0,3.3,0.0
2025-04-14 23:00:00,0.0,12.9,86.0,0.0,3.1,0.0
2025-04-15 00:00:00,0.0,12.4,90.0,4.0,2.7,0.0
2025-04-15 01:00:00,0.0,12.0,91.0,2.0,2.9,0.0
2025-04-15 02:00:00,0.0,11.8,91.0,6.0,1.3,0.0
2025-04-15 03:00:00,0.0,11.5,92.0,18.0,1.3,0.0
2025-04-15 04:00:00,0.0,11.2,93.0,31.0,2.5,0.0
2025-04-15 05:00:00,0.0,11.1,94.0,44.0,1.7,0.0
2025-04-15 06:00:00,0.0,12.8,87.0,100.0,1.8,0.0
2025-04-15 07:00:00,0.0,13.0,86.0,100.0,2.5,9.0
2025-04-15 08:00:00,0.0,13.6,82.0,100.0,3.4,69.0
2025-04-15 09:00:00,0.0,14.4,77.0,100.0,4.2,157.0
2025-04-15 10:00:00,0.0,15.0,73.0,100.0,4.3,231.0
2025-04-15 11:00:00,0.1,15.9,70.0,100.0,5.8,380.0
2025-04-15 12:00:00,0.0,16.4,66.0,100.0,7.0,389.0
2025-04-15 13:00:00,0.0,16.9,61.0,99.0,9.2,500.0
2025-04-15 14:00:00,0.0,17.5,54.0,85.0,10.7,661.0
2025-04-15 15:00:00,0.0,17.2,55.0,42.0,12.0,724.0
2025-04-15 16:00:00,0.0,17.1,58.0,32.0,10.3,662.0
2025-04-15 17:00:00,0.0,16.9,59.0,14.0,9.2,500.0
2025-04-15 18:00:00,0.0,15.4,61.0,1.0,8.9,297.0
2025-04-15 19:00:00,0.0,14.4,66.0,0.0,7.4,109.0
2025-04-15 20:00:00,0.0,13.7,71.0,0.0,3.7,3.0
2025-04-15 21:00:00,0.0,13.4,74.0,0.0,3.1,0.0
2025-04-15 22:00:00,0.0,13.0,77.0,0.0,3.6,0.0
2025-04-15 23:00:00,0.0,12.4,82.0,0.0,3.6,0.0
2025-04-16 00:00:00,0.0,11.9,85.0,4.0,2.9,0.0
2025-04-16 01:00:00,0.0,11.7,85.0,11.0,1.6,0.0
2025-04-16 02:00:00,0.0,11.5,86.0,22.0,0.6,0.0
2025-04-16 03:00:00,0.0,11.0,89.0,68.0,3.5,0.0
2025-04-16 04:00:00,0.0,10.7,89.0,9.0,4.2,0.0
2025-04-16 05:00:00,0.0,10.1,90.0,16.0,3.0,0.0
2025-04-16 06:00:00,0.0,12.8,80.0,100.0,1.6,0.0
2025-04-16 07:00:00,0.0,12.9,76.0,100.0,2.5,11.0
2025-04-16 08:00:00,0.0,13.8,71.0,100.0,2.6,96.0
2025-04-16 09:00:00,0.0,15.3,64.0,75.0,3.3,267.0
2025-04-16 10:00:00,0.0,16.4,61.0,99.0,8.0,474.0
2025-04-16 11:00:00,0.0,16.1,63.0,47.0,10.2,415.0
2025-04-16 12:00:00,0.0,17.2,58.0,32.0,11.0,680.0
2025-04-16 13:00:00,0.0,17.6,56.0,8.0,11.4,740.0
2025-04-16 14:00:00,0.0,18.3,50.0,9.0,8.8,852.0
2025-04-16 15:00:00,0.0,18.8,45.0,4.0,10.5,839.0
2025-04-16 16:00:00,0.0,17.9,50.0,1.0,13.9,711.0
2025-04-16 17:00:00,0.0,16.9,55.0,6.0,11.5,483.0
2025-04-16 18:00:00,0.0,16.2,60.0,100.0,11.8,144.0
2025-04-16 19:00:00,0.0,15.8,62.0,100.0,10.1,45.0
2025-04-16 20:00:00,0.0,15.6,63.0,100.0,6.2,1.0
2025-04-16 21:00:00,0.0,15.5,64.0,100.0,5.5,0.0
2025-04-16 22:00:00,0.0,15.1,68.0,62.0,6.9,0.0
2025-04-16 23:00:00,0.1,14.5,73.0,91.0,6.6,0.0
2025-04-17 00:00:00,0.0,14.4,74.0,69.0,6.5,0.0
2025-04-17 01:00:00,0.1,13.9,78.0,84.0,6.2,0.0
2025-04-17 02:00:00,0.0,13.4,82.0,82.0,6.0,0.0
2025-04-17 03:00:00,0.1,13.2,84.0,46.0,4.5,0.0
2025-04-17 04:00:00,0.0,12.8,87.0,43.0,2.6,0.0
2025-04-17 05:00:00,0.0,12.6,88.0,42.0,2.6,0.0
2025-04-17 06:00:00,0.0,13.2,83.0,22.0,3.6,0.0
2025-04-17 07:00:00,0.0,13.6,80.0,39.0,3.5,22.0
2025-04-17 08:00:00,0.0,15.1,73.0,51.0,1.1,155.0
2025-04-17 09:00:00,0.0,16.2,64.0,67.0,4.3,307.0
2025-04-17 10:00:00,0.0,17.0,55.0,61.0,7.6,420.0
2025-04-17 11:00:00,0.0,17.9,50.0,36.0,9.4,589.0
2025-04-17 12:00:00,0.0,18.7,45.0,64.0,10.4,746.0
2025-04-17 13:00:00,0.0,18.8,43.0,41.0,11.9,766.0
2025-04-17 14:00:00,0.0,18.9,44.0,7.0,13.8,852.0
2025-04-17 15:00:00,0.0,18.8,46.0,12.0,13.9,842.0
2025-04-17 16:00:00,0.0,18.1,52.0,21.0,14.6,692.0
2025-04-17 17:00:00,0.0,17.5,55.0,11.0,13.9,492.0
2025-04-17 18:00:00,0.0,16.9,58.0,12.0,12.8,288.0
2025-04-17 19:00:00,0.1,15.9,64.0,35.0,10.8,103.0
2025-04-17 20:00:00,0.0,15.4,67.0,53.0,7.3,3.0
2025-04-17 21:00:00,0.0,15.3,68.0,98.0,5.0,0.0
2025-04-17 22:00:00,0.0,15.1,70.0,86.0,4.9,0.0
2025-04-17 23:00:00,0.0,15.0,70.0,99.0,4.7,0.0
2025-04-18 00:00:00,0.0,15.1,69.0,100.0,5.2,0.0
2025-04-18 01:00:00,0.0,14.8,72.0,99.0,4.9,0.0
2025-04-18 02:00:00,0.0,14.6,72.0,98.0,4.2,0.0
2025-04-18 03:00:00,0.0,14.3,74.0,100.0,4.1,0.0
2025-04-18 04:00:00,0.0,14.2,76.0,99.0,4.4,0.0
2025-04-18 05:00:00,0.0,14.3,75.0,100.0,6.0,0.0
2025-04-18 06:00:00,0.0,14.9,68.0,88.0,7.8,0.0
2025-04-18 07:00:00,0.0,14.8,70.0,72.0,9.0,15.0
2025-04-18 08:00:00,0.0,15.4,65.0,83.0,10.2,131.0
2025-04-18 09:00:00,0.0,16.1,61.0,39.0,10.5,301.0
2025-04-18 10:00:00,0.0,17.0,57.0,43.0,11.0,499.0
2025-04-18 11:00:00,0.0,17.2,59.0,100.0,13.4,641.0
2025-04-18 12:00:00,0.0,16.0,67.0,100.0,12.4,368.0
2025-04-18 13:00:00,0.1,16.5,63.0,100.0,12.5,496.0
2025-04-18 14:00:00,0.1,16.5,63.0,100.0,13.8,511.0
2025-04-18 15:00:00,0.0,16.1,64.0,69.0,12.9,350.0
2025-04-18 16:00:00,0.0,16.1,62.0,31.0,11.9,396.0
2025-04-18 17:00:00,0.0,16.3,59.0,31.0,10.8,511.0
2025-04-18 18:00:00,0.0,15.6,61.0,61.0,8.3,256.0
2025-04-18 19:00:00,0.0,14.8,64.0,77.0,6.8,90.0
2025-04-18 20:00:00,0.0,14.4,65.0,50.0,4.8,3.0
2025-04-18 21:00:00,0.0,14.2,67.0,62.0,3.9,0.0
2025-04-18 22:00:00,0.0,13.9,68.0,25.0,2.7,0.0
2025-04-18 23:00:00,0.0,13.2,76.0,5.0,1.6,0.0
2025-04-19 00:00:00,0.0,12.7,78.0,3.0,0.2,0.0
2025-04-19 01:00:00,0.0,12.1,80.0,5.0,0.8,0.0
2025-04-19 02:00:00,0.0,11.6,82.0,2.0,2.3,0.0
2025-04-19 03:00:00,0.0,11.3,82.0,9.0,3.4,0.0
2025-04-19 04:00:00,0.0,10.9,83.0,1.0,3.3,0.0
2025-04-19 05:00:00,0.0,10.7,83.0,0.0,4.1,0.0
2025-04-19 06:00:00,0.0,10.5,80.0,3.0,5.8,0.0
2025-04-19 07:00:00,0.0,10.6,80.0,1.0,6.7,29.0
2025-04-19 08:00:00,0.0,13.0,69.0,0.0,4.5,200.0
2025-04-19 09:00:00,0.0,15.4,57.0,0.0,4.8,422.0
2025-04-19 10:00:00,0.0,17.6,49.0,0.0,6.5,633.0
2025-04-19 11:00:00,0.0,19.5,44.0,0.0,10.3,807.0
2025-04-19 12:00:00,0.0,20.1,46.0,0.0,14.1,926.0
2025-04-19 13:00:00,0.0,20.3,48.0,0.0,15.1,980.0
2025-04-19 14:00:00,0.0,20.6,49.0,0.0,15.4,966.0
2025-04-19 15:00:00,0.0,20.5,51.0,0.0,15.0,886.0
2025-04-19 16:00:00,0.0,19.9,53.0,0.0,14.9,743.0
2025-04-19 17:00:00,0.0,18.9,60.0,0.0,14.7,552.0
2025-04-19 18:00:00,0.0,18.0,62.0,0.0,13.0,332.0
2025-04-19 19:00:00,0.0,16.8,71.0,0.0,10.6,119.0
2025-04-19 20:00:00,0.0,16.0,79.0,0.0,7.8,4.0
2025-04-19 21:00:00,0.0,15.5,82.0,0.0,4.9,0.0
2025-04-19 22:00:00,0.0,15.1,83.0,0.0,2.7,0.0
2025-04-19 23:00:00,0.0,14.4,85.0,0.0,1.7,0.0
2025-04-20 00:00:00,0.0,13.9,87.0,0.0,1.9,0.0
2025-04-20 01:00:00,0.0,13.5,87.0,0.0,2.6,0.0
2025-04-20 02:00:00,0.0,13.0,89.0,0.0,2.9,0.0
2025-04-20 03:00:00,0.0,12.5,92.0,0.0,3.1,0.0
2025-04-20 04:00:00,0.0,11.8,94.0,1.0,3.8,0.0
2025-04-20 05:00:00,0.0,11.5,93.0,2.0,4.1,0.0
2025-04-20 06:00:00,0.0,10.9,93.0,52.0,5.6,0.0
2025-04-20 07:00:00,0.0,11.4,91.0,76.0,6.9,27.0
2025-04-20 08:00:00,0.0,13.6,82.0,64.0,5.8,171.0
2025-04-20 09:00:00,0.0,15.5,74.0,22.0,4.6,382.0
2025-04-20 10:00:00,0.0,17.8,63.0,1.0,6.1,616.0
2025-04-20 11:00:00,0.0,19.3,59.0,1.0,9.8,800.0
2025-04-20 12:00:00,0.0,19.9,59.0,0.0,13.3,917.0
2025-04-20 13:00:00,0.0,20.0,58.0,79.0,15.1,973.0
2025-04-20 14:00:00,0.0,19.9,57.0,9.0,14.8,960.0
2025-04-20 15:00:00,0.0,19.9,58.0,14.0,13.4,881.0
2025-04-20 16:00:00,0.0,19.7,58.0,65.0,12.4,739.0
2025-04-20 17:00:00,0.0,19.0,64.0,12.0,12.6,549.0
2025-04-20 18:00:00,0.0,18.0,69.0,64.0,11.7,333.0
2025-04-20 19:00:00,0.0,16.5,78.0,100.0,9.6,120.0
2025-04-20 20:00:00,0.0,15.5,83.0,99.0,7.6,4.0
2025-04-20 21:00:00,0.0,15.0,86.0,99.0,5.8,0.0
2025-04-20 22:00:00,0.0,14.6,88.0,100.0,5.4,0.0
2025-04-20 23:00:00,0.0,14.3,91.0,100.0,4.1,0.0
2025-04-21 00:00:00,0.0,14.0,93.0,100.0,3.2,0.0
2025-04-21 01:00:00,0.0,13.6,94.0,100.0,2.4,0.0
2025-04-21 02:00:00,0.0,13.1,96.0,100.0,2.3,0.0
2025-04-21 03:00:00,0.0,12.7,97.0,100.0,2.4,0.0
2025-04-21 04:00:00,0.0,12.2,99.0,97.0,2.0,0.0
2025-04-21 05:00:00,0.0,12.2,99.0,100.0,1.5,0.0
2025-04-21 06:00:00,0.0,12.8,95.0,100.0,1.5,0.0
2025-04-21 07:00:00,0.0,12.9,93.0,100.0,1.3,15.0
2025-04-21 08:00:00,0.0,13.5,88.0,100.0,2.8,92.0
2025-04-21 09:00:00,0.0,14.6,81.0,100.0,4.1,230.0
2025-04-21 10:00:00,0.0,16.8,70.0,60.0,5.6,545.0
2025-04-21 11:00:00,0.0,18.0,66.0,57.0,9.2,718.0
2025-04-21 12:00:00,0.0,18.5,64.0,18.0,11.9,872.0
2025-04-21 13:00:00,0.0,18.9,61.0,5.0,13.3,957.0
2025-04-21 14:00:00,0.0,18.9,61.0,8.0,14.4,950.0
2025-04-21 15:00:00,0.0,18.7,62.0,1.0,13.5,871.0
2025-04-21 16:00:00,0.0,18.4,63.0,3.0,12.1,735.0
2025-04-21 17:00:00,0.0,17.8,64.0,2.0,11.1,547.0
2025-04-21 18:00:00,0.0,16.6,67.0,0.0,9.5,334.0
2025-04-21 19:00:00,0.0,15.5,73.0,0.0,7.6,122.0
2025-04-21 20:00:00,0.0,14.7,78.0,0.0,6.0,5.0
2025-04-21 21:00:00,0.0,14.3,80.0,0.0,5.8,0.0
2025-04-21 22:00:00,0.0,14.0,83.0,1.0,5.6,0.0
2025-04-21 23:00:00,0.0,13.6,87.0,4.0,3.9,0.0
2025-04-22 00:00:00,0.0,13.0,90.0,14.0,2.9,0.0
2025-04-22 01:00:00,0.0,12.7,91.0,31.0,3.3,0.0
2025-04-22 02:00:00,0.0,12.7,91.0,95.0,3.1,0.0
2025-04-22 03:00:00,0.0,13.0,90.0,97.0,3.8,0.0
2025-04-22 04:00:00,0.0,13.2,86.0,100.0,4.5,0.0
2025-04-22 05:00:00,0.0,13.0,86.0,99.0,3.9,0.0
2025-04-22 06:00:00,0.0,12.6,89.0,100.0,2.5,0.0
2025-04-22 07:00:00,0.0,13.2,83.0,100.0,4.4,18.0
2025-04-22 08:00:00,0.0,14.1,76.0,89.0,4.4,129.0
2025-04-22 09:00:00,0.0,15.3,69.0,100.0,3.9,261.0
2025-04-22 10:00:00,0.0,16.8,63.0,88.0,4.7,501.0
2025-04-22 11:00:00,0.0,17.7,60.0,52.0,9.2,722.0
2025-04-22 12:00:00,0.0,18.0,59.0,26.0,12.2,880.0
2025-04-22 13:00:00,0.0,18.0,56.0,2.0,13.1,947.0
2025-04-22 14:00:00,0.0,18.0,54.0,2.0,13.3,958.0
2025-04-22 15:00:00,0.0,17.8,55.0,0.0,12.8,876.0
2025-04-22 16:00:00,0.0,17.5,57.0,1.0,11.2,735.0
2025-04-22 17:00:00,0.0,17.0,60.0,1.0,9.7,550.0
2025-04-22 18:00:00,0.0,15.7,67.0,10.0,9.1,315.0
2025-04-22 19:00:00,0.0,14.9,70.0,2.0,7.6,119.0
2025-04-22 20:00:00,0.0,14.4,71.0,0.0,5.2,5.0
2025-04-22 21:00:00,0.0,14.3,72.0,0.0,4.1,0.0
2025-04-22 22:00:00,0.0,13.9,76.0,0.0,2.7,0.0
2025-04-22 23:00:00,0.0,13.3,82.0,0.0,2.3,0.0
2025-04-23 00:00:00,0.0,13.1,84.0,0.0,1.5,0.0
2025-04-23 01:00:00,0.0,12.8,84.0,15.0,0.7,0.0
2025-04-23 02:00:00,0.0,12.4,86.0,52.0,0.4,0.0
2025-04-23 03:00:00,0.0,12.4,87.0,76.0,0.4,0.0
2025-04-23 04:00:00,0.0,12.3,88.0,100.0,0.9,0.0
2025-04-23 05:00:00,0.0,12.5,87.0,100.0,1.1,0.0
2025-04-23 06:00:00,0.0,13.2,81.0,100.0,1.4,0.0
2025-04-23 07:00:00,0.0,13.9,72.0,94.0,2.1,20.0
2025-04-23 08:00:00,0.0,14.9,66.0,48.0,1.6,149.0
2025-04-23 09:00:00,0.0,16.0,60.0,100.0,2.4,355.0
2025-04-23 10:00:00,0.0,17.0,58.0,89.0,5.2,510.0
2025-04-23 11:00:00,0.0,17.7,57.0,69.0,7.9,649.0
2025-04-23 12:00:00,0.0,18.5,56.0,57.0,10.3,842.0
2025-04-23 13:00:00,0.0,18.5,56.0,19.0,12.4,911.0
2025-04-23 14:00:00,0.0,18.3,58.0,8.0,13.2,926.0
2025-04-23 15:00:00,0.0,18.3,58.0,4.0,12.6,868.0
2025-04-23 16:00:00,0.0,18.0,58.0,7.0,12.3,735.0
2025-04-23 17:00:00,0.0,17.4,61.0,5.0,11.4,546.0
2025-04-23 18:00:00,0.0,16.3,66.0,19.0,9.3,317.0
2025-04-23 19:00:00,0.0,15.5,69.0,39.0,8.5,119.0
2025-04-23 20:00:00,0.0,14.9,72.0,100.0,7.4,5.0
2025-04-23 21:00:00,0.0,14.9,71.0,100.0,4.8,0.0
2025-04-23 22:00:00,0.0,14.7,70.0,100.0,3.5,0.0
2025-04-23 23:00:00,0.0,14.4,70.0,100.0,3.5,0.0
2025-04-24 00:00:00,0.0,14.3,70.0,100.0,4.0,0.0
2025-04-24 01:00:00,0.0,14.1,70.0,100.0,3.7,0.0
2025-04-24 02:00:00,0.0,13.8,70.0,100.0,4.3,0.0
2025-04-24 03:00:00,0.0,13.7,71.0,100.0,4.9,0.0
2025-04-24 04:00:00,0.0,13.5,72.0,96.0,5.2,0.0
2025-04-24 05:00:00,0.0,13.3,75.0,98.0,5.4,0.0
2025-04-24 06:00:00,0.0,12.5,80.0,19.0,3.5,0.0
2025-04-24 07:00:00,0.0,12.9,78.0,94.0,3.6,34.0
2025-04-24 08:00:00,0.0,14.2,71.0,56.0,3.3,161.0
2025-04-24 09:00:00,0.0,15.7,62.0,100.0,1.9,371.0
2025-04-24 10:00:00,0.0,16.5,58.0,100.0,3.8,448.0
2025-04-24 11:00:00,0.0,17.7,54.0,0.0,8.6,669.0
2025-04-24 12:00:00,0.0,17.9,52.0,4.0,14.0,901.0
2025-04-24 13:00:00,0.0,17.9,53.0,2.0,13.7,962.0
2025-04-24 14:00:00,0.0,17.9,55.0,17.0,12.6,966.0
2025-04-24 15:00:00,0.0,18.0,54.0,86.0,11.4,889.0
2025-04-24 16:00:00,0.0,17.1,56.0,93.0,15.7,744.0
2025-04-24 17:00:00,0.0,16.4,59.0,85.0,14.4,556.0
2025-04-24 18:00:00,0.0,15.6,61.0,18.0,8.4,342.0
2025-04-24 19:00:00,0.0,14.9,66.0,1.0,7.7,126.0
2025-04-24 20:00:00,0.0,14.5,68.0,9.0,6.9,6.0
2025-04-24 21:00:00,0.0,14.4,69.0,100.0,2.4,0.0
2025-04-24 22:00:00,0.0,14.4,68.0,89.0,3.1,0.0
2025-04-24 23:00:00,0.0,13.9,72.0,27.0,4.7,0.0
2025-04-25 00:00:00,0.0,13.5,76.0,64.0,4.5,0.0
2025-04-25 01:00:00,0.0,13.3,78.0,100.0,4.0,0.0
2025-04-25 02:00:00,0.0,13.5,77.0,100.0,3.3,0.0
2025-04-25 03:00:00,0.0,13.4,78.0,100.0,2.6,0.0
2025-04-25 04:00:00,0.0,13.1,79.0,100.0,1.8,0.0
2025-04-25 05:00:00,0.0,12.9,80.0,100.0,1.0,0.0
2025-04-25 06:00:00,0.0,13.6,76.0,100.0,2.5,0.0
2025-04-25 07:00:00,0.0,13.8,74.0,100.0,2.4,14.0
2025-04-25 08:00:00,0.0,14.3,71.0,100.0,4.2,86.0
2025-04-25 09:00:00,0.0,15.0,63.0,100.0,5.7,180.0
2025-04-25 10:00:00,0.0,15.3,60.0,100.0,7.9,247.0
2025-04-25 11:00:00,0.0,16.1,57.0,98.0,8.5,450.0
2025-04-25 12:00:00,0.0,16.9,53.0,87.0,9.2,627.0
2025-04-25 13:00:00,0.0,17.6,47.0,64.0,10.4,731.0
2025-04-25 14:00:00,0.0,17.7,46.0,51.0,12.4,739.0
2025-04-25 15:00:00,0.0,17.8,45.0,28.0,12.3,737.0
2025-04-25 16:00:00,0.0,17.4,48.0,91.0,13.2,662.0
2025-04-25 17:00:00,0.0,16.0,59.0,19.0,13.3,316.0
2025-04-25 18:00:00,0.0,15.4,55.0,86.0,10.5,242.0
2025-04-25 19:00:00,0.0,15.0,56.0,6.0,7.7,83.0
2025-04-25 20:00:00,0.0,14.3,61.0,30.0,7.2,6.0
2025-04-25 21:00:00,0.0,14.2,63.0,42.0,6.1,0.0
2025-04-25 22:00:00,0.0,13.8,64.0,49.0,4.0,0.0
2025-04-25 23:00:00,0.0,13.6,66.0,53.0,5.6,0.0
2025-04-26 00:00:00,0.0,13.2,69.0,73.0,6.0,0.0
2025-04-26 01:00:00,0.0,13.0,70.0,77.0,4.9,0.0
2025-04-26 02:00:00,0.0,12.8,71.0,57.0,1.9,0.0
2025-04-26 03:00:00,0.0,12.3,75.0,53.0,2.4,0.0
2025-04-26 04:00:00,0.0,12.2,76.0,54.0,5.0,0.0
2025-04-26 05:00:00,0.1,12.0,78.0,31.0,3.8,0.0
2025-04-26 06:00:00,0.1,12.2,81.0,56.0,2.0,0.0
2025-04-26 07:00:00,0.2,12.1,83.0,44.0,2.3,28.0
2025-04-26 08:00:00,0.1,13.2,76.0,11.0,4.4,179.0
2025-04-26 09:00:00,0.1,14.7,66.0,13.0,5.6,405.0
2025-04-26 10:00:00,0.1,16.2,57.0,82.0,10.8,582.0
2025-04-26 11:00:00,0.0,16.5,53.0,100.0,15.6,530.0
2025-04-26 12:00:00,0.0,16.3,54.0,100.0,17.6,393.0
2025-04-26 13:00:00,0.0,15.7,61.0,90.0,18.8,375.0
2025-04-26 14:00:00,1.4,14.8,71.0,73.0,19.8,448.0
2025-04-26 15:00:00,3.4,15.1,77.0,40.0,15.3,584.0
2025-04-26 16:00:00,0.1,15.7,66.0,14.0,15.3,579.0
2025-04-26 17:00:00,0.1,15.7,62.0,30.0,16.4,521.0
